{"type":"FeatureCollection","source":"https://data.storage.data.metro.tokyo.lg.jp/toshiseibi/02_gairoju.zip","note":"東京都都市整備局「緑のオープンデータ（GISデータ）」街路樹（多摩部都道、区市町村道）のうち23区ぶん","fetchedAt":"2026-09-20T05:51:14.725Z","features":[{"type":"Feature","geometry":{"type":"LineString","coordinates":[[139.755674,35.669487],[139.758031,35.668764]]},"properties":{"ward":"千代田区","species":["アオギリ","ヤマモモ"],"count":31,"route":"特別区道千港1号","alias":"","manager":"千代田区"}},{"type":"Feature","geometry":{"type":"LineString","coordinates":[[139.732077,35.688077],[139.735374,35.689377]]},"properties":{"ward":"千代田区","species":["アキニレ","ノムラモミジほか"],"count":54,"route":"特別区道千第192号","alias":"","manager":"千代田区"}},{"type":"Feature","geometry":{"type":"LineString","coordinates":[[139.747629,35.700911],[139.747823,35.701631]]},"properties":{"ward":"千代田区","species":["アメリカフウ"],"count":14,"route":"特別区道千第291号","alias":"","manager":"千代田区"}},{"type":"Feature","geometry":{"type":"LineString","coordinates":[[139.750324,35.69984],[139.751075,35.698548]]},"properties":{"ward":"千代田区","species":["アメリカフウ","タイワンフウ"],"count":77,"route":"特別区道千第289号","alias":"","manager":"千代田区"}},{"type":"Feature","geometry":{"type":"LineString","coordinates":[[139.746104,35.70191],[139.747823,35.701631],[139.749842,35.699667]]},"properties":{"ward":"千代田区","species":["アメリカフウ","タイワンフウ"],"count":77,"route":"特別区道千第289号","alias":"","manager":"千代田区"}},{"type":"Feature","geometry":{"type":"LineString","coordinates":[[139.748675,35.696346],[139.748829,35.695823],[139.748662,35.695498]]},"properties":{"ward":"千代田区","species":["イチョウ"],"count":4,"route":"特別区道千第271号","alias":"","manager":"千代田区"}},{"type":"Feature","geometry":{"type":"LineString","coordinates":[[139.738498,35.678842],[139.73842,35.679537]]},"properties":{"ward":"千代田区","species":["イチョウ"],"count":9,"route":"特別区道千第180号","alias":"","manager":"千代田区"}},{"type":"Feature","geometry":{"type":"LineString","coordinates":[[139.737019,35.683733],[139.736996,35.682993]]},"properties":{"ward":"千代田区","species":["イチョウ"],"count":9,"route":"特別区道千第193号","alias":"","manager":"千代田区"}},{"type":"Feature","geometry":{"type":"LineString","coordinates":[[139.767786,35.684542],[139.768406,35.686277]]},"properties":{"ward":"千代田区","species":["イチョウ"],"count":14,"route":"特別区道千第108号","alias":"","manager":"千代田区"}},{"type":"Feature","geometry":{"type":"LineString","coordinates":[[139.780563,35.700162],[139.780146,35.697737]]},"properties":{"ward":"千代田区","species":["イチョウ"],"count":18,"route":"特別区道千台2号","alias":"","manager":"千代田区"}},{"type":"Feature","geometry":{"type":"LineString","coordinates":[[139.761659,35.679803],[139.763707,35.67935]]},"properties":{"ward":"千代田区","species":["イチョウ"],"count":33,"route":"特別区道千第113号","alias":"","manager":"千代田区"}},{"type":"Feature","geometry":{"type":"LineString","coordinates":[[139.761491,35.68842],[139.76374,35.688234]]},"properties":{"ward":"千代田区","species":["イチョウ"],"count":34,"route":"特別区道千第102号","alias":"","manager":"千代田区"}},{"type":"Feature","geometry":{"type":"LineString","coordinates":[[139.750055,35.671224],[139.751826,35.670624]]},"properties":{"ward":"千代田区","species":["イチョウ"],"count":34,"route":"特別区道千第147号","alias":"","manager":"千代田区"}},{"type":"Feature","geometry":{"type":"LineString","coordinates":[[139.760181,35.675543],[139.762302,35.675061]]},"properties":{"ward":"千代田区","species":["イチョウ"],"count":43,"route":"特別区道千第117号","alias":"","manager":"千代田区"}},{"type":"Feature","geometry":{"type":"LineString","coordinates":[[139.747146,35.672693],[139.747713,35.672319],[139.749619,35.671653]]},"properties":{"ward":"千代田区","species":["イチョウ"],"count":52,"route":"特別区道千第148号","alias":"","manager":"千代田区"}},{"type":"Feature","geometry":{"type":"LineString","coordinates":[[139.781137,35.693565],[139.780111,35.694476],[139.780004,35.694709],[139.780029,35.696428],[139.780146,35.697737]]},"properties":{"ward":"千代田区","species":["イチョウ","カクレミノほか"],"count":51,"route":"特別区道千第789号","alias":"","manager":"千代田区"}},{"type":"Feature","geometry":{"type":"LineString","coordinates":[[139.761929,35.687205],[139.766197,35.686509],[139.768865,35.686227],[139.76925,35.686101],[139.770428,35.685404]]},"properties":{"ward":"千代田区","species":["イチョウ","クマシデほか"],"count":136,"route":"特別区道千第104号","alias":"","manager":"千代田区"}},{"type":"Feature","geometry":{"type":"LineString","coordinates":[[139.768119,35.70289],[139.769608,35.702975],[139.771765,35.702962],[139.772978,35.702867]]},"properties":{"ward":"千代田区","species":["イチョウ","スズカケノキほか"],"count":54,"route":"特別区道千第638号","alias":"","manager":"千代田区"}},{"type":"Feature","geometry":{"type":"LineString","coordinates":[[139.762267,35.697773],[139.761721,35.696826],[139.761323,35.695445],[139.76096,35.691654],[139.760882,35.689845]]},"properties":{"ward":"千代田区","species":["イチョウ","スズカケノキほか"],"count":112,"route":"特別区道千第101号","alias":"","manager":"千代田区"}},{"type":"Feature","geometry":{"type":"LineString","coordinates":[[139.768631,35.689365],[139.769981,35.69035],[139.774769,35.691715],[139.778095,35.693032],[139.780111,35.694476]]},"properties":{"ward":"千代田区","species":["イチョウ","スズカケノキほか"],"count":145,"route":"特別区道千第619号","alias":"","manager":"千代田区"}},{"type":"Feature","geometry":{"type":"LineString","coordinates":[[139.756948,35.692965],[139.758786,35.692841],[139.761077,35.692921],[139.76763,35.692193],[139.778263,35.695084]]},"properties":{"ward":"千代田区","species":["イチョウ","スズカケノキほか"],"count":250,"route":"特別区道千第389号","alias":"","manager":"千代田区"}},{"type":"Feature","geometry":{"type":"LineString","coordinates":[[139.762267,35.697773],[139.765367,35.696682]]},"properties":{"ward":"千代田区","species":["イチョウ","トウカエデ"],"count":47,"route":"特別区道千第445号","alias":"","manager":"千代田区"}},{"type":"Feature","geometry":{"type":"LineString","coordinates":[[139.776057,35.69521],[139.777538,35.691872]]},"properties":{"ward":"千代田区","species":["イチョウ","ビワ"],"count":48,"route":"特別区道千第792号","alias":"","manager":"千代田区"}},{"type":"Feature","geometry":{"type":"LineString","coordinates":[[139.762727,35.674998],[139.76362,35.675632]]},"properties":{"ward":"千代田区","species":["イチョウ","ベニバナトチノキ"],"count":20,"route":"特別区道千第121号","alias":"","manager":"千代田区"}},{"type":"Feature","geometry":{"type":"LineString","coordinates":[[139.761309,35.673759],[139.762129,35.674479]]},"properties":{"ward":"千代田区","species":["イチョウ","ベニバナトチノキ"],"count":20,"route":"特別区道千第121号","alias":"","manager":"千代田区"}},{"type":"Feature","geometry":{"type":"LineString","coordinates":[[139.768299,35.697786],[139.766961,35.698193]]},"properties":{"ward":"千代田区","species":["イヌマキ","イロハモミジほか"],"count":16,"route":"特別区道千第508号","alias":"","manager":"千代田区"}},{"type":"Feature","geometry":{"type":"LineString","coordinates":[[139.766533,35.685958],[139.766594,35.686465]]},"properties":{"ward":"千代田区","species":["ウラジロガシ"],"count":7,"route":"特別区道千第106号","alias":"","manager":"千代田区"}},{"type":"Feature","geometry":{"type":"LineString","coordinates":[[139.764752,35.699352],[139.763382,35.696609],[139.763496,35.69458]]},"properties":{"ward":"千代田区","species":["エゴノキ","ヤマボウシほか"],"count":89,"route":"特別区道千第453号","alias":"","manager":"千代田区"}},{"type":"Feature","geometry":{"type":"LineString","coordinates":[[139.762727,35.675847],[139.76362,35.675632]]},"properties":{"ward":"千代田区","species":["エンジュ"],"count":16,"route":"特別区道千第120号","alias":"","manager":"千代田区"}},{"type":"Feature","geometry":{"type":"LineString","coordinates":[[139.76049,35.676348],[139.762727,35.675847]]},"properties":{"ward":"千代田区","species":["エンジュ"],"count":38,"route":"特別区道千第116号","alias":"","manager":"千代田区"}},{"type":"Feature","geometry":{"type":"LineString","coordinates":[[139.770577,35.691735],[139.770656,35.691981]]},"properties":{"ward":"千代田区","species":["オウゴンモチ"],"count":2,"route":"特別区道千第625号","alias":"","manager":"千代田区"}},{"type":"Feature","geometry":{"type":"LineString","coordinates":[[139.775796,35.69881],[139.780294,35.698649]]},"properties":{"ward":"千代田区","species":["オウゴンモチ","ヤマボウシ"],"count":34,"route":"特別区道千第758号","alias":"","manager":"千代田区"}},{"type":"Feature","geometry":{"type":"LineString","coordinates":[[139.765524,35.699234],[139.765996,35.699171],[139.767354,35.698775],[139.768003,35.698497],[139.768682,35.69809]]},"properties":{"ward":"千代田区","species":["オウゴンモチ","ヤマボウシほか"],"count":51,"route":"特別区道千第507号","alias":"","manager":"千代田区"}},{"type":"Feature","geometry":{"type":"LineString","coordinates":[[139.766372,35.697228],[139.76758,35.69678]]},"properties":{"ward":"千代田区","species":["オカメザクラ","クロガネモチほか"],"count":19,"route":"特別区道千第512号","alias":"","manager":"千代田区"}},{"type":"Feature","geometry":{"type":"LineString","coordinates":[[139.752659,35.695315],[139.752946,35.694794],[139.753403,35.694411]]},"properties":{"ward":"千代田区","species":["カツラ"],"count":13,"route":"特別区道千第312号","alias":"","manager":"千代田区"}},{"type":"Feature","geometry":{"type":"LineString","coordinates":[[139.756991,35.669083],[139.757489,35.670043]]},"properties":{"ward":"千代田区","species":["クスノキ"],"count":19,"route":"特別区道千第143号","alias":"","manager":"千代田区"}},{"type":"Feature","geometry":{"type":"LineString","coordinates":[[139.751829,35.674631],[139.753741,35.673814]]},"properties":{"ward":"千代田区","species":["クスノキ"],"count":59,"route":"特別区道千第145号","alias":"","manager":"千代田区"}},{"type":"Feature","geometry":{"type":"LineString","coordinates":[[139.764075,35.687531],[139.76618,35.687309]]},"properties":{"ward":"千代田区","species":["クロガネモチ"],"count":36,"route":"特別区道千第103号","alias":"","manager":"千代田区"}},{"type":"Feature","geometry":{"type":"LineString","coordinates":[[139.758791,35.69388],[139.76114,35.693867]]},"properties":{"ward":"千代田区","species":["ケヤキ"],"count":39,"route":"特別区道千第469号","alias":"","manager":"千代田区"}},{"type":"Feature","geometry":{"type":"LineString","coordinates":[[139.758677,35.694589],[139.761227,35.694633]]},"properties":{"ward":"千代田区","species":["ケヤキ"],"count":42,"route":"特別区道千第466号","alias":"","manager":"千代田区"}},{"type":"Feature","geometry":{"type":"LineString","coordinates":[[139.774223,35.698636],[139.77389,35.697547]]},"properties":{"ward":"千代田区","species":["ケヤキ","アマノガワ"],"count":46,"route":"特別区道千第841号","alias":"","manager":"千代田区"}},{"type":"Feature","geometry":{"type":"LineString","coordinates":[[139.773885,35.699045],[139.773841,35.69868],[139.774223,35.698636]]},"properties":{"ward":"千代田区","species":["ケヤキ","アマノガワ"],"count":46,"route":"特別区道千第841号","alias":"","manager":"千代田区"}},{"type":"Feature","geometry":{"type":"LineString","coordinates":[[139.77444,35.701625],[139.774503,35.700661],[139.774223,35.698636]]},"properties":{"ward":"千代田区","species":["ケヤキ","アマノガワ"],"count":46,"route":"特別区道千第841号","alias":"","manager":"千代田区"}},{"type":"Feature","geometry":{"type":"LineString","coordinates":[[139.734862,35.682254],[139.736131,35.679559],[139.736239,35.679053]]},"properties":{"ward":"千代田区","species":["サトザクラ"],"count":65,"route":"特別区道千第189号","alias":"","manager":"千代田区"}},{"type":"Feature","geometry":{"type":"LineString","coordinates":[[139.739346,35.673704],[139.739587,35.673941],[139.739185,35.674143],[139.739033,35.674302],[139.738871,35.674756],[139.738907,35.675238],[139.739099,35.675492],[139.739501,35.67554],[139.740088,35.675449],[139.740953,35.675113]]},"properties":{"ward":"千代田区","species":["サトザクラ","ソメイヨシノほか"],"count":70,"route":"特別区道千第832号","alias":"","manager":"千代田区"}},{"type":"Feature","geometry":{"type":"LineString","coordinates":[[139.75036,35.698196],[139.754451,35.697607]]},"properties":{"ward":"千代田区","species":["サラサモクレン","カツラほか"],"count":44,"route":"特別区道千第303号","alias":"","manager":"千代田区"}},{"type":"Feature","geometry":{"type":"LineString","coordinates":[[139.77327,35.701725],[139.772924,35.699534]]},"properties":{"ward":"千代田区","species":["サルスベリ","マグノリア"],"count":45,"route":"特別区道千第711号","alias":"","manager":"千代田区"}},{"type":"Feature","geometry":{"type":"LineString","coordinates":[[139.760936,35.67423],[139.761549,35.676111]]},"properties":{"ward":"千代田区","species":["シナノキ","ケヤキ"],"count":34,"route":"特別区道千第119号","alias":"","manager":"千代田区"}},{"type":"Feature","geometry":{"type":"LineString","coordinates":[[139.771895,35.701856],[139.77327,35.701725]]},"properties":{"ward":"千代田区","species":["シラカシ","ケヤキ"],"count":26,"route":"特別区道千第694号","alias":"","manager":"千代田区"}},{"type":"Feature","geometry":{"type":"LineString","coordinates":[[139.774334,35.699433],[139.775216,35.699373]]},"properties":{"ward":"千代田区","species":["シラカシ","ケヤキほか"],"count":38,"route":"特別区道千第698号","alias":"","manager":"千代田区"}},{"type":"Feature","geometry":{"type":"LineString","coordinates":[[139.771353,35.699676],[139.772924,35.699534]]},"properties":{"ward":"千代田区","species":["シラカシ","ケヤキほか"],"count":38,"route":"特別区道千第698号","alias":"","manager":"千代田区"}},{"type":"Feature","geometry":{"type":"LineString","coordinates":[[139.772978,35.702867],[139.773712,35.702795]]},"properties":{"ward":"千代田区","species":["スズカケノキ"],"count":1,"route":"特別区道千台5号","alias":"","manager":"千代田区"}},{"type":"Feature","geometry":{"type":"LineString","coordinates":[[139.758383,35.699242],[139.758159,35.699117]]},"properties":{"ward":"千代田区","species":["スズカケノキ"],"count":1,"route":"特別区道千第409号","alias":"","manager":"千代田区"}},{"type":"Feature","geometry":{"type":"LineString","coordinates":[[139.76899,35.696121],[139.770569,35.696745],[139.770858,35.696792]]},"properties":{"ward":"千代田区","species":["スズカケノキ"],"count":5,"route":"特別区道千第575号","alias":"","manager":"千代田区"}},{"type":"Feature","geometry":{"type":"LineString","coordinates":[[139.775842,35.700549],[139.780563,35.700162]]},"properties":{"ward":"千代田区","species":["スズカケノキ"],"count":21,"route":"特別区道千台3号","alias":"","manager":"千代田区"}},{"type":"Feature","geometry":{"type":"LineString","coordinates":[[139.768682,35.69809],[139.769483,35.697404],[139.769961,35.695984]]},"properties":{"ward":"千代田区","species":["スズカケノキ","イチョウ"],"count":41,"route":"特別区道千第561号","alias":"","manager":"千代田区"}},{"type":"Feature","geometry":{"type":"LineString","coordinates":[[139.758013,35.691779],[139.758185,35.691654],[139.758658,35.691585]]},"properties":{"ward":"千代田区","species":["スズカケノキ","イチョウほか"],"count":13,"route":"特別区道千第387号","alias":"","manager":"千代田区"}},{"type":"Feature","geometry":{"type":"LineString","coordinates":[[139.756202,35.692334],[139.756282,35.693029],[139.755897,35.693966],[139.755723,35.695223],[139.751912,35.702252]]},"properties":{"ward":"千代田区","species":["スズカケノキ","エンジュほか"],"count":143,"route":"特別区道千第319号","alias":"","manager":"千代田区"}},{"type":"Feature","geometry":{"type":"LineString","coordinates":[[139.756116,35.670661],[139.758481,35.669647]]},"properties":{"ward":"千代田区","species":["スズカケノキ","トウカエデ"],"count":42,"route":"特別区道千第141号","alias":"","manager":"千代田区"}},{"type":"Feature","geometry":{"type":"LineString","coordinates":[[139.761721,35.696826],[139.763391,35.696217],[139.764838,35.696133]]},"properties":{"ward":"千代田区","species":["スルガダイニオイ","トウカエデほか"],"count":37,"route":"特別区道千第447号","alias":"","manager":"千代田区"}},{"type":"Feature","geometry":{"type":"LineString","coordinates":[[139.750529,35.702393],[139.750458,35.701515],[139.751936,35.698815]]},"properties":{"ward":"千代田区","species":["ソメイヨシノ","ヤマザクラ"],"count":37,"route":"特別区道千第840号","alias":"","manager":"千代田区"}},{"type":"Feature","geometry":{"type":"LineString","coordinates":[[139.782683,35.696167],[139.781743,35.696299]]},"properties":{"ward":"千代田区","species":["トウカエデ"],"count":5,"route":"特別区道千中2号","alias":"","manager":"千代田区"}},{"type":"Feature","geometry":{"type":"LineString","coordinates":[[139.752922,35.696048],[139.752625,35.697851]]},"properties":{"ward":"千代田区","species":["トウカエデ"],"count":6,"route":"特別区道千第317号","alias":"","manager":"千代田区"}},{"type":"Feature","geometry":{"type":"LineString","coordinates":[[139.751011,35.696636],[139.752374,35.696857]]},"properties":{"ward":"千代田区","species":["トウカエデ"],"count":10,"route":"特別区道千第307号","alias":"","manager":"千代田区"}},{"type":"Feature","geometry":{"type":"LineString","coordinates":[[139.753055,35.695381],[139.753331,35.69493],[139.754017,35.694425],[139.755897,35.693966]]},"properties":{"ward":"千代田区","species":["トウカエデ"],"count":13,"route":"特別区道千第367号","alias":"","manager":"千代田区"}},{"type":"Feature","geometry":{"type":"LineString","coordinates":[[139.743561,35.688141],[139.744071,35.688287],[139.744988,35.688163]]},"properties":{"ward":"千代田区","species":["トウカエデ"],"count":24,"route":"特別区道千第228号","alias":"","manager":"千代田区"}},{"type":"Feature","geometry":{"type":"LineString","coordinates":[[139.762877,35.683494],[139.764961,35.683045]]},"properties":{"ward":"千代田区","species":["トウカエデ"],"count":25,"route":"特別区道千第110号","alias":"","manager":"千代田区"}},{"type":"Feature","geometry":{"type":"LineString","coordinates":[[139.760809,35.677354],[139.76293,35.6769]]},"properties":{"ward":"千代田区","species":["トウカエデ"],"count":28,"route":"特別区道千第115号","alias":"","manager":"千代田区"}},{"type":"Feature","geometry":{"type":"LineString","coordinates":[[139.748675,35.696346],[139.751011,35.696636]]},"properties":{"ward":"千代田区","species":["トウカエデ"],"count":31,"route":"特別区道千第272号","alias":"","manager":"千代田区"}},{"type":"Feature","geometry":{"type":"LineString","coordinates":[[139.756752,35.701357],[139.757116,35.700142],[139.758833,35.698391],[139.759799,35.696981],[139.760431,35.696215]]},"properties":{"ward":"千代田区","species":["トウカエデ"],"count":94,"route":"特別区道千第394号","alias":"","manager":"千代田区"}},{"type":"Feature","geometry":{"type":"LineString","coordinates":[[139.737257,35.684972],[139.737956,35.685148],[139.73892,35.686059],[139.741117,35.687025],[139.742023,35.687219],[139.743561,35.688141]]},"properties":{"ward":"千代田区","species":["トウカエデ"],"count":98,"route":"特別区道千第207号","alias":"","manager":"千代田区"}},{"type":"Feature","geometry":{"type":"LineString","coordinates":[[139.759213,35.690987],[139.76052,35.691021],[139.76091,35.690936]]},"properties":{"ward":"千代田区","species":["トウカエデ","アマノガワほか"],"count":45,"route":"特別区道千第477号","alias":"","manager":"千代田区"}},{"type":"Feature","geometry":{"type":"LineString","coordinates":[[139.768233,35.699213],[139.768426,35.699687]]},"properties":{"ward":"千代田区","species":["トウカエデ","イチョウ"],"count":9,"route":"特別区道千第647号","alias":"","manager":"千代田区"}},{"type":"Feature","geometry":{"type":"LineString","coordinates":[[139.743896,35.693224],[139.743522,35.69148],[139.741827,35.687137],[139.741479,35.684219],[139.74183,35.682659],[139.741918,35.680212],[139.74212,35.679928],[139.74292,35.679571]]},"properties":{"ward":"千代田区","species":["トウカエデ","エンジュほか"],"count":257,"route":"特別区道千第166号","alias":"","manager":"千代田区"}},{"type":"Feature","geometry":{"type":"LineString","coordinates":[[139.756958,35.700672],[139.757747,35.700558],[139.758568,35.699672],[139.759676,35.698901],[139.760032,35.698517],[139.760217,35.697885],[139.760201,35.697705],[139.759799,35.696981]]},"properties":{"ward":"千代田区","species":["トウカエデ","カクレミノ"],"count":88,"route":"特別区道千第395号","alias":"","manager":"千代田区"}},{"type":"Feature","geometry":{"type":"LineString","coordinates":[[139.762002,35.680855],[139.764075,35.680394]]},"properties":{"ward":"千代田区","species":["トウカエデ","ケヤキ"],"count":35,"route":"特別区道千第112号","alias":"","manager":"千代田区"}},{"type":"Feature","geometry":{"type":"LineString","coordinates":[[139.755605,35.701632],[139.758005,35.701145],[139.759157,35.701135],[139.759685,35.701016],[139.763311,35.699776],[139.76471,35.699358],[139.765524,35.699234]]},"properties":{"ward":"千代田区","species":["トウカエデ","トチノキほか"],"count":110,"route":"特別区道千第390号","alias":"","manager":"千代田区"}},{"type":"Feature","geometry":{"type":"LineString","coordinates":[[139.781743,35.696299],[139.780029,35.696428],[139.773189,35.69659],[139.770858,35.696792]]},"properties":{"ward":"千代田区","species":["トウカエデ","ハナミズキほか"],"count":103,"route":"特別区道千第719号","alias":"","manager":"千代田区"}},{"type":"Feature","geometry":{"type":"LineString","coordinates":[[139.739645,35.689679],[139.741848,35.690368],[139.743014,35.690497],[139.743711,35.690382],[139.74421,35.689963],[139.745393,35.689851]]},"properties":{"ward":"千代田区","species":["トウカエデ","フサアカシア"],"count":81,"route":"特別区道千第212号","alias":"","manager":"千代田区"}},{"type":"Feature","geometry":{"type":"LineString","coordinates":[[139.758287,35.701124],[139.759032,35.700352],[139.759907,35.699767],[139.762659,35.698816]]},"properties":{"ward":"千代田区","species":["トチノキ"],"count":80,"route":"特別区道千第404号","alias":"","manager":"千代田区"}},{"type":"Feature","geometry":{"type":"LineString","coordinates":[[139.758259,35.695305],[139.761323,35.695445]]},"properties":{"ward":"千代田区","species":["トチノキ","アラカシ"],"count":22,"route":"特別区道千第463号","alias":"","manager":"千代田区"}},{"type":"Feature","geometry":{"type":"LineString","coordinates":[[139.735778,35.690686],[139.735374,35.689377],[139.737608,35.684167]]},"properties":{"ward":"千代田区","species":["ナツツバキ","イチョウ"],"count":185,"route":"特別区道千第220号","alias":"","manager":"千代田区"}},{"type":"Feature","geometry":{"type":"LineString","coordinates":[[139.738158,35.683725],[139.738306,35.680898]]},"properties":{"ward":"千代田区","species":["ナツツバキ","イチョウ"],"count":185,"route":"特別区道千第220号","alias":"","manager":"千代田区"}},{"type":"Feature","geometry":{"type":"LineString","coordinates":[[139.73842,35.679537],[139.739793,35.679714]]},"properties":{"ward":"千代田区","species":["ナツツバキ","イチョウ"],"count":185,"route":"特別区道千第220号","alias":"","manager":"千代田区"}},{"type":"Feature","geometry":{"type":"LineString","coordinates":[[139.765367,35.696682],[139.766027,35.696591],[139.767273,35.696029]]},"properties":{"ward":"千代田区","species":["ノムラモミジ","イチョウほか"],"count":35,"route":"特別区道千第513号","alias":"","manager":"千代田区"}},{"type":"Feature","geometry":{"type":"LineString","coordinates":[[139.782829,35.697495],[139.782779,35.696984]]},"properties":{"ward":"千代田区","species":["ハナミズキ"],"count":2,"route":"特別区道千中台1号","alias":"","manager":"千代田区"}},{"type":"Feature","geometry":{"type":"LineString","coordinates":[[139.762713,35.673136],[139.762825,35.673166]]},"properties":{"ward":"千代田区","species":["ハナミズキ"],"count":4,"route":"特別区道千第129号","alias":"","manager":"千代田区"}},{"type":"Feature","geometry":{"type":"LineString","coordinates":[[139.761381,35.672709],[139.762083,35.672918]]},"properties":{"ward":"千代田区","species":["ハナミズキ"],"count":4,"route":"特別区道千第129号","alias":"","manager":"千代田区"}},{"type":"Feature","geometry":{"type":"LineString","coordinates":[[139.774436,35.701621],[139.775373,35.701554]]},"properties":{"ward":"千代田区","species":["ハナミズキ"],"count":12,"route":"特別区道千台4号","alias":"","manager":"千代田区"}},{"type":"Feature","geometry":{"type":"LineString","coordinates":[[139.742725,35.68469],[139.741525,35.684775]]},"properties":{"ward":"千代田区","species":["ハナミズキ"],"count":12,"route":"特別区道千第205号","alias":"","manager":"千代田区"}},{"type":"Feature","geometry":{"type":"LineString","coordinates":[[139.750324,35.69984],[139.751198,35.700138]]},"properties":{"ward":"千代田区","species":["ハナミズキ"],"count":20,"route":"特別区道千第301号","alias":"","manager":"千代田区"}},{"type":"Feature","geometry":{"type":"LineString","coordinates":[[139.745012,35.69607],[139.747264,35.69656]]},"properties":{"ward":"千代田区","species":["ハナミズキ","サルスベリほか"],"count":41,"route":"特別区道千第260号","alias":"","manager":"千代田区"}},{"type":"Feature","geometry":{"type":"LineString","coordinates":[[139.760004,35.672214],[139.760487,35.672927],[139.761309,35.673759]]},"properties":{"ward":"千代田区","species":["ハナミズキ","スズカケノキ"],"count":28,"route":"特別区道千第140号","alias":"","manager":"千代田区"}},{"type":"Feature","geometry":{"type":"LineString","coordinates":[[139.758031,35.668764],[139.758481,35.669647]]},"properties":{"ward":"千代田区","species":["ハナミズキ","スズカケノキ"],"count":28,"route":"特別区道千第140号","alias":"","manager":"千代田区"}},{"type":"Feature","geometry":{"type":"LineString","coordinates":[[139.748859,35.701484],[139.749772,35.701309],[139.749976,35.701316],[139.750458,35.701515]]},"properties":{"ward":"千代田区","species":["ハナミズキ","ホワイトラブ"],"count":35,"route":"特別区道千第839号","alias":"","manager":"千代田区"}},{"type":"Feature","geometry":{"type":"LineString","coordinates":[[139.76362,35.675632],[139.764475,35.676327],[139.764782,35.676718],[139.765139,35.677439]]},"properties":{"ward":"千代田区","species":["ベニバナトチノキ"],"count":28,"route":"特別区道千第830号","alias":"","manager":"千代田区"}},{"type":"Feature","geometry":{"type":"LineString","coordinates":[[139.746161,35.670502],[139.746412,35.671151],[139.747514,35.672425]]},"properties":{"ward":"千代田区","species":["ベニバナトチノキ","ハナミズキほか"],"count":48,"route":"特別区道千第821号","alias":"","manager":"千代田区"}},{"type":"Feature","geometry":{"type":"LineString","coordinates":[[139.771453,35.69756],[139.77518,35.697524]]},"properties":{"ward":"千代田区","species":["マグノリア"],"count":20,"route":"特別区道千第715号","alias":"","manager":"千代田区"}},{"type":"Feature","geometry":{"type":"LineString","coordinates":[[139.75313,35.69896],[139.753537,35.698212]]},"properties":{"ward":"千代田区","species":["マテバシイ"],"count":2,"route":"特別区道千第340号","alias":"","manager":"千代田区"}},{"type":"Feature","geometry":{"type":"LineString","coordinates":[[139.74482,35.688951],[139.745043,35.689016]]},"properties":{"ward":"千代田区","species":["ムサシノケヤキ","ヤマザクラ"],"count":6,"route":"特別区道千第230号","alias":"","manager":"千代田区"}},{"type":"Feature","geometry":{"type":"LineString","coordinates":[[139.771778,35.700956],[139.772188,35.700928]]},"properties":{"ward":"千代田区","species":["モチノキ"],"count":9,"route":"特別区道千第696号","alias":"","manager":"千代田区"}},{"type":"Feature","geometry":{"type":"LineString","coordinates":[[139.772024,35.69959],[139.772297,35.701818]]},"properties":{"ward":"千代田区","species":["モチノキ"],"count":18,"route":"特別区道千第691号","alias":"","manager":"千代田区"}},{"type":"Feature","geometry":{"type":"LineString","coordinates":[[139.766961,35.698193],[139.766372,35.697228]]},"properties":{"ward":"千代田区","species":["モチノキ","クロガネモチ"],"count":21,"route":"特別区道千第514号","alias":"","manager":"千代田区"}},{"type":"Feature","geometry":{"type":"LineString","coordinates":[[139.763628,35.674644],[139.764471,35.674493]]},"properties":{"ward":"千代田区","species":["ヤマザクラ"],"count":14,"route":"特別区道千第123号","alias":"","manager":"千代田区"}},{"type":"Feature","geometry":{"type":"LineString","coordinates":[[139.763628,35.674644],[139.763648,35.674788],[139.764418,35.675438],[139.76548,35.675212]]},"properties":{"ward":"千代田区","species":["ヤマザクラ","ケヤキ"],"count":17,"route":"特別区道千第122号","alias":"","manager":"千代田区"}},{"type":"Feature","geometry":{"type":"LineString","coordinates":[[139.746475,35.687977],[139.748282,35.688164],[139.748874,35.688333],[139.749819,35.688737],[139.751232,35.689519],[139.751606,35.689624],[139.752185,35.689592],[139.752867,35.689353],[139.753151,35.689375],[139.75441,35.68998],[139.755621,35.690448]]},"properties":{"ward":"千代田区","species":["ヤマザクラ","ソメイヨシノほか"],"count":184,"route":"特別区道千第229号","alias":"","manager":"千代田区"}},{"type":"Feature","geometry":{"type":"LineString","coordinates":[[139.742236,35.682426],[139.742241,35.683368]]},"properties":{"ward":"千代田区","species":["ヤマボウシ"],"count":9,"route":"特別区道千第171号","alias":"","manager":"千代田区"}},{"type":"Feature","geometry":{"type":"LineString","coordinates":[[139.776407,35.696505],[139.776685,35.695504]]},"properties":{"ward":"千代田区","species":["ヤマボウシ"],"count":13,"route":"特別区道千第782号","alias":"","manager":"千代田区"}},{"type":"Feature","geometry":{"type":"LineString","coordinates":[[139.763933,35.694143],[139.763675,35.692583]]},"properties":{"ward":"千代田区","species":["ヤマボウシ"],"count":21,"route":"特別区道千第503号","alias":"","manager":"千代田区"}},{"type":"Feature","geometry":{"type":"LineString","coordinates":[[139.762842,35.69426],[139.762553,35.692729]]},"properties":{"ward":"千代田区","species":["ヤマボウシ"],"count":22,"route":"特別区道千第495号","alias":"","manager":"千代田区"}},{"type":"Feature","geometry":{"type":"LineString","coordinates":[[139.776685,35.695504],[139.777138,35.694213],[139.77798,35.693152],[139.778621,35.692501]]},"properties":{"ward":"千代田区","species":["ヤマボウシ"],"count":29,"route":"特別区道千第795号","alias":"","manager":"千代田区"}},{"type":"Feature","geometry":{"type":"LineString","coordinates":[[139.742252,35.688205],[139.742714,35.688355]]},"properties":{"ward":"千代田区","species":["ヤマボウシ","エンジュ"],"count":13,"route":"特別区道千第209号","alias":"","manager":"千代田区"}},{"type":"Feature","geometry":{"type":"LineString","coordinates":[[139.736733,35.686198],[139.738403,35.686875]]},"properties":{"ward":"千代田区","species":["ヤマボウシ","エンジュ"],"count":13,"route":"特別区道千第209号","alias":"","manager":"千代田区"}},{"type":"Feature","geometry":{"type":"LineString","coordinates":[[139.755723,35.695223],[139.758259,35.695305]]},"properties":{"ward":"千代田区","species":["ヤマボウシ","オカメザクラ"],"count":21,"route":"特別区道千第370号","alias":"","manager":"千代田区"}},{"type":"Feature","geometry":{"type":"LineString","coordinates":[[139.744025,35.699832],[139.745314,35.699038],[139.746885,35.697335],[139.747264,35.69656],[139.748215,35.695728],[139.748662,35.695498]]},"properties":{"ward":"千代田区","species":["ヤマボウシ","カクレミノほか"],"count":90,"route":"特別区道千第270号","alias":"","manager":"千代田区"}},{"type":"Feature","geometry":{"type":"LineString","coordinates":[[139.742349,35.698074],[139.744167,35.700001],[139.744619,35.701114],[139.745462,35.701834]]},"properties":{"ward":"千代田区","species":["ヤマボウシ","コヒガンザクラほか"],"count":75,"route":"特別区道千第255号","alias":"","manager":"千代田区"}},{"type":"Feature","geometry":{"type":"LineString","coordinates":[[139.740576,35.695774],[139.740062,35.69496]]},"properties":{"ward":"千代田区","species":["ヤマボウシ","コヒガンザクラほか"],"count":75,"route":"特別区道千第255号","alias":"","manager":"千代田区"}},{"type":"Feature","geometry":{"type":"LineString","coordinates":[[139.768599,35.695604],[139.77068,35.690529]]},"properties":{"ward":"千代田区","species":["ヤマボウシ","スズカケノキほか"],"count":63,"route":"特別区道千第578号","alias":"","manager":"千代田区"}},{"type":"Feature","geometry":{"type":"LineString","coordinates":[[139.742269,35.681789],[139.742236,35.682426],[139.743183,35.682652],[139.74396,35.682728]]},"properties":{"ward":"千代田区","species":["ヤマボウシ","ヤマザクラ"],"count":18,"route":"特別区道千第169号","alias":"","manager":"千代田区"}},{"type":"Feature","geometry":{"type":"LineString","coordinates":[[139.762363,35.674043],[139.763939,35.673717]]},"properties":{"ward":"千代田区","species":["ヤマモモ"],"count":18,"route":"特別区道千第124号","alias":"","manager":"千代田区"}},{"type":"Feature","geometry":{"type":"LineString","coordinates":[[139.769401,35.699805],[139.771353,35.699676]]},"properties":{"ward":"千代田区","species":["ヤマモモ"],"count":36,"route":"特別区道千第672号","alias":"","manager":"千代田区"}},{"type":"Feature","geometry":{"type":"LineString","coordinates":[[139.736996,35.682993],[139.73821,35.682986],[139.741661,35.683438],[139.74383,35.683178]]},"properties":{"ward":"千代田区","species":["ヤマモモ","イチョウほか"],"count":104,"route":"特別区道千第184号","alias":"","manager":"千代田区"}},{"type":"Feature","geometry":{"type":"LineString","coordinates":[[139.732591,35.681713],[139.734429,35.68226],[139.734862,35.682254]]},"properties":{"ward":"千代田区","species":["ヤマモモ","イチョウほか"],"count":104,"route":"特別区道千第184号","alias":"","manager":"千代田区"}},{"type":"Feature","geometry":{"type":"LineString","coordinates":[[139.743829,35.695749],[139.744193,35.694698],[139.744956,35.694908]]},"properties":{"ward":"千代田区","species":["ヤマモモ","ハナミズキ"],"count":39,"route":"特別区道千第261号","alias":"","manager":"千代田区"}},{"type":"Feature","geometry":{"type":"LineString","coordinates":[[139.757885,35.672994],[139.760004,35.672214]]},"properties":{"ward":"千代田区","species":["ヤマモモ","ヤマボウシ"],"count":31,"route":"特別区道千第137号","alias":"","manager":"千代田区"}},{"type":"Feature","geometry":{"type":"LineString","coordinates":[[139.744998,35.692527],[139.745986,35.69281]]},"properties":{"ward":"千代田区","species":["ユリノキ"],"count":12,"route":"特別区道千第254号","alias":"","manager":"千代田区"}},{"type":"Feature","geometry":{"type":"LineString","coordinates":[[139.750791,35.67292],[139.755835,35.670859],[139.756116,35.670661]]},"properties":{"ward":"千代田区","species":["ユリノキ","ヤマモモほか"],"count":76,"route":"特別区道千第146号","alias":"","manager":"千代田区"}},{"type":"Feature","geometry":{"type":"LineString","coordinates":[[139.775036,35.690933],[139.774769,35.691715],[139.775442,35.696514],[139.77556,35.700576]]},"properties":{"ward":"千代田区","species":["イチョウ"],"count":null,"route":"国道4号線","alias":"","manager":"国"}},{"type":"Feature","geometry":{"type":"LineString","coordinates":[[139.772392,35.690041],[139.770253,35.695261],[139.771171,35.697613]]},"properties":{"ward":"千代田区","species":["イチョウ"],"count":null,"route":"国道17号線","alias":"","manager":"国"}},{"type":"Feature","geometry":{"type":"LineString","coordinates":[[139.771171,35.697613],[139.76896,35.698723]]},"properties":{"ward":"千代田区","species":["トウカエデ"],"count":null,"route":"国道17号線","alias":"","manager":"国"}},{"type":"Feature","geometry":{"type":"LineString","coordinates":[[139.76896,35.698723],[139.769165,35.699805],[139.76846,35.699844]]},"properties":{"ward":"千代田区","species":["イチョウ"],"count":null,"route":"国道17号線","alias":"","manager":"国"}},{"type":"Feature","geometry":{"type":"LineString","coordinates":[[139.770598,35.683695],[139.76837,35.684177]]},"properties":{"ward":"千代田区","species":["プラタナス類"],"count":null,"route":"国道1号線","alias":"","manager":"国"}},{"type":"Feature","geometry":{"type":"LineString","coordinates":[[139.767639,35.68436],[139.763129,35.685313],[139.761644,35.680388],[139.759914,35.675485],[139.759647,35.675155]]},"properties":{"ward":"千代田区","species":["イチョウ"],"count":null,"route":"国道1号線","alias":"","manager":"国"}},{"type":"Feature","geometry":{"type":"LineString","coordinates":[[139.759647,35.675155],[139.753464,35.677721]]},"properties":{"ward":"千代田区","species":["ユリノキ"],"count":null,"route":"国道1号線","alias":"","manager":"国"}},{"type":"Feature","geometry":{"type":"LineString","coordinates":[[139.753464,35.677721],[139.750619,35.673291]]},"properties":{"ward":"千代田区","species":["トチノキ"],"count":null,"route":"国道1号線","alias":"","manager":"国"}},{"type":"Feature","geometry":{"type":"LineString","coordinates":[[139.750507,35.673139],[139.749617,35.670898]]},"properties":{"ward":"千代田区","species":["プラタナス類"],"count":null,"route":"国道1号線","alias":"","manager":"国"}},{"type":"Feature","geometry":{"type":"LineString","coordinates":[[139.738535,35.678612],[139.740231,35.678819],[139.745298,35.67974],[139.745837,35.679779]]},"properties":{"ward":"千代田区","species":["イチョウ"],"count":null,"route":"国道246号線","alias":"","manager":"国"}},{"type":"Feature","geometry":{"type":"LineString","coordinates":[[139.740231,35.678819],[139.7412,35.678007],[139.741915,35.677673],[139.74318,35.677578],[139.744405,35.673107]]},"properties":{"ward":"千代田区","species":["イチョウ"],"count":null,"route":"国道246号線","alias":"","manager":"国"}},{"type":"Feature","geometry":{"type":"LineString","coordinates":[[139.744951,35.671911],[139.745029,35.670976],[139.744976,35.670687]]},"properties":{"ward":"千代田区","species":["イチョウ"],"count":null,"route":"国道246号線","alias":"","manager":"国"}},{"type":"Feature","geometry":{"type":"LineString","coordinates":[[139.736999,35.678457],[139.738535,35.678612]]},"properties":{"ward":"千代田区","species":["その他"],"count":null,"route":"国道246号線","alias":"","manager":"国"}},{"type":"Feature","geometry":{"type":"LineString","coordinates":[[139.753464,35.677721],[139.752728,35.677665],[139.750503,35.677146],[139.749565,35.67726],[139.748965,35.677573],[139.747567,35.679032],[139.746882,35.679583],[139.745837,35.679779],[139.744189,35.682639],[139.743921,35.683932],[139.740786,35.684232],[139.737688,35.683938],[139.73594,35.683911],[139.734456,35.684208],[139.732897,35.68502],[139.731033,35.685622],[139.730294,35.68575]]},"properties":{"ward":"千代田区","species":["ユリノキ"],"count":null,"route":"国道20号線","alias":"","manager":"国"}},{"type":"Feature","geometry":{"type":"LineString","coordinates":[[139.768841,35.671602],[139.770576,35.670378]]},"properties":{"ward":"中央区","species":["アオギリ"],"count":37,"route":"特別区道中京第672号線","alias":"","manager":"中央区"}},{"type":"Feature","geometry":{"type":"LineString","coordinates":[[139.768326,35.678775],[139.773512,35.676703]]},"properties":{"ward":"中央区","species":["アオギリ"],"count":54,"route":"特別区道中京第537号線,中京第562号線","alias":"","manager":"中央区"}},{"type":"Feature","geometry":{"type":"LineString","coordinates":[[139.783742,35.688784],[139.785112,35.689697]]},"properties":{"ward":"中央区","species":["アオギリ","オカメザクラ"],"count":23,"route":"特別区道中日第186号線","alias":"","manager":"中央区"}},{"type":"Feature","geometry":{"type":"LineString","coordinates":[[139.768784,35.674794],[139.770102,35.674042],[139.773132,35.67318],[139.780786,35.672752]]},"properties":{"ward":"中央区","species":["アオギリ","ヤエザクラ"],"count":151,"route":"特別区道中京第605号線,中京第625号線,中京第416号線","alias":"","manager":"中央区"}},{"type":"Feature","geometry":{"type":"LineString","coordinates":[[139.783959,35.665398],[139.784175,35.66557]]},"properties":{"ward":"中央区","species":["アマノガワ"],"count":3,"route":"特別区道中月第805号線","alias":"佃仲通り","manager":"中央区"}},{"type":"Feature","geometry":{"type":"LineString","coordinates":[[139.76981,35.688031],[139.770494,35.689675]]},"properties":{"ward":"中央区","species":["アマノガワ"],"count":9,"route":"特別区道中日第11号線","alias":"","manager":"中央区"}},{"type":"Feature","geometry":{"type":"LineString","coordinates":[[139.773442,35.681809],[139.774556,35.681337]]},"properties":{"ward":"中央区","species":["アラカシ","シラカシ"],"count":23,"route":"特別区道中日第281号線,中日第284号線","alias":"","manager":"中央区"}},{"type":"Feature","geometry":{"type":"LineString","coordinates":[[139.773131,35.681316],[139.774263,35.680846]]},"properties":{"ward":"中央区","species":["アラカシ","シラカシ"],"count":23,"route":"特別区道中日第281号線,中日第284号線","alias":"","manager":"中央区"}},{"type":"Feature","geometry":{"type":"LineString","coordinates":[[139.764706,35.663767],[139.765752,35.6631]]},"properties":{"ward":"中央区","species":["イチョウ"],"count":24,"route":"特別区道中京第707号線","alias":"","manager":"中央区"}},{"type":"Feature","geometry":{"type":"LineString","coordinates":[[139.778598,35.675055],[139.778573,35.673321]]},"properties":{"ward":"中央区","species":["イチョウ"],"count":25,"route":"特別区道中京第509号線,中京第411号線","alias":"","manager":"中央区"}},{"type":"Feature","geometry":{"type":"LineString","coordinates":[[139.771639,35.685197],[139.772998,35.684982]]},"properties":{"ward":"中央区","species":["イチョウ"],"count":32,"route":"特別区道中日第6号線","alias":"","manager":"中央区"}},{"type":"Feature","geometry":{"type":"LineString","coordinates":[[139.767407,35.677171],[139.772906,35.674892]]},"properties":{"ward":"中央区","species":["イチョウ"],"count":80,"route":"特別区道中京第402号線","alias":"鍛冶橋通り","manager":"中央区"}},{"type":"Feature","geometry":{"type":"LineString","coordinates":[[139.771484,35.684158],[139.774333,35.683531],[139.778,35.683602]]},"properties":{"ward":"中央区","species":["イチョウ"],"count":81,"route":"特別区道中日第272号線,中日第273号線,中日第291号線","alias":"","manager":"中央区"}},{"type":"Feature","geometry":{"type":"LineString","coordinates":[[139.774085,35.678284],[139.778113,35.676629],[139.77938,35.676298],[139.781635,35.675002]]},"properties":{"ward":"中央区","species":["イチョウ"],"count":86,"route":"特別区道中京第401号線","alias":"八重洲通り","manager":"中央区"}},{"type":"Feature","geometry":{"type":"LineString","coordinates":[[139.772906,35.674892],[139.773282,35.674744],[139.774424,35.674656],[139.779893,35.67457],[139.781635,35.675002],[139.785745,35.676456]]},"properties":{"ward":"中央区","species":["イチョウ"],"count":162,"route":"特別区道中京第402号線","alias":"鍛冶橋通り","manager":"中央区"}},{"type":"Feature","geometry":{"type":"LineString","coordinates":[[139.779397,35.65549],[139.781235,35.653665]]},"properties":{"ward":"中央区","species":["イチョウ","サクラ"],"count":30,"route":"特別区道中月第860号線","alias":"","manager":"中央区"}},{"type":"Feature","geometry":{"type":"LineString","coordinates":[[139.788425,35.683001],[139.787686,35.683929]]},"properties":{"ward":"中央区","species":["イチョウ","サクラ"],"count":82,"route":"特別区道中日第333号線,中日第88号線,中日第87号線,中日第80号線","alias":"","manager":"中央区"}},{"type":"Feature","geometry":{"type":"LineString","coordinates":[[139.784789,35.687979],[139.786045,35.686714],[139.7871,35.685076],[139.788598,35.683108]]},"properties":{"ward":"中央区","species":["イチョウ","サクラ"],"count":82,"route":"特別区道中日第333号線,中日第88号線,中日第87号線,中日第80号線","alias":"","manager":"中央区"}},{"type":"Feature","geometry":{"type":"LineString","coordinates":[[139.785052,35.687291],[139.785668,35.686789],[139.786761,35.685208]]},"properties":{"ward":"中央区","species":["イチョウ","サクラ"],"count":82,"route":"特別区道中日第333号線,中日第88号線,中日第87号線,中日第80号線","alias":"","manager":"中央区"}},{"type":"Feature","geometry":{"type":"LineString","coordinates":[[139.778058,35.65458],[139.780036,35.652647]]},"properties":{"ward":"中央区","species":["イチョウ","サクラほか"],"count":35,"route":"特別区道中月第862号線","alias":"","manager":"中央区"}},{"type":"Feature","geometry":{"type":"LineString","coordinates":[[139.782725,35.681396],[139.787686,35.683929]]},"properties":{"ward":"中央区","species":["イチョウ","ハナミズキ"],"count":53,"route":"特別区道中日第243号線","alias":"","manager":"中央区"}},{"type":"Feature","geometry":{"type":"LineString","coordinates":[[139.772486,35.675059],[139.77442,35.678157]]},"properties":{"ward":"中央区","species":["イロハモミジ"],"count":36,"route":"特別区道中京第451号線","alias":"","manager":"中央区"}},{"type":"Feature","geometry":{"type":"LineString","coordinates":[[139.77442,35.678157],[139.776355,35.681217]]},"properties":{"ward":"中央区","species":["イロハモミジ"],"count":46,"route":"特別区道中日第23号線","alias":"江戸・もみじ通り","manager":"中央区"}},{"type":"Feature","geometry":{"type":"LineString","coordinates":[[139.766087,35.668784],[139.767839,35.667089]]},"properties":{"ward":"中央区","species":["エンジュ"],"count":31,"route":"特別区道中京第405号線","alias":"みゆき通り","manager":"中央区"}},{"type":"Feature","geometry":{"type":"LineString","coordinates":[[139.767996,35.675923],[139.768991,35.675494]]},"properties":{"ward":"中央区","species":["オカメザクラ"],"count":12,"route":"特別区道中京第544号線","alias":"","manager":"中央区"}},{"type":"Feature","geometry":{"type":"LineString","coordinates":[[139.763684,35.664585],[139.764674,35.664309]]},"properties":{"ward":"中央区","species":["カツラ"],"count":16,"route":"特別区道中京第709号線","alias":"","manager":"中央区"}},{"type":"Feature","geometry":{"type":"LineString","coordinates":[[139.787867,35.684023],[139.791654,35.686295]]},"properties":{"ward":"中央区","species":["カツラ","サルスベリ"],"count":40,"route":"特別区道中日第243号線","alias":"","manager":"中央区"}},{"type":"Feature","geometry":{"type":"LineString","coordinates":[[139.772065,35.687071],[139.777581,35.688913]]},"properties":{"ward":"中央区","species":["カツラ","シラカシほか"],"count":88,"route":"特別区道中日第141号線,中日第158号線","alias":"本町通り,大伝馬本町通り","manager":"中央区"}},{"type":"Feature","geometry":{"type":"LineString","coordinates":[[139.782931,35.658863],[139.784355,35.657451]]},"properties":{"ward":"中央区","species":["クスノキ"],"count":32,"route":"特別区道中月第810号線","alias":"さざなみ通り","manager":"中央区"}},{"type":"Feature","geometry":{"type":"LineString","coordinates":[[139.771363,35.654964],[139.773413,35.656345]]},"properties":{"ward":"中央区","species":["クスノキ","イチョウ"],"count":35,"route":"特別区道中月第801号線","alias":"","manager":"中央区"}},{"type":"Feature","geometry":{"type":"LineString","coordinates":[[139.783824,35.657978],[139.785861,35.659366]]},"properties":{"ward":"中央区","species":["クスノキ","イチョウ"],"count":46,"route":"特別区道中月第807号線","alias":"","manager":"中央区"}},{"type":"Feature","geometry":{"type":"LineString","coordinates":[[139.778761,35.652376],[139.783566,35.655649]]},"properties":{"ward":"中央区","species":["クスノキ","イチョウ"],"count":65,"route":"特別区道中月第812号線,中月第841号線","alias":"","manager":"中央区"}},{"type":"Feature","geometry":{"type":"LineString","coordinates":[[139.783566,35.655649],[139.783922,35.655273]]},"properties":{"ward":"中央区","species":["クスノキ","イチョウ"],"count":65,"route":"特別区道中月第812号線,中月第841号線","alias":"","manager":"中央区"}},{"type":"Feature","geometry":{"type":"LineString","coordinates":[[139.783325,35.655916],[139.783566,35.655649]]},"properties":{"ward":"中央区","species":["クスノキ","イチョウ"],"count":65,"route":"特別区道中月第812号線,中月第841号線","alias":"","manager":"中央区"}},{"type":"Feature","geometry":{"type":"LineString","coordinates":[[139.782931,35.658863],[139.784118,35.65969],[139.785592,35.658249]]},"properties":{"ward":"中央区","species":["クスノキ","サクラほか"],"count":62,"route":"特別区道中月第876号線,中月第853号線","alias":"桜の散歩道30本,通称道路名無し32本","manager":"中央区"}},{"type":"Feature","geometry":{"type":"LineString","coordinates":[[139.767858,35.652603],[139.77076,35.654549]]},"properties":{"ward":"中央区","species":["クスノキ","ヤナギほか"],"count":62,"route":"特別区道中月第801号線","alias":"","manager":"中央区"}},{"type":"Feature","geometry":{"type":"LineString","coordinates":[[139.782982,35.654613],[139.787054,35.65741],[139.787198,35.657832],[139.786681,35.658528]]},"properties":{"ward":"中央区","species":["クロガネモチ","クスノキほか"],"count":101,"route":"特別区道中月第881号線","alias":"","manager":"中央区"}},{"type":"Feature","geometry":{"type":"LineString","coordinates":[[139.774614,35.657204],[139.777347,35.659056]]},"properties":{"ward":"中央区","species":["ケヤキ"],"count":31,"route":"特別区道中月第801号線","alias":"","manager":"中央区"}},{"type":"Feature","geometry":{"type":"LineString","coordinates":[[139.788029,35.685803],[139.785825,35.688603],[139.784525,35.690517],[139.784756,35.691105],[139.785236,35.694512]]},"properties":{"ward":"中央区","species":["ケヤキ","サルスベリほか"],"count":108,"route":"特別区道中日第3号線","alias":"清杉通り,清州橋通り","manager":"中央区"}},{"type":"Feature","geometry":{"type":"LineString","coordinates":[[139.777679,35.682075],[139.778845,35.681593]]},"properties":{"ward":"中央区","species":["コブシ"],"count":17,"route":"特別区道中日第295号線","alias":"","manager":"中央区"}},{"type":"Feature","geometry":{"type":"LineString","coordinates":[[139.782015,35.675161],[139.784629,35.677642],[139.784792,35.677932]]},"properties":{"ward":"中央区","species":["コブシ"],"count":65,"route":"特別区道中京第517号線","alias":"","manager":"中央区"}},{"type":"Feature","geometry":{"type":"LineString","coordinates":[[139.772524,35.678733],[139.772337,35.678409],[139.772678,35.678272]]},"properties":{"ward":"中央区","species":["サクラ"],"count":6,"route":"特別区道中京第715号線,中京第716号線","alias":"","manager":"中央区"}},{"type":"Feature","geometry":{"type":"LineString","coordinates":[[139.779062,35.651988],[139.780036,35.652647]]},"properties":{"ward":"中央区","species":["サクラ"],"count":14,"route":"特別区道中月第889号線","alias":"","manager":"中央区"}},{"type":"Feature","geometry":{"type":"LineString","coordinates":[[139.764225,35.666075],[139.764696,35.665667],[139.765335,35.666144]]},"properties":{"ward":"中央区","species":["サクラ"],"count":16,"route":"特別区道中京第445号線","alias":"銀中通り","manager":"中央区"}},{"type":"Feature","geometry":{"type":"LineString","coordinates":[[139.785022,35.660224],[139.786681,35.658528]]},"properties":{"ward":"中央区","species":["サクラ"],"count":41,"route":"特別区道中月第803号線","alias":"","manager":"中央区"}},{"type":"Feature","geometry":{"type":"LineString","coordinates":[[139.766313,35.67553],[139.768784,35.674794]]},"properties":{"ward":"中央区","species":["サクラ"],"count":50,"route":"特別区道中京第605号線","alias":"銀座桜通り","manager":"中央区"}},{"type":"Feature","geometry":{"type":"LineString","coordinates":[[139.770581,35.687077],[139.77188,35.687517],[139.772998,35.684982]]},"properties":{"ward":"中央区","species":["サクラ"],"count":56,"route":"特別区道中日第329号線,中日第13号線","alias":"本町通り,日銀通り","manager":"中央区"}},{"type":"Feature","geometry":{"type":"LineString","coordinates":[[139.769206,35.688713],[139.771177,35.689334]]},"properties":{"ward":"中央区","species":["サクラ"],"count":139,"route":"特別区道中日第21号線,中日第135号線,中日第14号線","alias":"本銀通り,日銀通り","manager":"中央区"}},{"type":"Feature","geometry":{"type":"LineString","coordinates":[[139.771177,35.689334],[139.771574,35.688364]]},"properties":{"ward":"中央区","species":["サクラ"],"count":139,"route":"特別区道中日第21号線,中日第135号線,中日第14号線","alias":"本銀通り,日銀通り","manager":"中央区"}},{"type":"Feature","geometry":{"type":"LineString","coordinates":[[139.771067,35.689604],[139.771177,35.689334]]},"properties":{"ward":"中央区","species":["サクラ"],"count":139,"route":"特別区道中日第21号線,中日第135号線,中日第14号線","alias":"本銀通り,日銀通り","manager":"中央区"}},{"type":"Feature","geometry":{"type":"LineString","coordinates":[[139.771177,35.689334],[139.773925,35.690252]]},"properties":{"ward":"中央区","species":["サクラ"],"count":139,"route":"特別区道中日第21号線,中日第135号線,中日第14号線","alias":"本銀通り,日銀通り","manager":"中央区"}},{"type":"Feature","geometry":{"type":"LineString","coordinates":[[139.773753,35.690739],[139.773925,35.690252]]},"properties":{"ward":"中央区","species":["サクラ"],"count":139,"route":"特別区道中日第21号線,中日第135号線,中日第14号線","alias":"本銀通り,日銀通り","manager":"中央区"}},{"type":"Feature","geometry":{"type":"LineString","coordinates":[[139.773925,35.690252],[139.776221,35.684777]]},"properties":{"ward":"中央区","species":["サクラ"],"count":139,"route":"特別区道中日第21号線,中日第135号線,中日第14号線","alias":"本銀通り,日銀通り","manager":"中央区"}},{"type":"Feature","geometry":{"type":"LineString","coordinates":[[139.773925,35.690252],[139.774917,35.690583]]},"properties":{"ward":"中央区","species":["サクラ"],"count":139,"route":"特別区道中日第21号線,中日第135号線,中日第14号線","alias":"本銀通り,日銀通り","manager":"中央区"}},{"type":"Feature","geometry":{"type":"LineString","coordinates":[[139.7703,35.681729],[139.774634,35.679882],[139.779698,35.677865]]},"properties":{"ward":"中央区","species":["サクラ"],"count":154,"route":"特別区道中日第285号線,中日第309号線,中日第325号線","alias":"さくら通り52本,通称道路名無し102本","manager":"中央区"}},{"type":"Feature","geometry":{"type":"LineString","coordinates":[[139.784722,35.683589],[139.786319,35.681707]]},"properties":{"ward":"中央区","species":["サクラ","クスノキ"],"count":43,"route":"特別区道中日第1号線","alias":"水天宮通り","manager":"中央区"}},{"type":"Feature","geometry":{"type":"LineString","coordinates":[[139.780357,35.657152],[139.782931,35.658863]]},"properties":{"ward":"中央区","species":["サクラ","クスノキ"],"count":62,"route":"特別区道中月第875号線","alias":"桜の散歩道","manager":"中央区"}},{"type":"Feature","geometry":{"type":"LineString","coordinates":[[139.784756,35.691105],[139.784958,35.691153],[139.787655,35.693057]]},"properties":{"ward":"中央区","species":["サクラ","スズカケ"],"count":52,"route":"特別区道中日第5号線","alias":"御幸通り","manager":"中央区"}},{"type":"Feature","geometry":{"type":"LineString","coordinates":[[139.784329,35.690696],[139.780282,35.688144],[139.776688,35.687143],[139.771433,35.685523]]},"properties":{"ward":"中央区","species":["サクラ","ヤマボウシほか"],"count":194,"route":"特別区道中日第5号線","alias":"江戸桜通りサクラ77本、通称道路名無しヤマボウシ99本","manager":"中央区"}},{"type":"Feature","geometry":{"type":"LineString","coordinates":[[139.786021,35.656674],[139.786935,35.655763]]},"properties":{"ward":"中央区","species":["サルスベリ"],"count":25,"route":"特別区道中月第882号線,中月第883号線","alias":"","manager":"中央区"}},{"type":"Feature","geometry":{"type":"LineString","coordinates":[[139.783922,35.655273],[139.784845,35.654395]]},"properties":{"ward":"中央区","species":["サルスベリ"],"count":25,"route":"特別区道中月第882号線,中月第883号線","alias":"","manager":"中央区"}},{"type":"Feature","geometry":{"type":"LineString","coordinates":[[139.773956,35.663624],[139.776416,35.665501]]},"properties":{"ward":"中央区","species":["サルスベリ"],"count":33,"route":"特別区道中京第412号線","alias":"","manager":"中央区"}},{"type":"Feature","geometry":{"type":"LineString","coordinates":[[139.787235,35.680484],[139.790378,35.683086]]},"properties":{"ward":"中央区","species":["サルスベリ"],"count":65,"route":"特別区道中日第262号線","alias":"","manager":"中央区"}},{"type":"Feature","geometry":{"type":"LineString","coordinates":[[139.780758,35.674747],[139.783038,35.672276]]},"properties":{"ward":"中央区","species":["サルスベリ"],"count":73,"route":"特別区道中京第592号線","alias":"リバー通り","manager":"中央区"}},{"type":"Feature","geometry":{"type":"LineString","coordinates":[[139.775094,35.669574],[139.77425,35.667452],[139.773189,35.666648]]},"properties":{"ward":"中央区","species":["サルスベリ"],"count":75,"route":"特別区道中京第487号線,中京第488号線","alias":"","manager":"中央区"}},{"type":"Feature","geometry":{"type":"LineString","coordinates":[[139.775717,35.6698],[139.775057,35.667829],[139.774815,35.667355],[139.774573,35.667063],[139.773589,35.666322]]},"properties":{"ward":"中央区","species":["サルスベリ"],"count":75,"route":"特別区道中京第487号線,中京第488号線","alias":"","manager":"中央区"}},{"type":"Feature","geometry":{"type":"LineString","coordinates":[[139.776571,35.678093],[139.778751,35.681499],[139.779491,35.682167]]},"properties":{"ward":"中央区","species":["サルスベリ","スズカケノキ"],"count":83,"route":"特別区道中日第7号線","alias":"平成通り","manager":"中央区"}},{"type":"Feature","geometry":{"type":"LineString","coordinates":[[139.767979,35.670597],[139.7695,35.669499]]},"properties":{"ward":"中央区","species":["シデコブシ","シダレヤナギ"],"count":106,"route":"特別区道中京第676号線,中京第689号線","alias":"松屋通り23本,通称道路名無し83本","manager":"中央区"}},{"type":"Feature","geometry":{"type":"LineString","coordinates":[[139.769923,35.669193],[139.772083,35.667661],[139.774234,35.665704]]},"properties":{"ward":"中央区","species":["シデコブシ","シダレヤナギ"],"count":106,"route":"特別区道中京第676号線,中京第689号線","alias":"松屋通り23本,通称道路名無し83本","manager":"中央区"}},{"type":"Feature","geometry":{"type":"LineString","coordinates":[[139.767255,35.675241],[139.762909,35.671111]]},"properties":{"ward":"中央区","species":["シナノキ"],"count":109,"route":"特別区道中京第423号線","alias":"並木通り","manager":"中央区"}},{"type":"Feature","geometry":{"type":"LineString","coordinates":[[139.772589,35.65579],[139.77159,35.656743],[139.772446,35.657314]]},"properties":{"ward":"中央区","species":["シラカシ"],"count":35,"route":"特別区道中月第816号線,中月第805号線","alias":"西仲通り24本,通称道路名無し11本","manager":"中央区"}},{"type":"Feature","geometry":{"type":"LineString","coordinates":[[139.772589,35.65579],[139.773876,35.654531]]},"properties":{"ward":"中央区","species":["シラカシ","ハナミズキほか"],"count":35,"route":"特別区道中月第816号線","alias":"","manager":"中央区"}},{"type":"Feature","geometry":{"type":"LineString","coordinates":[[139.777215,35.684895],[139.778576,35.684946],[139.780318,35.685378],[139.782265,35.686369],[139.783383,35.687046],[139.788306,35.690293],[139.788359,35.690393]]},"properties":{"ward":"中央区","species":["スズカケ"],"count":186,"route":"特別区道中日第6号線","alias":"金座通り60本、通称道路名無し126本","manager":"中央区"}},{"type":"Feature","geometry":{"type":"LineString","coordinates":[[139.778576,35.684946],[139.778708,35.684779],[139.781185,35.683172],[139.781645,35.682515]]},"properties":{"ward":"中央区","species":["スズカケ","ケヤキ"],"count":68,"route":"特別区道中日第8号線","alias":"","manager":"中央区"}},{"type":"Feature","geometry":{"type":"LineString","coordinates":[[139.769838,35.667522],[139.772106,35.669351],[139.773134,35.670764],[139.77418,35.673079],[139.774237,35.674185],[139.774424,35.674656],[139.776571,35.678093]]},"properties":{"ward":"中央区","species":["スズカケ","サルスベリ"],"count":236,"route":"特別区道中京第409号線","alias":"平成通り","manager":"中央区"}},{"type":"Feature","geometry":{"type":"LineString","coordinates":[[139.774363,35.66767],[139.771067,35.670111]]},"properties":{"ward":"中央区","species":["スズカケ","シデコブシほか"],"count":63,"route":"特別区道中京第672号線,中京第684号線","alias":"聖ルカ通り23本,通称道路名無し40本","manager":"中央区"}},{"type":"Feature","geometry":{"type":"LineString","coordinates":[[139.776146,35.666952],[139.775339,35.666497],[139.77113,35.663497]]},"properties":{"ward":"中央区","species":["スズカケ","シラカシ"],"count":20,"route":"特別区道中京第410号線,中京第490号線","alias":"居留地中央通り,波除通り","manager":"中央区"}},{"type":"Feature","geometry":{"type":"LineString","coordinates":[[139.779808,35.671691],[139.779262,35.670705],[139.778792,35.669444]]},"properties":{"ward":"中央区","species":["スズカケ","ヤマボウシほか"],"count":105,"route":"特別区道中京第413号線,中京第646号線","alias":"鉄砲洲通り","manager":"中央区"}},{"type":"Feature","geometry":{"type":"LineString","coordinates":[[139.779808,35.671691],[139.780889,35.671679]]},"properties":{"ward":"中央区","species":["スズカケ","ヤマボウシほか"],"count":105,"route":"特別区道中京第413号線,中京第646号線","alias":"鉄砲洲通り","manager":"中央区"}},{"type":"Feature","geometry":{"type":"LineString","coordinates":[[139.779893,35.67457],[139.780175,35.67417],[139.78018,35.672768],[139.780123,35.672244],[139.779808,35.671691]]},"properties":{"ward":"中央区","species":["スズカケ","ヤマボウシほか"],"count":105,"route":"特別区道中京第413号線,中京第646号線","alias":"鉄砲洲通り","manager":"中央区"}},{"type":"Feature","geometry":{"type":"LineString","coordinates":[[139.781715,35.696309],[139.783831,35.695958],[139.787221,35.694703]]},"properties":{"ward":"中央区","species":["スズカケ","常緑ヤマボウシほか"],"count":80,"route":"特別区道千中第2号線,中日第170号線","alias":"柳原通り,両国郵便局通り","manager":"中央区"}},{"type":"Feature","geometry":{"type":"LineString","coordinates":[[139.773385,35.65156],[139.771325,35.650171],[139.771124,35.649798],[139.771279,35.649415],[139.772003,35.6487],[139.772761,35.647968],[139.773132,35.647827],[139.773641,35.647953],[139.778703,35.651371]]},"properties":{"ward":"中央区","species":["タブノキ","サクラほか"],"count":246,"route":"特別区道中月第836号線,中月第887号線","alias":"","manager":"中央区"}},{"type":"Feature","geometry":{"type":"LineString","coordinates":[[139.780488,35.682379],[139.781645,35.682515]]},"properties":{"ward":"中央区","species":["トウカエデ"],"count":19,"route":"特別区道中日第7号線","alias":"","manager":"中央区"}},{"type":"Feature","geometry":{"type":"LineString","coordinates":[[139.774307,35.670027],[139.771942,35.670978]]},"properties":{"ward":"中央区","species":["トウカエデ"],"count":34,"route":"特別区道中京第640号線,中京第666号線","alias":"","manager":"中央区"}},{"type":"Feature","geometry":{"type":"LineString","coordinates":[[139.772297,35.671383],[139.77474,35.670341]]},"properties":{"ward":"中央区","species":["トウカエデ"],"count":34,"route":"特別区道中京第640号線,中京第666号線","alias":"","manager":"中央区"}},{"type":"Feature","geometry":{"type":"LineString","coordinates":[[139.760287,35.671382],[139.765114,35.66798]]},"properties":{"ward":"中央区","species":["トウカエデ"],"count":102,"route":"特別区道中京第615号線","alias":"交詢社通り63本,通称道路名無し39本","manager":"中央区"}},{"type":"Feature","geometry":{"type":"LineString","coordinates":[[139.780601,35.68357],[139.782177,35.684383],[139.786919,35.687234]]},"properties":{"ward":"中央区","species":["トウカエデ","イチョウ"],"count":111,"route":"特別区道中日第9号線","alias":"甘酒横丁44本,明治座通り13本,通称道路名無し54本","manager":"中央区"}},{"type":"Feature","geometry":{"type":"LineString","coordinates":[[139.760628,35.67203],[139.759126,35.669388],[139.75877,35.668629]]},"properties":{"ward":"中央区","species":["トウカエデ","コブシ"],"count":81,"route":"特別区道中京第417号線","alias":"銀座コリドー通り","manager":"中央区"}},{"type":"Feature","geometry":{"type":"LineString","coordinates":[[139.777251,35.6696],[139.776146,35.666952]]},"properties":{"ward":"中央区","species":["トウカエデ","シラカシ"],"count":67,"route":"特別区道中京第410号線","alias":"居留地中央通り","manager":"中央区"}},{"type":"Feature","geometry":{"type":"LineString","coordinates":[[139.780353,35.65614],[139.77687,35.653772],[139.776419,35.653588],[139.774268,35.65211]]},"properties":{"ward":"中央区","species":["トウカエデ","ソヨゴほか"],"count":139,"route":"特別区道中月第836号線","alias":"れいめい橋公園通り101本,通称道路名無し38本","manager":"中央区"}},{"type":"Feature","geometry":{"type":"LineString","coordinates":[[139.765208,35.67411],[139.768841,35.671602]]},"properties":{"ward":"中央区","species":["トチノキ"],"count":76,"route":"特別区道中京第610号線","alias":"銀座マロニエ通り61本,通称道路名無し15本","manager":"中央区"}},{"type":"Feature","geometry":{"type":"LineString","coordinates":[[139.783383,35.687046],[139.785592,35.684366],[139.786632,35.683381],[139.787443,35.682417]]},"properties":{"ward":"中央区","species":["ナンキンハゼ","シャラほか"],"count":104,"route":"特別区道中日第76号線,中日第85号線","alias":"大門通り","manager":"中央区"}},{"type":"Feature","geometry":{"type":"LineString","coordinates":[[139.772015,35.658419],[139.772178,35.658528]]},"properties":{"ward":"中央区","species":["ハナミズキ"],"count":2,"route":"特別区道中月第817号線","alias":"","manager":"中央区"}},{"type":"Feature","geometry":{"type":"LineString","coordinates":[[139.786621,35.692329],[139.787366,35.691221]]},"properties":{"ward":"中央区","species":["ハナミズキ"],"count":12,"route":"特別区道中日第117号線","alias":"","manager":"中央区"}},{"type":"Feature","geometry":{"type":"LineString","coordinates":[[139.782429,35.664284],[139.783388,35.664951]]},"properties":{"ward":"中央区","species":["ハナミズキ"],"count":16,"route":"特別区道中月第805号線","alias":"西仲通り","manager":"中央区"}},{"type":"Feature","geometry":{"type":"LineString","coordinates":[[139.769961,35.670801],[139.768017,35.669062]]},"properties":{"ward":"中央区","species":["ハナミズキ"],"count":21,"route":"特別区道中京第444号線","alias":"木挽町通り","manager":"中央区"}},{"type":"Feature","geometry":{"type":"LineString","coordinates":[[139.783185,35.683198],[139.784924,35.681153]]},"properties":{"ward":"中央区","species":["ハナミズキ"],"count":34,"route":"特別区道中日第69号線","alias":"","manager":"中央区"}},{"type":"Feature","geometry":{"type":"LineString","coordinates":[[139.77932,35.680064],[139.777328,35.676959]]},"properties":{"ward":"中央区","species":["ハナミズキ"],"count":39,"route":"特別区道中日第35号線,中日第477号線","alias":"鈴らん通り7本,通称道路名無し32本","manager":"中央区"}},{"type":"Feature","geometry":{"type":"LineString","coordinates":[[139.764425,35.673072],[139.767979,35.670597]]},"properties":{"ward":"中央区","species":["ハナミズキ"],"count":68,"route":"特別区道中京第611号線","alias":"松屋通り","manager":"中央区"}},{"type":"Feature","geometry":{"type":"LineString","coordinates":[[139.77938,35.676298],[139.780571,35.67735],[139.783099,35.678936]]},"properties":{"ward":"中央区","species":["ハナミズキ"],"count":70,"route":"特別区道中京第414号線","alias":"","manager":"中央区"}},{"type":"Feature","geometry":{"type":"LineString","coordinates":[[139.783749,35.679346],[139.785942,35.680703]]},"properties":{"ward":"中央区","species":["ハナミズキ"],"count":71,"route":"特別区道中日第10号線,中日第71号線","alias":"箱崎湊橋通り","manager":"中央区"}},{"type":"Feature","geometry":{"type":"LineString","coordinates":[[139.785942,35.680703],[139.786745,35.680039]]},"properties":{"ward":"中央区","species":["ハナミズキ"],"count":71,"route":"特別区道中日第10号線,中日第71号線","alias":"箱崎湊橋通り","manager":"中央区"}},{"type":"Feature","geometry":{"type":"LineString","coordinates":[[139.785942,35.680703],[139.78657,35.681055]]},"properties":{"ward":"中央区","species":["ハナミズキ"],"count":71,"route":"特別区道中日第10号線,中日第71号線","alias":"箱崎湊橋通り","manager":"中央区"}},{"type":"Feature","geometry":{"type":"LineString","coordinates":[[139.759666,35.670313],[139.762924,35.668029],[139.76403,35.667145]]},"properties":{"ward":"中央区","species":["ハナミズキ","イズモツバキ"],"count":87,"route":"特別区道中京第618号線,中京第406号線","alias":"花椿通り70本,道路通称名無し17本","manager":"中央区"}},{"type":"Feature","geometry":{"type":"LineString","coordinates":[[139.778797,35.65981],[139.780276,35.658359]]},"properties":{"ward":"中央区","species":["ハナミズキ","サクラ"],"count":22,"route":"特別区道中月第813号線","alias":"","manager":"中央区"}},{"type":"Feature","geometry":{"type":"LineString","coordinates":[[139.776887,35.665211],[139.777944,35.666051]]},"properties":{"ward":"中央区","species":["ハナモモ"],"count":20,"route":"特別区道中京第495号線","alias":"","manager":"中央区"}},{"type":"Feature","geometry":{"type":"LineString","coordinates":[[139.760628,35.67203],[139.76177,35.671903],[139.765025,35.669644],[139.766087,35.668784]]},"properties":{"ward":"中央区","species":["ヒトツバタゴ","カツラほか"],"count":87,"route":"特別区道中京第613号線","alias":"みゆき通り","manager":"中央区"}},{"type":"Feature","geometry":{"type":"LineString","coordinates":[[139.776416,35.665501],[139.77683,35.665571],[139.777598,35.666278],[139.77779,35.66656]]},"properties":{"ward":"中央区","species":["フウ"],"count":27,"route":"特別区道中京第412号線","alias":"","manager":"中央区"}},{"type":"Feature","geometry":{"type":"LineString","coordinates":[[139.787235,35.680484],[139.78518,35.67862]]},"properties":{"ward":"中央区","species":["フウ"],"count":40,"route":"特別区道中日第261号線","alias":"","manager":"中央区"}},{"type":"Feature","geometry":{"type":"LineString","coordinates":[[139.777454,35.691979],[139.782265,35.686369]]},"properties":{"ward":"中央区","species":["フウ"],"count":109,"route":"特別区道中日第1号線","alias":"人形町通り","manager":"中央区"}},{"type":"Feature","geometry":{"type":"LineString","coordinates":[[139.775564,35.656301],[139.777545,35.657668],[139.778254,35.656956]]},"properties":{"ward":"中央区","species":["ホルトノキ"],"count":25,"route":"特別区道中月第806号線,中月第856号線","alias":"東仲通り16本,道路通称名無し9本","manager":"中央区"}},{"type":"Feature","geometry":{"type":"LineString","coordinates":[[139.766368,35.666939],[139.768276,35.668513]]},"properties":{"ward":"中央区","species":["ヤナギ"],"count":17,"route":"特別区道中京第445号線","alias":"銀中通り","manager":"中央区"}},{"type":"Feature","geometry":{"type":"LineString","coordinates":[[139.785638,35.695598],[139.78738,35.695031],[139.787221,35.694703]]},"properties":{"ward":"中央区","species":["ヤナギ"],"count":22,"route":"特別区道中日第169号線,中台第1号線","alias":"柳橋通り","manager":"中央区"}},{"type":"Feature","geometry":{"type":"LineString","coordinates":[[139.765114,35.66798],[139.766368,35.666939]]},"properties":{"ward":"中央区","species":["ヤナギ"],"count":30,"route":"特別区道中京第699号線","alias":"演舞場通り","manager":"中央区"}},{"type":"Feature","geometry":{"type":"LineString","coordinates":[[139.784963,35.692595],[139.787214,35.694316]]},"properties":{"ward":"中央区","species":["ヤナギ"],"count":31,"route":"特別区道中日第174号線","alias":"柳橋通り","manager":"中央区"}},{"type":"Feature","geometry":{"type":"LineString","coordinates":[[139.759088,35.668316],[139.761935,35.667363],[139.762381,35.667125],[139.762597,35.66678]]},"properties":{"ward":"中央区","species":["ヤナギ"],"count":47,"route":"特別区道中京第621号線","alias":"御門通り","manager":"中央区"}},{"type":"Feature","geometry":{"type":"LineString","coordinates":[[139.772998,35.684982],[139.774633,35.684581],[139.776221,35.684777]]},"properties":{"ward":"中央区","species":["ヤナギ"],"count":51,"route":"特別区道中日第6号線","alias":"","manager":"中央区"}},{"type":"Feature","geometry":{"type":"LineString","coordinates":[[139.765976,35.675114],[139.771133,35.671555],[139.771554,35.671383]]},"properties":{"ward":"中央区","species":["ヤナギ"],"count":113,"route":"特別区道中京第403号線,中京第404号線","alias":"銀座柳通り77本,通称道路名無し36本","manager":"中央区"}},{"type":"Feature","geometry":{"type":"LineString","coordinates":[[139.787672,35.694211],[139.787657,35.692966],[139.78775,35.692188],[139.787943,35.691416],[139.788359,35.690393]]},"properties":{"ward":"中央区","species":["ヤナギ","サクラほか"],"count":84,"route":"特別区道中日第6号線","alias":"浜町河岸通り","manager":"中央区"}},{"type":"Feature","geometry":{"type":"LineString","coordinates":[[139.767839,35.667089],[139.767896,35.667536],[139.771067,35.670111],[139.771942,35.670978]]},"properties":{"ward":"中央区","species":["ヤナギ","トウカエデほか"],"count":88,"route":"特別区道中京第477号線,中京第445号線","alias":"","manager":"中央区"}},{"type":"Feature","geometry":{"type":"LineString","coordinates":[[139.768276,35.668513],[139.770576,35.670378],[139.771487,35.671218],[139.771554,35.671383]]},"properties":{"ward":"中央区","species":["ヤナギ","トウカエデほか"],"count":88,"route":"特別区道中京第477号線,中京第445号線","alias":"","manager":"中央区"}},{"type":"Feature","geometry":{"type":"LineString","coordinates":[[139.76776,35.675521],[139.770268,35.67962]]},"properties":{"ward":"中央区","species":["ヤナギ","ハナモモほか"],"count":101,"route":"特別区道中京第433号線","alias":"柳通り","manager":"中央区"}},{"type":"Feature","geometry":{"type":"LineString","coordinates":[[139.780638,35.664365],[139.783331,35.661832]]},"properties":{"ward":"中央区","species":["ヤナギ","常緑ヤマボウシ"],"count":51,"route":"特別区道中月第803号線","alias":"","manager":"中央区"}},{"type":"Feature","geometry":{"type":"LineString","coordinates":[[139.780488,35.682379],[139.780371,35.683717]]},"properties":{"ward":"中央区","species":["ヤマボウシ"],"count":13,"route":"特別区道中日第56号線","alias":"","manager":"中央区"}},{"type":"Feature","geometry":{"type":"LineString","coordinates":[[139.776982,35.660377],[139.777838,35.660994]]},"properties":{"ward":"中央区","species":["ヤマボウシ"],"count":16,"route":"特別区道中月第805号線","alias":"西仲通り","manager":"中央区"}},{"type":"Feature","geometry":{"type":"LineString","coordinates":[[139.770434,35.668002],[139.771297,35.667304]]},"properties":{"ward":"中央区","species":["ヤマボウシ"],"count":17,"route":"特別区道中京第678号線","alias":"","manager":"中央区"}},{"type":"Feature","geometry":{"type":"LineString","coordinates":[[139.778453,35.661426],[139.779457,35.662146]]},"properties":{"ward":"中央区","species":["ヤマボウシ","ヤナギ"],"count":23,"route":"特別区道中月第805号線","alias":"西仲通り","manager":"中央区"}},{"type":"Feature","geometry":{"type":"LineString","coordinates":[[139.778595,35.662973],[139.779457,35.662146]]},"properties":{"ward":"中央区","species":["ヤマモモ"],"count":4,"route":"特別区道中月第810号線","alias":"","manager":"中央区"}},{"type":"Feature","geometry":{"type":"LineString","coordinates":[[139.777577,35.662245],[139.778453,35.661426]]},"properties":{"ward":"中央区","species":["ヤマモモ"],"count":12,"route":"特別区道中月第811号線","alias":"","manager":"中央区"}},{"type":"Feature","geometry":{"type":"LineString","coordinates":[[139.783444,35.680523],[139.786319,35.681707]]},"properties":{"ward":"中央区","species":["ヤマモモ"],"count":21,"route":"特別区道中日第251号線","alias":"","manager":"中央区"}},{"type":"Feature","geometry":{"type":"LineString","coordinates":[[139.781282,35.693473],[139.784525,35.690517]]},"properties":{"ward":"中央区","species":["ユリノキ"],"count":43,"route":"特別区道中日第2号線","alias":"清州橋通り","manager":"中央区"}},{"type":"Feature","geometry":{"type":"LineString","coordinates":[[139.76403,35.667145],[139.767537,35.664366]]},"properties":{"ward":"中央区","species":["ユリノキ"],"count":63,"route":"特別区道中京第407号線","alias":"中央市場通り","manager":"中央区"}},{"type":"Feature","geometry":{"type":"LineString","coordinates":[[139.78816,35.68776],[139.786989,35.687138]]},"properties":{"ward":"中央区","species":["ユリノキ","サクラ"],"count":24,"route":"特別区道中日第214号線,中日第215号線","alias":"明治座通り","manager":"中央区"}},{"type":"Feature","geometry":{"type":"LineString","coordinates":[[139.786826,35.687364],[139.788018,35.687966]]},"properties":{"ward":"中央区","species":["ユリノキ","サクラ"],"count":24,"route":"特別区道中日第214号線,中日第215号線","alias":"明治座通り","manager":"中央区"}},{"type":"Feature","geometry":{"type":"LineString","coordinates":[[139.78104,35.685741],[139.783185,35.683198]]},"properties":{"ward":"中央区","species":["ユリノキ","サルスベリ"],"count":42,"route":"特別区道中日第49号線","alias":"","manager":"中央区"}},{"type":"Feature","geometry":{"type":"LineString","coordinates":[[139.767839,35.667089],[139.769165,35.665778]]},"properties":{"ward":"中央区","species":["ユリノキ","スズカケノキほか"],"count":40,"route":"特別区道中京第405号線","alias":"","manager":"中央区"}},{"type":"Feature","geometry":{"type":"LineString","coordinates":[[139.77779,35.66656],[139.775059,35.667226],[139.774815,35.667355]]},"properties":{"ward":"中央区","species":["ユリノキ","ハナミズキほか"],"count":51,"route":"特別区道中京第684号線","alias":"聖ルカ通り","manager":"中央区"}},{"type":"Feature","geometry":{"type":"LineString","coordinates":[[139.782608,35.69538],[139.782677,35.696184]]},"properties":{"ward":"中央区","species":["常緑ヤマボウシ"],"count":15,"route":"特別区道中日第4号線","alias":"左衛門橋通り","manager":"中央区"}},{"type":"Feature","geometry":{"type":"LineString","coordinates":[[139.778565,35.672845],[139.777251,35.6696]]},"properties":{"ward":"中央区","species":["常緑ヤマボウシ"],"count":26,"route":"特別区道中京第411号線","alias":"居留地中央通り","manager":"中央区"}},{"type":"Feature","geometry":{"type":"LineString","coordinates":[[139.781204,35.689699],[139.782599,35.690592],[139.784917,35.692261]]},"properties":{"ward":"中央区","species":["常緑ヤマボウシ"],"count":60,"route":"特別区道中日第164号線","alias":"織物中央通り,東日本橋三丁目中央通り","manager":"中央区"}},{"type":"Feature","geometry":{"type":"LineString","coordinates":[[139.781925,35.692914],[139.780921,35.692174],[139.777214,35.690007],[139.775696,35.689486]]},"properties":{"ward":"中央区","species":["ヤマボウシ"],"count":null,"route":"国道6号線","alias":"","manager":"国"}},{"type":"Feature","geometry":{"type":"LineString","coordinates":[[139.775696,35.689486],[139.772997,35.688634]]},"properties":{"ward":"中央区","species":["プラタナス類"],"count":null,"route":"国道4号線","alias":"","manager":"国"}},{"type":"Feature","geometry":{"type":"LineString","coordinates":[[139.775696,35.689486],[139.775036,35.690933]]},"properties":{"ward":"中央区","species":["イチョウ"],"count":null,"route":"国道4号線","alias":"","manager":"国"}},{"type":"Feature","geometry":{"type":"LineString","coordinates":[[139.772997,35.688634],[139.772392,35.690041]]},"properties":{"ward":"中央区","species":["イチョウ"],"count":null,"route":"国道17号線","alias":"","manager":"国"}},{"type":"Feature","geometry":{"type":"LineString","coordinates":[[139.768684,35.674685],[139.761288,35.667666]]},"properties":{"ward":"中央区","species":["カツラ"],"count":null,"route":"国道15号線","alias":"","manager":"国"}},{"type":"Feature","geometry":{"type":"LineString","coordinates":[[139.773705,35.682542],[139.770598,35.683695]]},"properties":{"ward":"中央区","species":["プラタナス類"],"count":null,"route":"国道1号線","alias":"","manager":"国"}},{"type":"Feature","geometry":{"type":"LineString","coordinates":[[139.759758,35.668096],[139.762909,35.671111]]},"properties":{"ward":"中央区","species":["シナノキ"],"count":124,"route":"特別区道中京第423号線","alias":"並木通り","manager":"中央区"}},{"type":"Feature","geometry":{"type":"LineString","coordinates":[[139.777289,35.676874],[139.775917,35.67471]]},"properties":{"ward":"中央区","species":["ハナミズキ"],"count":29,"route":"","alias":"","manager":"中央区"}},{"type":"Feature","geometry":{"type":"LineString","coordinates":[[139.785448,35.695869],[139.785271,35.695505],[139.784484,35.694919]]},"properties":{"ward":"中央区","species":["プラタナス類"],"count":null,"route":"国道6号線","alias":"","manager":"国"}},{"type":"Feature","geometry":{"type":"LineString","coordinates":[[139.785292,35.694813],[139.787577,35.694515]]},"properties":{"ward":"中央区","species":["プラタナス類"],"count":null,"route":"国道14号線","alias":"","manager":"国"}},{"type":"Feature","geometry":{"type":"LineString","coordinates":[[139.716487,35.673107],[139.716951,35.672191],[139.716854,35.670537]]},"properties":{"ward":"港区","species":["サルスベリ"],"count":39,"route":"赤09","alias":"","manager":"港区"}},{"type":"Feature","geometry":{"type":"LineString","coordinates":[[139.735504,35.653551],[139.735974,35.6535]]},"properties":{"ward":"港区","species":["イチョウ"],"count":2,"route":"麻11","alias":"","manager":"港区"}},{"type":"Feature","geometry":{"type":"LineString","coordinates":[[139.756087,35.642935],[139.756097,35.64409]]},"properties":{"ward":"港区","species":["イチョウ"],"count":4,"route":"港28","alias":"","manager":"港区"}},{"type":"Feature","geometry":{"type":"LineString","coordinates":[[139.749141,35.664648],[139.749455,35.664595]]},"properties":{"ward":"港区","species":["イチョウ"],"count":4,"route":"芝13","alias":"","manager":"港区"}},{"type":"Feature","geometry":{"type":"LineString","coordinates":[[139.741919,35.659471],[139.741735,35.658738]]},"properties":{"ward":"港区","species":["イチョウ"],"count":7,"route":"麻3","alias":"","manager":"港区"}},{"type":"Feature","geometry":{"type":"LineString","coordinates":[[139.753771,35.645702],[139.75513,35.645249]]},"properties":{"ward":"港区","species":["イチョウ"],"count":11,"route":"港20","alias":"","manager":"港区"}},{"type":"Feature","geometry":{"type":"LineString","coordinates":[[139.754767,35.629362],[139.75555,35.629375]]},"properties":{"ward":"港区","species":["イチョウ"],"count":12,"route":"港52","alias":"","manager":"港区"}},{"type":"Feature","geometry":{"type":"LineString","coordinates":[[139.749143,35.659787],[139.750455,35.659589]]},"properties":{"ward":"港区","species":["イチョウ"],"count":18,"route":"芝28","alias":"","manager":"港区"}},{"type":"Feature","geometry":{"type":"LineString","coordinates":[[139.753337,35.657609],[139.754543,35.657626]]},"properties":{"ward":"港区","species":["イチョウ"],"count":17,"route":"芝35","alias":"","manager":"港区"}},{"type":"Feature","geometry":{"type":"LineString","coordinates":[[139.719351,35.672972],[139.720047,35.673195]]},"properties":{"ward":"港区","species":["イチョウ"],"count":18,"route":"赤08","alias":"","manager":"港区"}},{"type":"Feature","geometry":{"type":"LineString","coordinates":[[139.757401,35.642946],[139.757382,35.644935]]},"properties":{"ward":"港区","species":["イチョウ"],"count":25,"route":"港27","alias":"","manager":"港区"}},{"type":"Feature","geometry":{"type":"LineString","coordinates":[[139.714552,35.657313],[139.715392,35.658714]]},"properties":{"ward":"港区","species":["イチョウ"],"count":28,"route":"赤18","alias":"","manager":"港区"}},{"type":"Feature","geometry":{"type":"LineString","coordinates":[[139.754373,35.640529],[139.757575,35.640557]]},"properties":{"ward":"港区","species":["イチョウ"],"count":42,"route":"港24","alias":"","manager":"港区"}},{"type":"Feature","geometry":{"type":"LineString","coordinates":[[139.754194,35.640144],[139.755631,35.639356]]},"properties":{"ward":"港区","species":["イチョウ","アメリカデイゴ"],"count":30,"route":"港25","alias":"","manager":"港区"}},{"type":"Feature","geometry":{"type":"LineString","coordinates":[[139.761106,35.65415],[139.760475,35.653425]]},"properties":{"ward":"港区","species":["イチョウ","オオシマザクラほか"],"count":29,"route":"芝43","alias":"","manager":"港区"}},{"type":"Feature","geometry":{"type":"LineString","coordinates":[[139.760453,35.654529],[139.761106,35.65415]]},"properties":{"ward":"港区","species":["イチョウ","オオシマザクラほか"],"count":29,"route":"芝43","alias":"","manager":"港区"}},{"type":"Feature","geometry":{"type":"LineString","coordinates":[[139.761106,35.65415],[139.761557,35.653895]]},"properties":{"ward":"港区","species":["イチョウ","オオシマザクラほか"],"count":29,"route":"芝43","alias":"","manager":"港区"}},{"type":"Feature","geometry":{"type":"LineString","coordinates":[[139.761901,35.655067],[139.761106,35.65415]]},"properties":{"ward":"港区","species":["イチョウ","オオシマザクラほか"],"count":29,"route":"芝43","alias":"","manager":"港区"}},{"type":"Feature","geometry":{"type":"LineString","coordinates":[[139.735595,35.633806],[139.735945,35.633587]]},"properties":{"ward":"港区","species":["イチョウ","オリーブ"],"count":7,"route":"高06","alias":"","manager":"港区"}},{"type":"Feature","geometry":{"type":"LineString","coordinates":[[139.755609,35.642939],[139.757401,35.642946]]},"properties":{"ward":"港区","species":["イチョウ","クスノキほか"],"count":22,"route":"港23","alias":"","manager":"港区"}},{"type":"Feature","geometry":{"type":"LineString","coordinates":[[139.754768,35.62764],[139.755641,35.627661]]},"properties":{"ward":"港区","species":["イチョウ","シダレヤナギ"],"count":15,"route":"港53","alias":"","manager":"港区"}},{"type":"Feature","geometry":{"type":"LineString","coordinates":[[139.754686,35.625955],[139.755693,35.625964]]},"properties":{"ward":"港区","species":["イチョウ","シダレヤナギ"],"count":18,"route":"港54","alias":"","manager":"港区"}},{"type":"Feature","geometry":{"type":"LineString","coordinates":[[139.754568,35.624227],[139.755774,35.624246]]},"properties":{"ward":"港区","species":["イチョウ","シダレヤナギ"],"count":20,"route":"港55","alias":"","manager":"港区"}},{"type":"Feature","geometry":{"type":"LineString","coordinates":[[139.749925,35.638789],[139.752438,35.63797]]},"properties":{"ward":"港区","species":["イチョウ","タブノキほか"],"count":36,"route":"港34","alias":"","manager":"港区"}},{"type":"Feature","geometry":{"type":"LineString","coordinates":[[139.753135,35.664591],[139.75728,35.663171]]},"properties":{"ward":"港区","species":["イチョウ","プラタナス"],"count":57,"route":"芝10","alias":"","manager":"港区"}},{"type":"Feature","geometry":{"type":"LineString","coordinates":[[139.754355,35.631367],[139.754685,35.63215],[139.757396,35.632143]]},"properties":{"ward":"港区","species":["イチョウ","プラタナスほか"],"count":47,"route":"港51","alias":"","manager":"港区"}},{"type":"Feature","geometry":{"type":"LineString","coordinates":[[139.754159,35.624146],[139.754639,35.630811]]},"properties":{"ward":"港区","species":["イチョウ","ポプラほか"],"count":98,"route":"港56","alias":"","manager":"港区"}},{"type":"Feature","geometry":{"type":"LineString","coordinates":[[139.756508,35.64494],[139.757382,35.644935]]},"properties":{"ward":"港区","species":["イチョウ","モクレン"],"count":13,"route":"港22","alias":"","manager":"港区"}},{"type":"Feature","geometry":{"type":"LineString","coordinates":[[139.726233,35.635669],[139.726637,35.63509]]},"properties":{"ward":"港区","species":["イロハモミジ","ケヤキほか"],"count":9,"route":"高22","alias":"","manager":"港区"}},{"type":"Feature","geometry":{"type":"LineString","coordinates":[[139.739799,35.662785],[139.739681,35.662586],[139.739672,35.662314],[139.740016,35.661894],[139.740088,35.661566],[139.73962,35.660705]]},"properties":{"ward":"港区","species":["エゴノキ","ヤマボウシほか"],"count":38,"route":"麻37","alias":"","manager":"港区"}},{"type":"Feature","geometry":{"type":"LineString","coordinates":[[139.729098,35.644748],[139.729008,35.644776]]},"properties":{"ward":"港区","species":["エノキ"],"count":1,"route":"高09","alias":"","manager":"港区"}},{"type":"Feature","geometry":{"type":"LineString","coordinates":[[139.753983,35.64617],[139.754915,35.648175]]},"properties":{"ward":"港区","species":["エンジュ","イヌエンジュほか"],"count":22,"route":"港04","alias":"","manager":"港区"}},{"type":"Feature","geometry":{"type":"LineString","coordinates":[[139.745676,35.642767],[139.748733,35.644156]]},"properties":{"ward":"港区","species":["オリーブ"],"count":34,"route":"港14","alias":"","manager":"港区"}},{"type":"Feature","geometry":{"type":"LineString","coordinates":[[139.737141,35.637778],[139.737502,35.637788]]},"properties":{"ward":"港区","species":["カキノキ","ヤブツバキほか"],"count":33,"route":"高17","alias":"","manager":"港区"}},{"type":"Feature","geometry":{"type":"LineString","coordinates":[[139.735884,35.633408],[139.737413,35.632365]]},"properties":{"ward":"港区","species":["カクレミノ","ユズリハほか"],"count":55,"route":"高07","alias":"","manager":"港区"}},{"type":"Feature","geometry":{"type":"LineString","coordinates":[[139.744972,35.663597],[139.745154,35.663353]]},"properties":{"ward":"港区","species":["カツラ"],"count":3,"route":"芝25","alias":"","manager":"港区"}},{"type":"Feature","geometry":{"type":"LineString","coordinates":[[139.756786,35.668689],[139.757734,35.668367]]},"properties":{"ward":"港区","species":["カツラ"],"count":13,"route":"芝19","alias":"","manager":"港区"}},{"type":"Feature","geometry":{"type":"LineString","coordinates":[[139.723777,35.661994],[139.723947,35.661937],[139.724341,35.662167],[139.724602,35.66219],[139.725821,35.662145],[139.726251,35.662376],[139.72673,35.662773]]},"properties":{"ward":"港区","species":["カリン","ヤマボウシほか"],"count":9,"route":"麻6","alias":"","manager":"港区"}},{"type":"Feature","geometry":{"type":"LineString","coordinates":[[139.74177,35.629314],[139.741892,35.629014],[139.741872,35.628834],[139.741699,35.628553]]},"properties":{"ward":"港区","species":["キンモクセイ","クスノキほか"],"count":22,"route":"品川駅前","alias":"","manager":"港区"}},{"type":"Feature","geometry":{"type":"LineString","coordinates":[[139.729826,35.670276],[139.730089,35.670281]]},"properties":{"ward":"港区","species":["キンモクセイ","ツバキ類ほか"],"count":3,"route":"672号線\n崖下植込地","alias":"","manager":"港区"}},{"type":"Feature","geometry":{"type":"LineString","coordinates":[[139.726081,35.653521],[139.7266,35.65315],[139.727758,35.651393]]},"properties":{"ward":"港区","species":["キンモクセイ","ヒメシャラほか"],"count":4,"route":"麻21","alias":"","manager":"港区"}},{"type":"Feature","geometry":{"type":"LineString","coordinates":[[139.732736,35.662321],[139.732865,35.662164]]},"properties":{"ward":"港区","species":["クスノキ"],"count":1,"route":"麻27","alias":"","manager":"港区"}},{"type":"Feature","geometry":{"type":"LineString","coordinates":[[139.75809,35.662887],[139.757734,35.662468]]},"properties":{"ward":"港区","species":["クスノキ"],"count":3,"route":"芝69","alias":"","manager":"港区"}},{"type":"Feature","geometry":{"type":"LineString","coordinates":[[139.734768,35.674959],[139.735039,35.674666]]},"properties":{"ward":"港区","species":["クスノキ"],"count":4,"route":"赤04","alias":"","manager":"港区"}},{"type":"Feature","geometry":{"type":"LineString","coordinates":[[139.755864,35.660202],[139.757474,35.662159]]},"properties":{"ward":"港区","species":["クスノキ"],"count":11,"route":"芝64","alias":"","manager":"港区"}},{"type":"Feature","geometry":{"type":"LineString","coordinates":[[139.755442,35.660215],[139.756731,35.660073],[139.758074,35.659757]]},"properties":{"ward":"港区","species":["クスノキ"],"count":12,"route":"芝67","alias":"","manager":"港区"}},{"type":"Feature","geometry":{"type":"LineString","coordinates":[[139.75681,35.661376],[139.757362,35.661066],[139.758025,35.661853]]},"properties":{"ward":"港区","species":["クスノキ"],"count":14,"route":"芝59","alias":"","manager":"港区"}},{"type":"Feature","geometry":{"type":"LineString","coordinates":[[139.756731,35.660073],[139.756839,35.660424],[139.757362,35.661066]]},"properties":{"ward":"港区","species":["クスノキ"],"count":15,"route":"芝66","alias":"","manager":"港区"}},{"type":"Feature","geometry":{"type":"LineString","coordinates":[[139.756465,35.668074],[139.757011,35.669108]]},"properties":{"ward":"港区","species":["クスノキ"],"count":17,"route":"芝18","alias":"","manager":"港区"}},{"type":"Feature","geometry":{"type":"LineString","coordinates":[[139.736452,35.672165],[139.737319,35.671411]]},"properties":{"ward":"港区","species":["クスノキ"],"count":26,"route":"赤11","alias":"","manager":"港区"}},{"type":"Feature","geometry":{"type":"LineString","coordinates":[[139.732216,35.658166],[139.732194,35.657779],[139.732465,35.657273],[139.733232,35.656611],[139.735619,35.655711],[139.736719,35.655505]]},"properties":{"ward":"港区","species":["クスノキ","カツラほか"],"count":59,"route":"麻10","alias":"","manager":"港区"}},{"type":"Feature","geometry":{"type":"LineString","coordinates":[[139.757164,35.662316],[139.758025,35.661853]]},"properties":{"ward":"港区","species":["クスノキ","カナメモチ"],"count":10,"route":"芝65","alias":"","manager":"港区"}},{"type":"Feature","geometry":{"type":"LineString","coordinates":[[139.750427,35.657205],[139.75286,35.656975]]},"properties":{"ward":"港区","species":["クスノキ","シダレヤナギ"],"count":24,"route":"芝36","alias":"","manager":"港区"}},{"type":"Feature","geometry":{"type":"LineString","coordinates":[[139.742092,35.63196],[139.741511,35.632005],[139.741281,35.631837],[139.740645,35.629594]]},"properties":{"ward":"港区","species":["クスノキ","ハナミズキ"],"count":32,"route":"港39","alias":"","manager":"港区"}},{"type":"Feature","geometry":{"type":"LineString","coordinates":[[139.743465,35.625018],[139.743929,35.625145],[139.744754,35.625215]]},"properties":{"ward":"港区","species":["クスノキ","ハナミズキ"],"count":44,"route":"港43","alias":"","manager":"港区"}},{"type":"Feature","geometry":{"type":"LineString","coordinates":[[139.740645,35.629594],[139.744688,35.629336]]},"properties":{"ward":"港区","species":["クスノキ","ハナミズキ"],"count":58,"route":"港40","alias":"","manager":"港区"}},{"type":"Feature","geometry":{"type":"LineString","coordinates":[[139.740376,35.628413],[139.744604,35.628157]]},"properties":{"ward":"港区","species":["クスノキ","ハナミズキ"],"count":72,"route":"港42","alias":"","manager":"港区"}},{"type":"Feature","geometry":{"type":"LineString","coordinates":[[139.740027,35.624469],[139.739639,35.624998],[139.739483,35.625389],[139.739483,35.625637],[139.739841,35.626914],[139.740376,35.628413]]},"properties":{"ward":"港区","species":["クスノキ","ハナミズキ"],"count":73,"route":"港48","alias":"","manager":"港区"}},{"type":"Feature","geometry":{"type":"LineString","coordinates":[[139.731214,35.664505],[139.731651,35.664965],[139.732476,35.665375],[139.733575,35.666844]]},"properties":{"ward":"港区","species":["クスノキ","ベニカエデ"],"count":51,"route":"赤19","alias":"","manager":"港区"}},{"type":"Feature","geometry":{"type":"LineString","coordinates":[[139.760486,35.655879],[139.76211,35.654945]]},"properties":{"ward":"港区","species":["クスノキ","ホルトノキほか"],"count":22,"route":"芝40","alias":"","manager":"港区"}},{"type":"Feature","geometry":{"type":"LineString","coordinates":[[139.732445,35.62954],[139.737063,35.629025]]},"properties":{"ward":"港区","species":["クスノキ","マテバシイほか"],"count":54,"route":"高08","alias":"","manager":"港区"}},{"type":"Feature","geometry":{"type":"LineString","coordinates":[[139.749144,35.667611],[139.74928,35.667569]]},"properties":{"ward":"港区","species":["クロガネモチ"],"count":3,"route":"芝87","alias":"","manager":"港区"}},{"type":"Feature","geometry":{"type":"LineString","coordinates":[[139.759461,35.661658],[139.759733,35.661596],[139.760574,35.661156]]},"properties":{"ward":"港区","species":["クロガネモチ"],"count":22,"route":"芝60","alias":"","manager":"港区"}},{"type":"Feature","geometry":{"type":"LineString","coordinates":[[139.739725,35.665945],[139.739807,35.665831]]},"properties":{"ward":"港区","species":["ケヤキ"],"count":1,"route":"麻1","alias":"","manager":"港区"}},{"type":"Feature","geometry":{"type":"LineString","coordinates":[[139.73242,35.667572],[139.732578,35.667525]]},"properties":{"ward":"港区","species":["ケヤキ"],"count":1,"route":"檜町資材置場\n前植込地","alias":"","manager":"港区"}},{"type":"Feature","geometry":{"type":"LineString","coordinates":[[139.734766,35.641602],[139.735081,35.640979]]},"properties":{"ward":"港区","species":["ケヤキ"],"count":2,"route":"高19","alias":"","manager":"港区"}},{"type":"Feature","geometry":{"type":"LineString","coordinates":[[139.721828,35.652919],[139.722041,35.652929]]},"properties":{"ward":"港区","species":["ケヤキ"],"count":4,"route":"麻17","alias":"","manager":"港区"}},{"type":"Feature","geometry":{"type":"LineString","coordinates":[[139.73001,35.659185],[139.731104,35.659159]]},"properties":{"ward":"港区","species":["ケヤキ"],"count":6,"route":"麻7","alias":"","manager":"港区"}},{"type":"Feature","geometry":{"type":"LineString","coordinates":[[139.724904,35.648915],[139.724876,35.648856]]},"properties":{"ward":"港区","species":["ケヤキ","イチョウ"],"count":2,"route":"麻25","alias":"","manager":"港区"}},{"type":"Feature","geometry":{"type":"LineString","coordinates":[[139.730185,35.653999],[139.729759,35.652406]]},"properties":{"ward":"港区","species":["ケヤキ","イチョウ"],"count":6,"route":"麻18","alias":"","manager":"港区"}},{"type":"Feature","geometry":{"type":"LineString","coordinates":[[139.722066,35.660044],[139.722566,35.659952]]},"properties":{"ward":"港区","species":["ケヤキ","エゴノキ"],"count":2,"route":"麻32","alias":"","manager":"港区"}},{"type":"Feature","geometry":{"type":"LineString","coordinates":[[139.718263,35.657072],[139.72208,35.655752]]},"properties":{"ward":"港区","species":["ケヤキ","キンモクセイほか"],"count":53,"route":"麻16","alias":"","manager":"港区"}},{"type":"Feature","geometry":{"type":"LineString","coordinates":[[139.758027,35.656391],[139.759836,35.656043]]},"properties":{"ward":"港区","species":["ハクモクレン","タブノキほか"],"count":29,"route":"芝39","alias":"","manager":"港区"}},{"type":"Feature","geometry":{"type":"LineString","coordinates":[[139.731613,35.647056],[139.731622,35.646938]]},"properties":{"ward":"港区","species":["コブシ","モモ"],"count":2,"route":"高20","alias":"","manager":"港区"}},{"type":"Feature","geometry":{"type":"LineString","coordinates":[[139.731736,35.641469],[139.731945,35.641291]]},"properties":{"ward":"港区","species":["サクラ"],"count":1,"route":"高21","alias":"","manager":"港区"}},{"type":"Feature","geometry":{"type":"LineString","coordinates":[[139.729082,35.652999],[139.728665,35.652571]]},"properties":{"ward":"港区","species":["サクラ"],"count":5,"route":"麻19","alias":"","manager":"港区"}},{"type":"Feature","geometry":{"type":"LineString","coordinates":[[139.748012,35.645085],[139.748495,35.644347],[139.748733,35.644156]]},"properties":{"ward":"港区","species":["サクラ"],"count":6,"route":"港13","alias":"","manager":"港区"}},{"type":"Feature","geometry":{"type":"LineString","coordinates":[[139.718893,35.668264],[139.720069,35.668604]]},"properties":{"ward":"港区","species":["サクラ"],"count":8,"route":"赤13","alias":"","manager":"港区"}},{"type":"Feature","geometry":{"type":"LineString","coordinates":[[139.727855,35.664663],[139.729089,35.665573]]},"properties":{"ward":"港区","species":["サクラ"],"count":10,"route":"赤･麻31","alias":"","manager":"港区"}},{"type":"Feature","geometry":{"type":"LineString","coordinates":[[139.748811,35.664022],[139.749484,35.663768]]},"properties":{"ward":"港区","species":["サクラ"],"count":15,"route":"芝11","alias":"","manager":"港区"}},{"type":"Feature","geometry":{"type":"LineString","coordinates":[[139.746837,35.664819],[139.748059,35.664323]]},"properties":{"ward":"港区","species":["サクラ"],"count":15,"route":"芝11","alias":"","manager":"港区"}},{"type":"Feature","geometry":{"type":"LineString","coordinates":[[139.748917,35.643887],[139.748733,35.644156]]},"properties":{"ward":"港区","species":["サクラ"],"count":22,"route":"港19","alias":"","manager":"港区"}},{"type":"Feature","geometry":{"type":"LineString","coordinates":[[139.749709,35.642647],[139.749036,35.643679]]},"properties":{"ward":"港区","species":["サクラ"],"count":22,"route":"港19","alias":"","manager":"港区"}},{"type":"Feature","geometry":{"type":"LineString","coordinates":[[139.748548,35.6346],[139.750346,35.633997]]},"properties":{"ward":"港区","species":["サクラ"],"count":35,"route":"港37","alias":"","manager":"港区"}},{"type":"Feature","geometry":{"type":"LineString","coordinates":[[139.741015,35.668687],[139.741683,35.668387],[139.741005,35.667273],[139.741793,35.666799],[139.741829,35.666699],[139.741616,35.666328],[139.74074,35.66546]]},"properties":{"ward":"港区","species":["サクラ"],"count":35,"route":"赤16","alias":"","manager":"港区"}},{"type":"Feature","geometry":{"type":"LineString","coordinates":[[139.739426,35.666678],[139.74061,35.665767],[139.74074,35.66546]]},"properties":{"ward":"港区","species":["サクラ"],"count":38,"route":"赤17","alias":"","manager":"港区"}},{"type":"Feature","geometry":{"type":"LineString","coordinates":[[139.742432,35.628308],[139.7424,35.627049],[139.742482,35.626383],[139.74285,35.625035]]},"properties":{"ward":"港区","species":["サクラ"],"count":39,"route":"港64","alias":"","manager":"港区"}},{"type":"Feature","geometry":{"type":"LineString","coordinates":[[139.753771,35.645702],[139.752459,35.643109]]},"properties":{"ward":"港区","species":["サクラ"],"count":41,"route":"港05","alias":"","manager":"港区"}},{"type":"Feature","geometry":{"type":"LineString","coordinates":[[139.744399,35.639853],[139.745158,35.642269],[139.745676,35.642767]]},"properties":{"ward":"港区","species":["サクラ"],"count":58,"route":"港21","alias":"","manager":"港区"}},{"type":"Feature","geometry":{"type":"LineString","coordinates":[[139.741959,35.660415],[139.742102,35.660418]]},"properties":{"ward":"港区","species":["サクラ","イチョウほか"],"count":10,"route":"麻26","alias":"","manager":"港区"}},{"type":"Feature","geometry":{"type":"LineString","coordinates":[[139.745286,35.629078],[139.747796,35.628949]]},"properties":{"ward":"港区","species":["サクラ","クロガネモチほか"],"count":58,"route":"港50","alias":"","manager":"港区"}},{"type":"Feature","geometry":{"type":"LineString","coordinates":[[139.747796,35.628949],[139.748553,35.629204]]},"properties":{"ward":"港区","species":["サクラ","クロガネモチほか"],"count":58,"route":"港50","alias":"","manager":"港区"}},{"type":"Feature","geometry":{"type":"LineString","coordinates":[[139.747796,35.628949],[139.749888,35.628866]]},"properties":{"ward":"港区","species":["サクラ","クロガネモチほか"],"count":58,"route":"港50","alias":"","manager":"港区"}},{"type":"Feature","geometry":{"type":"LineString","coordinates":[[139.720805,35.668736],[139.722204,35.665263]]},"properties":{"ward":"港区","species":["サクラ","サワラほか"],"count":154,"route":"赤14","alias":"","manager":"港区"}},{"type":"Feature","geometry":{"type":"LineString","coordinates":[[139.722453,35.664619],[139.723414,35.662201]]},"properties":{"ward":"港区","species":["サクラ","サワラほか"],"count":154,"route":"赤14","alias":"","manager":"港区"}},{"type":"Feature","geometry":{"type":"LineString","coordinates":[[139.736642,35.665199],[139.737112,35.664557],[139.737437,35.663578]]},"properties":{"ward":"港区","species":["サクラ","シマトネリコ"],"count":29,"route":"麻31","alias":"","manager":"港区"}},{"type":"Feature","geometry":{"type":"LineString","coordinates":[[139.74074,35.66546],[139.740396,35.664654],[139.739953,35.66401],[139.739749,35.663543]]},"properties":{"ward":"港区","species":["サクラ","ソメイヨシノ"],"count":48,"route":"麻2","alias":"","manager":"港区"}},{"type":"Feature","geometry":{"type":"LineString","coordinates":[[139.747578,35.651646],[139.74923,35.651509]]},"properties":{"ward":"港区","species":["サクラ","ヤマモモほか"],"count":8,"route":"芝53","alias":"","manager":"港区"}},{"type":"Feature","geometry":{"type":"LineString","coordinates":[[139.718216,35.659714],[139.718571,35.659576]]},"properties":{"ward":"港区","species":["サクラ、クスノキ"],"count":3,"route":"高樹町交差点（六本木側）","alias":"","manager":"港区"}},{"type":"Feature","geometry":{"type":"LineString","coordinates":[[139.738624,35.672685],[139.739051,35.672043]]},"properties":{"ward":"港区","species":["サトザクラ","キンモクセイ"],"count":5,"route":"赤10","alias":"","manager":"港区"}},{"type":"Feature","geometry":{"type":"LineString","coordinates":[[139.751283,35.645024],[139.750326,35.646423]]},"properties":{"ward":"港区","species":["サトザクラ","プラタナスほか"],"count":32,"route":"港08","alias":"","manager":"港区"}},{"type":"Feature","geometry":{"type":"LineString","coordinates":[[139.751632,35.644514],[139.751492,35.644719]]},"properties":{"ward":"港区","species":["サトザクラ","プラタナスほか"],"count":32,"route":"港08","alias":"","manager":"港区"}},{"type":"Feature","geometry":{"type":"LineString","coordinates":[[139.750911,35.659373],[139.752464,35.659146]]},"properties":{"ward":"港区","species":["サルスベリ"],"count":17,"route":"芝29","alias":"","manager":"港区"}},{"type":"Feature","geometry":{"type":"LineString","coordinates":[[139.752464,35.659146],[139.754707,35.658812]]},"properties":{"ward":"港区","species":["サルスベリ"],"count":20,"route":"芝63","alias":"","manager":"港区"}},{"type":"Feature","geometry":{"type":"LineString","coordinates":[[139.746325,35.635315],[139.747378,35.634972]]},"properties":{"ward":"港区","species":["シダレザクラ"],"count":22,"route":"港36","alias":"","manager":"港区"}},{"type":"Feature","geometry":{"type":"LineString","coordinates":[[139.756698,35.666128],[139.757488,35.667528]]},"properties":{"ward":"港区","species":["シダレヤナギ"],"count":19,"route":"芝22","alias":"","manager":"港区"}},{"type":"Feature","geometry":{"type":"LineString","coordinates":[[139.753944,35.660407],[139.755511,35.663795],[139.756698,35.666128]]},"properties":{"ward":"港区","species":["シダレヤナギ","ハナミズキほか"],"count":34,"route":"芝16","alias":"","manager":"港区"}},{"type":"Feature","geometry":{"type":"LineString","coordinates":[[139.75286,35.656975],[139.754388,35.656812]]},"properties":{"ward":"港区","species":["シマトネリコ"],"count":12,"route":"芝37","alias":"","manager":"港区"}},{"type":"Feature","geometry":{"type":"LineString","coordinates":[[139.754976,35.656752],[139.757175,35.65654]]},"properties":{"ward":"港区","species":["シマトネリコ"],"count":18,"route":"芝38","alias":"","manager":"港区"}},{"type":"Feature","geometry":{"type":"LineString","coordinates":[[139.749925,35.638789],[139.74988,35.639014],[139.749958,35.639397],[139.750313,35.639917],[139.751215,35.639641]]},"properties":{"ward":"港区","species":["シマトネリコ"],"count":26,"route":"港60","alias":"","manager":"港区"}},{"type":"Feature","geometry":{"type":"LineString","coordinates":[[139.732959,35.644296],[139.734528,35.644072]]},"properties":{"ward":"港区","species":["シマトネリコ"],"count":26,"route":"高16","alias":"","manager":"港区"}},{"type":"Feature","geometry":{"type":"LineString","coordinates":[[139.742863,35.629453],[139.743079,35.63173]]},"properties":{"ward":"港区","species":["シマトネリコ"],"count":43,"route":"港45","alias":"","manager":"港区"}},{"type":"Feature","geometry":{"type":"LineString","coordinates":[[139.743286,35.637616],[139.742423,35.634652],[139.742092,35.63196]]},"properties":{"ward":"港区","species":["シマトネリコ","ナンキンハゼほか"],"count":39,"route":"港57","alias":"","manager":"港区"}},{"type":"Feature","geometry":{"type":"LineString","coordinates":[[139.733718,35.637035],[139.733978,35.636935]]},"properties":{"ward":"港区","species":["シラカシ"],"count":0,"route":"高04","alias":"","manager":"港区"}},{"type":"Feature","geometry":{"type":"LineString","coordinates":[[139.723978,35.643141],[139.724216,35.642894]]},"properties":{"ward":"港区","species":["シラカシ"],"count":2,"route":"高23","alias":"","manager":"港区"}},{"type":"Feature","geometry":{"type":"LineString","coordinates":[[139.760893,35.667219],[139.761649,35.666929],[139.761486,35.666708]]},"properties":{"ward":"港区","species":["シラカシ"],"count":5,"route":"芝21","alias":"","manager":"港区"}},{"type":"Feature","geometry":{"type":"LineString","coordinates":[[139.748212,35.651043],[139.748162,35.650637]]},"properties":{"ward":"港区","species":["シラカシ"],"count":5,"route":"芝54","alias":"","manager":"港区"}},{"type":"Feature","geometry":{"type":"LineString","coordinates":[[139.743248,35.665726],[139.743178,35.665406]]},"properties":{"ward":"港区","species":["シラカシ"],"count":6,"route":"芝89","alias":"","manager":"港区"}},{"type":"Feature","geometry":{"type":"LineString","coordinates":[[139.748745,35.63176],[139.748958,35.634463]]},"properties":{"ward":"港区","species":["シラカシ"],"count":8,"route":"港38","alias":"","manager":"港区"}},{"type":"Feature","geometry":{"type":"LineString","coordinates":[[139.733123,35.645212],[139.732882,35.643868]]},"properties":{"ward":"港区","species":["シラカシ"],"count":12,"route":"高15","alias":"","manager":"港区"}},{"type":"Feature","geometry":{"type":"LineString","coordinates":[[139.749561,35.647339],[139.750632,35.647856]]},"properties":{"ward":"港区","species":["シラカシ"],"count":13,"route":"芝62","alias":"","manager":"港区"}},{"type":"Feature","geometry":{"type":"LineString","coordinates":[[139.738975,35.655032],[139.738921,35.654106],[139.7402,35.65387],[139.740599,35.65369]]},"properties":{"ward":"港区","species":["シラカシ"],"count":14,"route":"芝70","alias":"","manager":"港区"}},{"type":"Feature","geometry":{"type":"LineString","coordinates":[[139.748485,35.641692],[139.749094,35.641513],[139.75079,35.64225]]},"properties":{"ward":"港区","species":["シラカシ"],"count":20,"route":"港58","alias":"","manager":"港区"}},{"type":"Feature","geometry":{"type":"LineString","coordinates":[[139.748656,35.667599],[139.750243,35.667074]]},"properties":{"ward":"港区","species":["シラカシ"],"count":21,"route":"芝88","alias":"","manager":"港区"}},{"type":"Feature","geometry":{"type":"LineString","coordinates":[[139.739422,35.649589],[139.73954,35.650466]]},"properties":{"ward":"港区","species":["シラカシ","ケヤキほか"],"count":12,"route":"芝52三田","alias":"","manager":"港区"}},{"type":"Feature","geometry":{"type":"LineString","coordinates":[[139.742432,35.628308],[139.742037,35.628912],[139.744755,35.628757]]},"properties":{"ward":"港区","species":["シラカシ","ハナミズキ"],"count":9,"route":"港41","alias":"","manager":"港区"}},{"type":"Feature","geometry":{"type":"LineString","coordinates":[[139.730193,35.667709],[139.730282,35.668251],[139.730465,35.668582],[139.730922,35.66869]]},"properties":{"ward":"港区","species":["シラカシ、スジダイほか"],"count":33,"route":"1157号線崖下植込地","alias":"","manager":"港区"}},{"type":"Feature","geometry":{"type":"LineString","coordinates":[[139.739918,35.651337],[139.73961,35.651027],[139.73954,35.650466]]},"properties":{"ward":"港区","species":["スダジイ","サンゴジュほか"],"count":25,"route":"芝52","alias":"","manager":"港区"}},{"type":"Feature","geometry":{"type":"LineString","coordinates":[[139.750829,35.668068],[139.754232,35.66695]]},"properties":{"ward":"港区","species":["セイヨウシナノキ"],"count":48,"route":"芝04","alias":"","manager":"港区"}},{"type":"Feature","geometry":{"type":"LineString","coordinates":[[139.748447,35.668858],[139.750829,35.668068]]},"properties":{"ward":"港区","species":["ソヨゴ"],"count":24,"route":"芝03","alias":"","manager":"港区"}},{"type":"Feature","geometry":{"type":"LineString","coordinates":[[139.751963,35.670117],[139.752776,35.669796],[139.75353,35.669775],[139.754998,35.669292]]},"properties":{"ward":"港区","species":["ソヨゴ"],"count":25,"route":"芝73","alias":"","manager":"港区"}},{"type":"Feature","geometry":{"type":"LineString","coordinates":[[139.75373,35.662557],[139.754795,35.662246]]},"properties":{"ward":"港区","species":["タブノキ"],"count":14,"route":"芝68","alias":"","manager":"港区"}},{"type":"Feature","geometry":{"type":"LineString","coordinates":[[139.751231,35.641128],[139.752824,35.640643]]},"properties":{"ward":"港区","species":["タブノキ","エノキ"],"count":30,"route":"港59","alias":"","manager":"港区"}},{"type":"Feature","geometry":{"type":"LineString","coordinates":[[139.722638,35.640154],[139.722796,35.640067]]},"properties":{"ward":"港区","species":["ツバキ類","スダジイほか"],"count":8,"route":"高10","alias":"","manager":"港区"}},{"type":"Feature","geometry":{"type":"LineString","coordinates":[[139.722796,35.640067],[139.722711,35.639918]]},"properties":{"ward":"港区","species":["ツバキ類","スダジイほか"],"count":8,"route":"高10","alias":"","manager":"港区"}},{"type":"Feature","geometry":{"type":"LineString","coordinates":[[139.722902,35.640253],[139.722796,35.640067]]},"properties":{"ward":"港区","species":["ツバキ類","スダジイほか"],"count":8,"route":"高10","alias":"","manager":"港区"}},{"type":"Feature","geometry":{"type":"LineString","coordinates":[[139.763624,35.656211],[139.762681,35.655177]]},"properties":{"ward":"港区","species":["ツバキ類","ヤマモモほか"],"count":33,"route":"芝41","alias":"","manager":"港区"}},{"type":"Feature","geometry":{"type":"LineString","coordinates":[[139.744602,35.66631],[139.74525,35.665952],[139.745608,35.665487],[139.74611,35.665343]]},"properties":{"ward":"港区","species":["トウカエデ"],"count":20,"route":"芝86","alias":"","manager":"港区"}},{"type":"Feature","geometry":{"type":"LineString","coordinates":[[139.744845,35.63802],[139.745386,35.639815]]},"properties":{"ward":"港区","species":["トウカエデ"],"count":22,"route":"港65","alias":"","manager":"港区"}},{"type":"Feature","geometry":{"type":"LineString","coordinates":[[139.744121,35.669176],[139.745464,35.670064]]},"properties":{"ward":"港区","species":["トウカエデ"],"count":25,"route":"赤20","alias":"","manager":"港区"}},{"type":"Feature","geometry":{"type":"LineString","coordinates":[[139.756087,35.642935],[139.756118,35.640545]]},"properties":{"ward":"港区","species":["トウカエデ","エンジュ"],"count":14,"route":"港29","alias":"","manager":"港区"}},{"type":"Feature","geometry":{"type":"LineString","coordinates":[[139.749179,35.64345],[139.750639,35.644098]]},"properties":{"ward":"港区","species":["トウカエデ"],"count":33,"route":"港16","alias":"","manager":"港区"}},{"type":"Feature","geometry":{"type":"LineString","coordinates":[[139.732751,35.678811],[139.732473,35.678731],[139.732075,35.677769],[139.732534,35.677263],[139.732431,35.676015]]},"properties":{"ward":"港区","species":["トウカエデ","ハナミズキほか"],"count":54,"route":"赤01","alias":"","manager":"港区"}},{"type":"Feature","geometry":{"type":"LineString","coordinates":[[139.750023,35.654027],[139.752611,35.653766],[139.753975,35.653519]]},"properties":{"ward":"港区","species":["トウネズミモチ","クスノキほか"],"count":12,"route":"芝72","alias":"","manager":"港区"}},{"type":"Feature","geometry":{"type":"LineString","coordinates":[[139.73138,35.668732],[139.731636,35.668715]]},"properties":{"ward":"港区","species":["ナツミカン","カキノキほか"],"count":4,"route":"613号線\n脇植込地","alias":"","manager":"港区"}},{"type":"Feature","geometry":{"type":"LineString","coordinates":[[139.742982,35.666996],[139.743325,35.667604],[139.744091,35.668626]]},"properties":{"ward":"港区","species":["ナナミノキ"],"count":16,"route":"赤21","alias":"","manager":"港区"}},{"type":"Feature","geometry":{"type":"LineString","coordinates":[[139.725853,35.649426],[139.728417,35.650033]]},"properties":{"ward":"港区","species":["ハクモクレン","コブシ"],"count":16,"route":"麻24","alias":"","manager":"港区"}},{"type":"Feature","geometry":{"type":"LineString","coordinates":[[139.736076,35.665827],[139.736214,35.6659]]},"properties":{"ward":"港区","species":["ハナミズキ"],"count":2,"route":"麻35","alias":"","manager":"港区"}},{"type":"Feature","geometry":{"type":"LineString","coordinates":[[139.744777,35.668278],[139.745946,35.667403],[139.747384,35.666892]]},"properties":{"ward":"港区","species":["ヤマボウシ","ソヨゴ"],"count":27,"route":"芝07","alias":"","manager":"港区"}},{"type":"Feature","geometry":{"type":"LineString","coordinates":[[139.745637,35.653846],[139.746506,35.653134]]},"properties":{"ward":"港区","species":["ハナミズキ"],"count":7,"route":"芝48","alias":"","manager":"港区"}},{"type":"Feature","geometry":{"type":"LineString","coordinates":[[139.733244,35.63562],[139.734676,35.635287]]},"properties":{"ward":"港区","species":["ハナミズキ"],"count":8,"route":"高05","alias":"","manager":"港区"}},{"type":"Feature","geometry":{"type":"LineString","coordinates":[[139.729576,35.650059],[139.730422,35.650161]]},"properties":{"ward":"港区","species":["ハナミズキ"],"count":8,"route":"麻23","alias":"","manager":"港区"}},{"type":"Feature","geometry":{"type":"LineString","coordinates":[[139.757762,35.667228],[139.757769,35.666724],[139.757962,35.665705]]},"properties":{"ward":"港区","species":["ハナミズキ","マテバシイ"],"count":14,"route":"芝17","alias":"","manager":"港区"}},{"type":"Feature","geometry":{"type":"LineString","coordinates":[[139.754442,35.653481],[139.756409,35.65329]]},"properties":{"ward":"港区","species":["ハナミズキ"],"count":12,"route":"芝61","alias":"","manager":"港区"}},{"type":"Feature","geometry":{"type":"LineString","coordinates":[[139.721193,35.657327],[139.721767,35.657157],[139.722485,35.657102]]},"properties":{"ward":"港区","species":["ハナミズキ"],"count":13,"route":"麻15","alias":"","manager":"港区"}},{"type":"Feature","geometry":{"type":"LineString","coordinates":[[139.742363,35.665869],[139.740245,35.663385],[139.739749,35.663543]]},"properties":{"ward":"港区","species":["ハナミズキ"],"count":14,"route":"麻28","alias":"","manager":"港区"}},{"type":"Feature","geometry":{"type":"LineString","coordinates":[[139.75618,35.650596],[139.755376,35.648936]]},"properties":{"ward":"港区","species":["ハナミズキ"],"count":15,"route":"港03","alias":"","manager":"港区"}},{"type":"Feature","geometry":{"type":"LineString","coordinates":[[139.752525,35.64666],[139.754594,35.647529]]},"properties":{"ward":"港区","species":["ハナミズキ"],"count":15,"route":"港09","alias":"","manager":"港区"}},{"type":"Feature","geometry":{"type":"LineString","coordinates":[[139.735296,35.677077],[139.7358,35.676085],[139.736304,35.674461],[139.736887,35.674001],[139.737176,35.67279]]},"properties":{"ward":"港区","species":["ハナミズキ"],"count":16,"route":"赤03","alias":"","manager":"港区"}},{"type":"Feature","geometry":{"type":"LineString","coordinates":[[139.752045,35.647408],[139.753081,35.645795]]},"properties":{"ward":"港区","species":["ハナミズキ"],"count":18,"route":"港12","alias":"","manager":"港区"}},{"type":"Feature","geometry":{"type":"LineString","coordinates":[[139.739076,35.642528],[139.740892,35.644048]]},"properties":{"ward":"港区","species":["ハナミズキ"],"count":17,"route":"高01","alias":"","manager":"港区"}},{"type":"Feature","geometry":{"type":"LineString","coordinates":[[139.752689,35.654891],[139.752611,35.653766]]},"properties":{"ward":"港区","species":["ハナミズキ"],"count":18,"route":"芝45","alias":"","manager":"港区"}},{"type":"Feature","geometry":{"type":"LineString","coordinates":[[139.750887,35.646862],[139.752841,35.6478]]},"properties":{"ward":"港区","species":["ハナミズキ"],"count":20,"route":"港07","alias":"","manager":"港区"}},{"type":"Feature","geometry":{"type":"LineString","coordinates":[[139.74275,35.647795],[139.743872,35.647285]]},"properties":{"ward":"港区","species":["ハナミズキ"],"count":22,"route":"芝24","alias":"","manager":"港区"}},{"type":"Feature","geometry":{"type":"LineString","coordinates":[[139.746863,35.628961],[139.747103,35.631488]]},"properties":{"ward":"港区","species":["ハナミズキ"],"count":21,"route":"港46","alias":"","manager":"港区"}},{"type":"Feature","geometry":{"type":"LineString","coordinates":[[139.751632,35.644514],[139.753332,35.645244],[139.753513,35.645191]]},"properties":{"ward":"港区","species":["ハナミズキ"],"count":23,"route":"港15","alias":"","manager":"港区"}},{"type":"Feature","geometry":{"type":"LineString","coordinates":[[139.748732,35.631397],[139.748532,35.62894]]},"properties":{"ward":"港区","species":["ハナミズキ"],"count":25,"route":"港47","alias":"","manager":"港区"}},{"type":"Feature","geometry":{"type":"LineString","coordinates":[[139.745695,35.648877],[139.74749,35.648749]]},"properties":{"ward":"港区","species":["ハナミズキ"],"count":24,"route":"芝57","alias":"","manager":"港区"}},{"type":"Feature","geometry":{"type":"LineString","coordinates":[[139.752793,35.66058],[139.752464,35.659146]]},"properties":{"ward":"港区","species":["ハナミズキ"],"count":30,"route":"芝30","alias":"","manager":"港区"}},{"type":"Feature","geometry":{"type":"LineString","coordinates":[[139.752464,35.659146],[139.75286,35.656975]]},"properties":{"ward":"港区","species":["ハナミズキ"],"count":32,"route":"芝34","alias":"","manager":"港区"}},{"type":"Feature","geometry":{"type":"LineString","coordinates":[[139.756871,35.640545],[139.756839,35.642941]]},"properties":{"ward":"港区","species":["ハナミズキ"],"count":28,"route":"港61","alias":"","manager":"港区"}},{"type":"Feature","geometry":{"type":"LineString","coordinates":[[139.756881,35.638886],[139.756871,35.640545]]},"properties":{"ward":"港区","species":["ハナミズキ"],"count":28,"route":"港62","alias":"","manager":"港区"}},{"type":"Feature","geometry":{"type":"LineString","coordinates":[[139.7469,35.642446],[139.749179,35.64345]]},"properties":{"ward":"港区","species":["ハナミズキ"],"count":31,"route":"港17","alias":"","manager":"港区"}},{"type":"Feature","geometry":{"type":"LineString","coordinates":[[139.737397,35.65537],[139.741175,35.654561],[139.74149,35.654558]]},"properties":{"ward":"港区","species":["ハナミズキ"],"count":32,"route":"芝46","alias":"","manager":"港区"}},{"type":"Feature","geometry":{"type":"LineString","coordinates":[[139.754837,35.653445],[139.755306,35.656718]]},"properties":{"ward":"港区","species":["ハナミズキ"],"count":30,"route":"芝81","alias":"","manager":"港区"}},{"type":"Feature","geometry":{"type":"LineString","coordinates":[[139.741962,35.655368],[139.742835,35.657132]]},"properties":{"ward":"港区","species":["ハナミズキ"],"count":32,"route":"麻4","alias":"","manager":"港区"}},{"type":"Feature","geometry":{"type":"LineString","coordinates":[[139.75286,35.656975],[139.752689,35.654891]]},"properties":{"ward":"港区","species":["ハナミズキ"],"count":39,"route":"芝42","alias":"","manager":"港区"}},{"type":"Feature","geometry":{"type":"LineString","coordinates":[[139.752793,35.66058],[139.756465,35.668074]]},"properties":{"ward":"港区","species":["ハナミズキ"],"count":164,"route":"芝15","alias":"","manager":"港区"}},{"type":"Feature","geometry":{"type":"LineString","coordinates":[[139.719632,35.641462],[139.719694,35.641769]]},"properties":{"ward":"港区","species":["ハナミズキ","アオギリほか"],"count":13,"route":"高13","alias":"","manager":"港区"}},{"type":"Feature","geometry":{"type":"LineString","coordinates":[[139.719558,35.641698],[139.719492,35.641483]]},"properties":{"ward":"港区","species":["ハナミズキ","アオギリほか"],"count":13,"route":"高13","alias":"","manager":"港区"}},{"type":"Feature","geometry":{"type":"LineString","coordinates":[[139.748279,35.645495],[139.750326,35.646423]]},"properties":{"ward":"港区","species":["ハナミズキ","イチョウ"],"count":17,"route":"港11","alias":"","manager":"港区"}},{"type":"Feature","geometry":{"type":"LineString","coordinates":[[139.74372,35.624315],[139.74491,35.6245]]},"properties":{"ward":"港区","species":["ハナミズキ","エノキ"],"count":6,"route":"港44","alias":"","manager":"港区"}},{"type":"Feature","geometry":{"type":"LineString","coordinates":[[139.734263,35.652615],[139.734673,35.654061],[139.734866,35.655201]]},"properties":{"ward":"港区","species":["ハナミズキ","ケヤキほか"],"count":32,"route":"麻9","alias":"","manager":"港区"}},{"type":"Feature","geometry":{"type":"LineString","coordinates":[[139.735148,35.655172],[139.734866,35.655201]]},"properties":{"ward":"港区","species":["ハナミズキ","ケヤキほか"],"count":32,"route":"麻9","alias":"","manager":"港区"}},{"type":"Feature","geometry":{"type":"LineString","coordinates":[[139.734866,35.655201],[139.734981,35.655964]]},"properties":{"ward":"港区","species":["ハナミズキ","ケヤキほか"],"count":32,"route":"麻9","alias":"","manager":"港区"}},{"type":"Feature","geometry":{"type":"LineString","coordinates":[[139.748154,35.641082],[139.748815,35.640879]]},"properties":{"ward":"港区","species":["ハナミズキ","シラカシ"],"count":16,"route":"港32","alias":"","manager":"港区"}},{"type":"Feature","geometry":{"type":"LineString","coordinates":[[139.75246,35.653023],[139.75236,35.651041]]},"properties":{"ward":"港区","species":["ハナミズキ","シラカシほか"],"count":27,"route":"芝55","alias":"","manager":"港区"}},{"type":"Feature","geometry":{"type":"LineString","coordinates":[[139.746667,35.624414],[139.74629,35.627101],[139.746441,35.628616],[139.746773,35.628809],[139.746863,35.628961]]},"properties":{"ward":"港区","species":["ハナミズキ","ソメイヨシノほか"],"count":48,"route":"港49","alias":"","manager":"港区"}},{"type":"Feature","geometry":{"type":"LineString","coordinates":[[139.741683,35.668387],[139.742054,35.668824],[139.742156,35.669399]]},"properties":{"ward":"港区","species":["ハナミズキ","ハクモクレンほか"],"count":24,"route":"赤15","alias":"","manager":"港区"}},{"type":"Feature","geometry":{"type":"LineString","coordinates":[[139.74173,35.669445],[139.742156,35.669399]]},"properties":{"ward":"港区","species":["ハナミズキ","ハクモクレンほか"],"count":24,"route":"赤15","alias":"","manager":"港区"}},{"type":"Feature","geometry":{"type":"LineString","coordinates":[[139.742156,35.669399],[139.74285,35.669333]]},"properties":{"ward":"港区","species":["ハナミズキ","ハクモクレンほか"],"count":24,"route":"赤15","alias":"","manager":"港区"}},{"type":"Feature","geometry":{"type":"LineString","coordinates":[[139.751138,35.659339],[139.750793,35.65717]]},"properties":{"ward":"港区","species":["ハナミズキ","ハゼノキ"],"count":14,"route":"芝32","alias":"","manager":"港区"}},{"type":"Feature","geometry":{"type":"LineString","coordinates":[[139.732854,35.656202],[139.733232,35.656611]]},"properties":{"ward":"港区","species":["ハナミズキ","マテバシイほか"],"count":10,"route":"麻8","alias":"","manager":"港区"}},{"type":"Feature","geometry":{"type":"LineString","coordinates":[[139.721794,35.638432],[139.722794,35.636657]]},"properties":{"ward":"港区","species":["ハナミズキ","ムクゲほか"],"count":19,"route":"高18","alias":"","manager":"港区"}},{"type":"Feature","geometry":{"type":"LineString","coordinates":[[139.749951,35.652789],[139.751041,35.653139],[139.752283,35.653089],[139.75246,35.653023]]},"properties":{"ward":"港区","species":["ハナミズキ","モミジバフウ"],"count":23,"route":"芝49","alias":"","manager":"港区"}},{"type":"Feature","geometry":{"type":"LineString","coordinates":[[139.722033,35.674608],[139.721601,35.674446],[139.722224,35.673081],[139.721161,35.672743],[139.720226,35.674556],[139.720457,35.674723],[139.720971,35.675387],[139.721002,35.675601],[139.721484,35.675797]]},"properties":{"ward":"港区","species":["ハナミズキ","ヤマボウシ"],"count":66,"route":"赤07","alias":"","manager":"港区"}},{"type":"Feature","geometry":{"type":"LineString","coordinates":[[139.725897,35.654577],[139.729036,35.652329],[139.730015,35.651991],[139.73058,35.651919]]},"properties":{"ward":"港区","species":["ハナミズキ","ヤマボウシほか"],"count":24,"route":"麻20","alias":"","manager":"港区"}},{"type":"Feature","geometry":{"type":"LineString","coordinates":[[139.757621,35.650115],[139.757219,35.649336]]},"properties":{"ward":"港区","species":["ハナミズキ","ヤマモモ"],"count":6,"route":"港06","alias":"","manager":"港区"}},{"type":"Feature","geometry":{"type":"LineString","coordinates":[[139.74149,35.654558],[139.74489,35.654207]]},"properties":{"ward":"港区","species":["ハナミズキ","ヤマモモ"],"count":17,"route":"芝47","alias":"","manager":"港区"}},{"type":"Feature","geometry":{"type":"LineString","coordinates":[[139.758907,35.667871],[139.760893,35.667219]]},"properties":{"ward":"港区","species":["ハナミズキ","ヤマモモ"],"count":21,"route":"芝20","alias":"","manager":"港区"}},{"type":"Feature","geometry":{"type":"LineString","coordinates":[[139.757575,35.640557],[139.757568,35.642763]]},"properties":{"ward":"港区","species":["ハナミズキ","ヤマモモ"],"count":38,"route":"港63","alias":"","manager":"港区"}},{"type":"Feature","geometry":{"type":"LineString","coordinates":[[139.748861,35.639082],[139.748867,35.637012]]},"properties":{"ward":"港区","species":["ハナミズキ","ヤマモモ"],"count":45,"route":"港35","alias":"","manager":"港区"}},{"type":"Feature","geometry":{"type":"LineString","coordinates":[[139.727153,35.638236],[139.727461,35.637741]]},"properties":{"ward":"港区","species":["ヒマラヤスギ","アオギリほか"],"count":7,"route":"高11","alias":"","manager":"港区"}},{"type":"Feature","geometry":{"type":"LineString","coordinates":[[139.733123,35.645212],[139.734961,35.644905]]},"properties":{"ward":"港区","species":["ヒメユズリハ"],"count":32,"route":"高14","alias":"","manager":"港区"}},{"type":"Feature","geometry":{"type":"LineString","coordinates":[[139.726866,35.667939],[139.726989,35.668036]]},"properties":{"ward":"港区","species":["プラタナス"],"count":1,"route":"赤12","alias":"","manager":"港区"}},{"type":"Feature","geometry":{"type":"LineString","coordinates":[[139.747224,35.669271],[139.748447,35.668858]]},"properties":{"ward":"港区","species":["プラタナス"],"count":7,"route":"芝02","alias":"","manager":"港区"}},{"type":"Feature","geometry":{"type":"LineString","coordinates":[[139.725759,35.67304],[139.725978,35.672433]]},"properties":{"ward":"港区","species":["プラタナス、クロガネモチ"],"count":16,"route":"赤06","alias":"","manager":"港区"}},{"type":"Feature","geometry":{"type":"LineString","coordinates":[[139.749417,35.650035],[139.750404,35.649957],[139.752748,35.649189]]},"properties":{"ward":"港区","species":["プラタナス"],"count":54,"route":"芝56","alias":"","manager":"港区"}},{"type":"Feature","geometry":{"type":"LineString","coordinates":[[139.747195,35.658136],[139.747892,35.658148],[139.750171,35.657824]]},"properties":{"ward":"港区","species":["プラタナス","クスノキ"],"count":9,"route":"芝31","alias":"","manager":"港区"}},{"type":"Feature","geometry":{"type":"LineString","coordinates":[[139.746079,35.66124],[139.746332,35.661475],[139.747099,35.661498],[139.748182,35.661209],[139.748576,35.66177]]},"properties":{"ward":"港区","species":["プラタナス","ケヤキほか"],"count":32,"route":"芝27","alias":"","manager":"港区"}},{"type":"Feature","geometry":{"type":"LineString","coordinates":[[139.745255,35.663197],[139.747237,35.661947],[139.749366,35.66165],[139.752793,35.66058],[139.754856,35.660262]]},"properties":{"ward":"港区","species":["プラタナス","サクラほか"],"count":86,"route":"芝26","alias":"","manager":"港区"}},{"type":"Feature","geometry":{"type":"LineString","coordinates":[[139.733845,35.637882],[139.734549,35.63863],[139.737154,35.64026]]},"properties":{"ward":"港区","species":["プラタナス","サザンカほか"],"count":49,"route":"高03","alias":"","manager":"港区"}},{"type":"Feature","geometry":{"type":"LineString","coordinates":[[139.745501,35.66787],[139.748334,35.670155]]},"properties":{"ward":"港区","species":["プラタナス","ヤマボウシ"],"count":43,"route":"芝14","alias":"","manager":"港区"}},{"type":"Feature","geometry":{"type":"LineString","coordinates":[[139.750072,35.665593],[139.753135,35.664591]]},"properties":{"ward":"港区","species":["プラタナス","マテバシイほか"],"count":42,"route":"芝09","alias":"","manager":"港区"}},{"type":"Feature","geometry":{"type":"LineString","coordinates":[[139.737198,35.652503],[139.738874,35.65219],[139.740009,35.652105]]},"properties":{"ward":"港区","species":["ベニカエデ"],"count":23,"route":"芝51","alias":"","manager":"港区"}},{"type":"Feature","geometry":{"type":"LineString","coordinates":[[139.736712,35.652995],[139.736628,35.65259]]},"properties":{"ward":"港区","species":["ホソイトスギ"],"count":3,"route":"麻33","alias":"","manager":"港区"}},{"type":"Feature","geometry":{"type":"LineString","coordinates":[[139.756698,35.666128],[139.757962,35.665705]]},"properties":{"ward":"港区","species":["ホルトノキ"],"count":11,"route":"芝06","alias":"","manager":"港区"}},{"type":"Feature","geometry":{"type":"LineString","coordinates":[[139.754232,35.66695],[139.756698,35.666128]]},"properties":{"ward":"港区","species":["ホルトノキ"],"count":22,"route":"芝05","alias":"","manager":"港区"}},{"type":"Feature","geometry":{"type":"LineString","coordinates":[[139.752919,35.637776],[139.753848,35.637469]]},"properties":{"ward":"港区","species":["マテバシイ"],"count":5,"route":"港26","alias":"","manager":"港区"}},{"type":"Feature","geometry":{"type":"LineString","coordinates":[[139.73058,35.651919],[139.730389,35.651324]]},"properties":{"ward":"港区","species":["マテバシイ"],"count":10,"route":"麻22","alias":"","manager":"港区"}},{"type":"Feature","geometry":{"type":"LineString","coordinates":[[139.722259,35.659373],[139.722101,35.658168]]},"properties":{"ward":"港区","species":["マテバシイ"],"count":15,"route":"麻14","alias":"","manager":"港区"}},{"type":"Feature","geometry":{"type":"LineString","coordinates":[[139.758057,35.652578],[139.758578,35.652458],[139.758668,35.652251]]},"properties":{"ward":"港区","species":["マテバシイ"],"count":10,"route":"港01","alias":"","manager":"港区"}},{"type":"Feature","geometry":{"type":"LineString","coordinates":[[139.753848,35.637469],[139.753993,35.637605],[139.754993,35.639718]]},"properties":{"ward":"港区","species":["マテバシイ"],"count":20,"route":"港30","alias":"","manager":"港区"}},{"type":"Feature","geometry":{"type":"LineString","coordinates":[[139.749484,35.663768],[139.752152,35.663008]]},"properties":{"ward":"港区","species":["マテバシイ"],"count":24,"route":"芝12","alias":"","manager":"港区"}},{"type":"Feature","geometry":{"type":"LineString","coordinates":[[139.752358,35.63597],[139.753228,35.637666]]},"properties":{"ward":"港区","species":["マテバシイ"],"count":25,"route":"港31","alias":"","manager":"港区"}},{"type":"Feature","geometry":{"type":"LineString","coordinates":[[139.745386,35.639815],[139.748861,35.639082]]},"properties":{"ward":"港区","species":["マテバシイ"],"count":56,"route":"港33","alias":"","manager":"港区"}},{"type":"Feature","geometry":{"type":"LineString","coordinates":[[139.736624,35.64141],[139.737154,35.64026]]},"properties":{"ward":"港区","species":["マテバシイ","クスノキほか"],"count":25,"route":"高02","alias":"","manager":"港区"}},{"type":"Feature","geometry":{"type":"LineString","coordinates":[[139.751283,35.645024],[139.753983,35.64617]]},"properties":{"ward":"港区","species":["メタセコイア","ケヤキほか"],"count":48,"route":"港10","alias":"","manager":"港区"}},{"type":"Feature","geometry":{"type":"LineString","coordinates":[[139.75246,35.653023],[139.752905,35.652855],[139.75381,35.652756]]},"properties":{"ward":"港区","species":["モミジバフウ"],"count":15,"route":"芝50","alias":"","manager":"港区"}},{"type":"Feature","geometry":{"type":"LineString","coordinates":[[139.758943,35.663905],[139.759882,35.665075]]},"properties":{"ward":"港区","species":["ヤマボウシ"],"count":6,"route":"芝58","alias":"","manager":"港区"}},{"type":"Feature","geometry":{"type":"LineString","coordinates":[[139.760905,35.666317],[139.760166,35.665419]]},"properties":{"ward":"港区","species":["ヤマボウシ"],"count":10,"route":"芝23","alias":"","manager":"港区"}},{"type":"Feature","geometry":{"type":"LineString","coordinates":[[139.741243,35.664556],[139.742337,35.663887],[139.742414,35.663756],[139.742101,35.662908],[139.74209,35.662303]]},"properties":{"ward":"港区","species":["ヤマボウシ"],"count":14,"route":"麻29","alias":"","manager":"港区"}},{"type":"Feature","geometry":{"type":"LineString","coordinates":[[139.738631,35.663176],[139.740795,35.662354],[139.74209,35.662303],[139.743197,35.662359],[139.744003,35.662128]]},"properties":{"ward":"港区","species":["ヤマボウシ","エゴノキほか"],"count":107,"route":"麻36","alias":"","manager":"港区"}},{"type":"Feature","geometry":{"type":"LineString","coordinates":[[139.736376,35.677475],[139.738206,35.673533]]},"properties":{"ward":"港区","species":["ヤマボウシ","サクラほか"],"count":29,"route":"赤02","alias":"","manager":"港区"}},{"type":"Feature","geometry":{"type":"LineString","coordinates":[[139.731926,35.654763],[139.732282,35.655055]]},"properties":{"ward":"港区","species":["ヤマボウシ","ハナミズキほか"],"count":7,"route":"麻12","alias":"","manager":"港区"}},{"type":"Feature","geometry":{"type":"LineString","coordinates":[[139.732339,35.674456],[139.732149,35.674428]]},"properties":{"ward":"港区","species":["ヤマモモ"],"count":3,"route":"赤05","alias":"","manager":"港区"}},{"type":"Feature","geometry":{"type":"LineString","coordinates":[[139.760475,35.653425],[139.761484,35.652804]]},"properties":{"ward":"港区","species":["ヤマモモ"],"count":4,"route":"芝44","alias":"","manager":"港区"}},{"type":"Feature","geometry":{"type":"LineString","coordinates":[[139.750893,35.657834],[139.751913,35.657728]]},"properties":{"ward":"港区","species":["ヤマモモ"],"count":20,"route":"芝33","alias":"","manager":"港区"}},{"type":"Feature","geometry":{"type":"LineString","coordinates":[[139.723671,35.662149],[139.723783,35.663104],[139.724299,35.664034],[139.724611,35.664776],[139.724691,35.665204]]},"properties":{"ward":"港区","species":["ユリノキ"],"count":44,"route":"麻5","alias":"","manager":"港区"}},{"type":"Feature","geometry":{"type":"LineString","coordinates":[[139.748733,35.644156],[139.750392,35.644859],[139.750814,35.644926]]},"properties":{"ward":"港区","species":["レッドオーク","ヒトツバタゴ"],"count":19,"route":"港18","alias":"","manager":"港区"}},{"type":"Feature","geometry":{"type":"LineString","coordinates":[[139.761067,35.667448],[139.756633,35.662006],[139.755186,35.660343],[139.754186,35.653124],[139.753844,35.651127],[139.753101,35.649107],[139.752663,35.64887],[139.749908,35.648106],[139.745732,35.646114],[139.744206,35.645186],[139.743409,35.644511],[139.74267,35.643627],[139.741343,35.64137],[139.740836,35.640193],[139.739338,35.637428],[139.738115,35.634008],[139.737686,35.632258],[139.737507,35.630142],[139.737558,35.628058],[139.737735,35.626696],[139.73815,35.625279],[139.738194,35.624776]]},"properties":{"ward":"港区","species":["イチョウ"],"count":null,"route":"国道15号線","alias":"","manager":"国"}},{"type":"Feature","geometry":{"type":"LineString","coordinates":[[139.749617,35.670898],[139.748447,35.668858]]},"properties":{"ward":"港区","species":["プラタナス類"],"count":null,"route":"国道1号線","alias":"","manager":"国"}},{"type":"Feature","geometry":{"type":"LineString","coordinates":[[139.748447,35.668858],[139.74644,35.664464],[139.744092,35.661954],[139.743061,35.660438],[139.742882,35.659663],[139.743602,35.658159]]},"properties":{"ward":"港区","species":["イチョウ"],"count":null,"route":"国道1号線","alias":"","manager":"国"}},{"type":"Feature","geometry":{"type":"LineString","coordinates":[[139.743602,35.658159],[139.744221,35.656997],[139.744893,35.656013],[139.745185,35.655141]]},"properties":{"ward":"港区","species":["プラタナス類"],"count":null,"route":"国道1号線","alias":"","manager":"国"}},{"type":"Feature","geometry":{"type":"LineString","coordinates":[[139.745192,35.654627],[139.744934,35.650978],[139.744572,35.648013]]},"properties":{"ward":"港区","species":["ハナミズキ"],"count":null,"route":"国道1号線","alias":"","manager":"国"}},{"type":"Feature","geometry":{"type":"LineString","coordinates":[[139.744572,35.648013],[139.741149,35.647951]]},"properties":{"ward":"港区","species":["アオギリ"],"count":null,"route":"国道1号線","alias":"","manager":"国"}},{"type":"Feature","geometry":{"type":"LineString","coordinates":[[139.741149,35.647951],[139.740902,35.647809],[139.739391,35.645672],[139.736326,35.643952],[139.73415,35.642913],[139.73285,35.640532]]},"properties":{"ward":"港区","species":["プラタナス類"],"count":null,"route":"国道1号線","alias":"","manager":"国"}},{"type":"Feature","geometry":{"type":"LineString","coordinates":[[139.73285,35.640532],[139.731886,35.638843],[139.73136,35.635849]]},"properties":{"ward":"港区","species":["ハナミズキ"],"count":null,"route":"国道1号線","alias":"","manager":"国"}},{"type":"Feature","geometry":{"type":"LineString","coordinates":[[139.73136,35.635849],[139.730817,35.632177],[139.730443,35.63176],[139.729666,35.631248]]},"properties":{"ward":"港区","species":["プラタナス類"],"count":null,"route":"国道1号線","alias":"","manager":"国"}},{"type":"Feature","geometry":{"type":"LineString","coordinates":[[139.753101,35.649107],[139.754238,35.648771]]},"properties":{"ward":"港区","species":["プラタナス類"],"count":null,"route":"国道130号線","alias":"","manager":"国"}},{"type":"Feature","geometry":{"type":"LineString","coordinates":[[139.754238,35.648771],[139.754772,35.648613],[139.755018,35.648298]]},"properties":{"ward":"港区","species":["シダレヤナギ"],"count":null,"route":"国道130号線","alias":"","manager":"国"}},{"type":"Feature","geometry":{"type":"LineString","coordinates":[[139.736999,35.678457],[139.735756,35.677563],[139.731014,35.67488],[139.729169,35.674398],[139.724031,35.672776]]},"properties":{"ward":"港区","species":["プラタナス類"],"count":null,"route":"国道246号線","alias":"","manager":"国"}},{"type":"Feature","geometry":{"type":"LineString","coordinates":[[139.724031,35.672776],[139.72059,35.671589],[139.718659,35.670752],[139.716894,35.67013],[139.715927,35.669128]]},"properties":{"ward":"港区","species":["アオギリ"],"count":null,"route":"国道246号線","alias":"","manager":"国"}},{"type":"Feature","geometry":{"type":"LineString","coordinates":[[139.775436,35.627876],[139.776305,35.626866]]},"properties":{"ward":"港区","species":["クスノキ"],"count":null,"route":"","alias":"","manager":"港区"}},{"type":"Feature","geometry":{"type":"LineString","coordinates":[[139.755852,35.630679],[139.757567,35.630743]]},"properties":{"ward":"港区","species":["シラカシ"],"count":null,"route":"","alias":"","manager":"港区"}},{"type":"Feature","geometry":{"type":"LineString","coordinates":[[139.757396,35.632143],[139.757567,35.630743],[139.757522,35.629381],[139.756024,35.62938]]},"properties":{"ward":"港区","species":["シダレヤナギ"],"count":null,"route":"","alias":"","manager":"港区"}},{"type":"Feature","geometry":{"type":"LineString","coordinates":[[139.756119,35.627645],[139.757582,35.627678]]},"properties":{"ward":"港区","species":["シダレヤナギ"],"count":null,"route":"","alias":"","manager":"港区"}},{"type":"Feature","geometry":{"type":"LineString","coordinates":[[139.75622,35.625958],[139.757663,35.626008]]},"properties":{"ward":"港区","species":["シダレヤナギ"],"count":null,"route":"","alias":"","manager":"港区"}},{"type":"Feature","geometry":{"type":"LineString","coordinates":[[139.75631,35.624272],[139.757773,35.624321]]},"properties":{"ward":"港区","species":["シダレヤナギ"],"count":null,"route":"","alias":"","manager":"港区"}},{"type":"Feature","geometry":{"type":"LineString","coordinates":[[139.775774,35.634851],[139.778742,35.631146]]},"properties":{"ward":"港区","species":["ハナミズキ"],"count":null,"route":"","alias":"","manager":"港区"}},{"type":"Feature","geometry":{"type":"LineString","coordinates":[[139.779264,35.630389],[139.778742,35.631146],[139.77851,35.631105],[139.769556,35.626238],[139.76942,35.626027],[139.770051,35.6252]]},"properties":{"ward":"港区","species":["ホルトノキ"],"count":null,"route":"","alias":"","manager":"港区"}},{"type":"Feature","geometry":{"type":"LineString","coordinates":[[139.772836,35.625346],[139.771384,35.627178]]},"properties":{"ward":"港区","species":["シラカシ"],"count":null,"route":"","alias":"","manager":"港区"}},{"type":"Feature","geometry":{"type":"LineString","coordinates":[[139.771994,35.627517],[139.773349,35.625734]]},"properties":{"ward":"港区","species":["シラカシ"],"count":null,"route":"","alias":"","manager":"港区"}},{"type":"Feature","geometry":{"type":"LineString","coordinates":[[139.775312,35.628158],[139.774583,35.628934]]},"properties":{"ward":"港区","species":["シラカシ"],"count":null,"route":"","alias":"","manager":"港区"}},{"type":"Feature","geometry":{"type":"LineString","coordinates":[[139.777288,35.629198],[139.776608,35.630065]]},"properties":{"ward":"港区","species":["シラカシ"],"count":null,"route":"","alias":"","manager":"港区"}},{"type":"Feature","geometry":{"type":"LineString","coordinates":[[139.715927,35.669128],[139.7146,35.667456],[139.711599,35.664117],[139.710637,35.663176]]},"properties":{"ward":"港区","species":["ヤマモモ"],"count":null,"route":"国道246号線","alias":"","manager":"国"}},{"type":"Feature","geometry":{"type":"LineString","coordinates":[[139.75715,35.653877],[139.756898,35.652957]]},"properties":{"ward":"港区","species":["イチョウ、シラカシほか"],"count":68,"route":"芝90","alias":"","manager":"港区"}},{"type":"Feature","geometry":{"type":"LineString","coordinates":[[139.746944,35.668022],[139.747772,35.667725]]},"properties":{"ward":"港区","species":["ヤマボウシ、シラカシほか"],"count":7,"route":"芝91","alias":"","manager":"港区"}},{"type":"Feature","geometry":{"type":"LineString","coordinates":[[139.755269,35.651026],[139.75555,35.651005]]},"properties":{"ward":"港区","species":["モクレン、キンモクセイ"],"count":2,"route":"芝92","alias":"","manager":"港区"}},{"type":"Feature","geometry":{"type":"LineString","coordinates":[[139.771303,35.624153],[139.77342,35.625722],[139.780999,35.629906]]},"properties":{"ward":"港区","species":["マテバシイ"],"count":null,"route":"国道357号線","alias":"","manager":"国"}},{"type":"Feature","geometry":{"type":"LineString","coordinates":[[139.730294,35.68575],[139.729458,35.685853],[139.725163,35.687395],[139.722416,35.688064],[139.721768,35.688109],[139.716218,35.687567]]},"properties":{"ward":"新宿区","species":["ユリノキ"],"count":null,"route":"国道20号線","alias":"","manager":"国"}},{"type":"Feature","geometry":{"type":"LineString","coordinates":[[139.699877,35.688966],[139.696586,35.687707],[139.694589,35.68681],[139.691992,35.684926],[139.687355,35.681864]]},"properties":{"ward":"新宿区","species":["イチョウ"],"count":null,"route":"国道20号線","alias":"","manager":"国"}},{"type":"Feature","geometry":{"type":"LineString","coordinates":[[139.748033,35.711646],[139.748558,35.71181]]},"properties":{"ward":"文京区","species":["アオギリ"],"count":1,"route":"文新4","alias":"善光寺坂","manager":"文京区"}},{"type":"Feature","geometry":{"type":"LineString","coordinates":[[139.751819,35.708277],[139.751829,35.707206]]},"properties":{"ward":"文京区","species":["イチョウ"],"count":1,"route":"834","alias":"れき川公園前通り","manager":"文京区"}},{"type":"Feature","geometry":{"type":"LineString","coordinates":[[139.754873,35.705364],[139.758245,35.704209],[139.760998,35.70476]]},"properties":{"ward":"文京区","species":["イチョウ"],"count":89,"route":"807","alias":"壱岐坂","manager":"文京区"}},{"type":"Feature","geometry":{"type":"LineString","coordinates":[[139.762025,35.701915],[139.761779,35.704013],[139.763023,35.70742]]},"properties":{"ward":"文京区","species":["イチョウ"],"count":101,"route":"913","alias":"本郷消防署前通り","manager":"文京区"}},{"type":"Feature","geometry":{"type":"LineString","coordinates":[[139.72915,35.717235],[139.730267,35.717061],[139.733175,35.717566],[139.733581,35.717776],[139.734718,35.718919]]},"properties":{"ward":"文京区","species":["イチョウ"],"count":140,"route":"766","alias":"音羽中学校前通り","manager":"文京区"}},{"type":"Feature","geometry":{"type":"LineString","coordinates":[[139.731593,35.709891],[139.731393,35.708396]]},"properties":{"ward":"文京区","species":["イチョウ","カキ"],"count":25,"route":"195","alias":"矢来下通り","manager":"文京区"}},{"type":"Feature","geometry":{"type":"LineString","coordinates":[[139.746719,35.711807],[139.746453,35.710627]]},"properties":{"ward":"文京区","species":["イチョウ","クロガネモチ"],"count":22,"route":"808","alias":"伝通院前通り","manager":"文京区"}},{"type":"Feature","geometry":{"type":"LineString","coordinates":[[139.76385,35.703236],[139.764835,35.703235],[139.766749,35.702811],[139.76807,35.702881]]},"properties":{"ward":"文京区","species":["イチョウ","ネズミモチ"],"count":60,"route":"878","alias":"蔵前橋通り","manager":"文京区"}},{"type":"Feature","geometry":{"type":"LineString","coordinates":[[139.730752,35.724423],[139.731059,35.724498]]},"properties":{"ward":"文京区","species":["イチョウ","ヒマラヤスギほか"],"count":7,"route":"819","alias":"大塚公園横通り","manager":"文京区"}},{"type":"Feature","geometry":{"type":"LineString","coordinates":[[139.756873,35.7096],[139.757007,35.70995]]},"properties":{"ward":"文京区","species":["ウメ","ミカンほか"],"count":5,"route":"892","alias":"長泉寺山門前","manager":"文京区"}},{"type":"Feature","geometry":{"type":"LineString","coordinates":[[139.762598,35.701704],[139.763448,35.702949]]},"properties":{"ward":"文京区","species":["エゴノキ","シマトネリコ"],"count":8,"route":"893","alias":"サッカー通り","manager":"文京区"}},{"type":"Feature","geometry":{"type":"LineString","coordinates":[[139.738546,35.716827],[139.73924,35.717481],[139.741952,35.719037]]},"properties":{"ward":"文京区","species":["キンモクセイ"],"count":6,"route":"127","alias":"竹早公園横通り","manager":"文京区"}},{"type":"Feature","geometry":{"type":"LineString","coordinates":[[139.730358,35.714829],[139.731275,35.714903]]},"properties":{"ward":"文京区","species":["キンモクセイ","サザンカほか"],"count":12,"route":"923","alias":"鼠坂","manager":"文京区"}},{"type":"Feature","geometry":{"type":"LineString","coordinates":[[139.744597,35.704872],[139.74517,35.704919],[139.74622,35.704812]]},"properties":{"ward":"文京区","species":["クスノキ"],"count":19,"route":"969","alias":"隆慶橋通り","manager":"文京区"}},{"type":"Feature","geometry":{"type":"LineString","coordinates":[[139.763205,35.720049],[139.764354,35.720785]]},"properties":{"ward":"文京区","species":["クロガネモチ"],"count":16,"route":"837","alias":"八重垣通り","manager":"文京区"}},{"type":"Feature","geometry":{"type":"LineString","coordinates":[[139.736541,35.718088],[139.737111,35.718564]]},"properties":{"ward":"文京区","species":["ケヤキ","クスノキほか"],"count":6,"route":"1060","alias":"湯立坂","manager":"文京区"}},{"type":"Feature","geometry":{"type":"LineString","coordinates":[[139.75636,35.720471],[139.759674,35.720628],[139.761816,35.721181]]},"properties":{"ward":"文京区","species":["コブシ","ハクモクレンほか"],"count":38,"route":"872","alias":"日本医大前通り","manager":"文京区"}},{"type":"Feature","geometry":{"type":"LineString","coordinates":[[139.751188,35.73053],[139.753357,35.730911],[139.754994,35.73075],[139.756031,35.730529],[139.757576,35.730788]]},"properties":{"ward":"文京区","species":["コブシ","ハナミズキほか"],"count":16,"route":"888","alias":"富士神社前通り","manager":"文京区"}},{"type":"Feature","geometry":{"type":"LineString","coordinates":[[139.722151,35.71257],[139.722258,35.712515]]},"properties":{"ward":"文京区","species":["サクラ"],"count":1,"route":"文豊1","alias":"神田川沿岸通り","manager":"文京区"}},{"type":"Feature","geometry":{"type":"LineString","coordinates":[[139.736158,35.709262],[139.742151,35.708388]]},"properties":{"ward":"文京区","species":["サクラ","ヤブツバキ"],"count":3,"route":"200","alias":"神田川沿岸通り","manager":"文京区"}},{"type":"Feature","geometry":{"type":"LineString","coordinates":[[139.727742,35.716765],[139.730306,35.711683],[139.730805,35.711089]]},"properties":{"ward":"文京区","species":["シラカシ","ヤブツバキほか"],"count":94,"route":"817","alias":"音羽パークロード６００","manager":"文京区"}},{"type":"Feature","geometry":{"type":"LineString","coordinates":[[139.739977,35.715434],[139.74243,35.716771],[139.744405,35.717328]]},"properties":{"ward":"文京区","species":["ソメイヨシノ","コナラほか"],"count":185,"route":"1048","alias":"播磨坂","manager":"文京区"}},{"type":"Feature","geometry":{"type":"LineString","coordinates":[[139.723365,35.712105],[139.723718,35.712057],[139.724299,35.711825],[139.724672,35.711532],[139.725294,35.71082],[139.725524,35.710673]]},"properties":{"ward":"文京区","species":["ソメイヨシノ","ヤマモモほか"],"count":109,"route":"895","alias":"神田川沿岸通り","manager":"文京区"}},{"type":"Feature","geometry":{"type":"LineString","coordinates":[[139.722401,35.712178],[139.722979,35.71188],[139.723658,35.711797],[139.72408,35.711641],[139.72523,35.710521],[139.725672,35.710327],[139.726417,35.710155],[139.728142,35.710044],[139.729081,35.710155],[139.730057,35.710385],[139.731062,35.710426]]},"properties":{"ward":"文京区","species":["ソメイヨシノ","ヤマモモほか"],"count":109,"route":"895","alias":"神田川沿岸通り","manager":"文京区"}},{"type":"Feature","geometry":{"type":"LineString","coordinates":[[139.747416,35.703448],[139.747538,35.705012],[139.748071,35.706716]]},"properties":{"ward":"文京区","species":["トウカエデ"],"count":77,"route":"892","alias":"小石川後楽園横通り","manager":"文京区"}},{"type":"Feature","geometry":{"type":"LineString","coordinates":[[139.746078,35.703355],[139.746494,35.70649]]},"properties":{"ward":"文京区","species":["トウカエデ","クスノキほか"],"count":62,"route":"887","alias":"小石川運動場前通り","manager":"文京区"}},{"type":"Feature","geometry":{"type":"LineString","coordinates":[[139.746232,35.703918],[139.747373,35.70384]]},"properties":{"ward":"文京区","species":["トウカエデ","サルスベリ"],"count":18,"route":"890","alias":"飯田橋職安裏通り","manager":"文京区"}},{"type":"Feature","geometry":{"type":"LineString","coordinates":[[139.751108,35.703829],[139.751028,35.703255]]},"properties":{"ward":"文京区","species":["ハクモクレン"],"count":6,"route":"168","alias":"後楽園裏門通り","manager":"文京区"}},{"type":"Feature","geometry":{"type":"LineString","coordinates":[[139.746163,35.730891],[139.748835,35.732635]]},"properties":{"ward":"文京区","species":["ハナミズキ"],"count":7,"route":"836","alias":"六義公園前通り","manager":"文京区"}},{"type":"Feature","geometry":{"type":"LineString","coordinates":[[139.748675,35.718998],[139.750148,35.71927],[139.75072,35.719508]]},"properties":{"ward":"文京区","species":["ハナミズキ"],"count":11,"route":"140","alias":"蓮華寺坂","manager":"文京区"}},{"type":"Feature","geometry":{"type":"LineString","coordinates":[[139.766098,35.701645],[139.766863,35.703426],[139.767245,35.704855]]},"properties":{"ward":"文京区","species":["ハナミズキ","コブシ"],"count":13,"route":"819","alias":"清水坂","manager":"文京区"}},{"type":"Feature","geometry":{"type":"LineString","coordinates":[[139.741519,35.714116],[139.742213,35.714754],[139.742927,35.715727],[139.744402,35.717057]]},"properties":{"ward":"文京区","species":["ハナミズキ","トウカエデほか"],"count":55,"route":"803","alias":"吹上坂","manager":"文京区"}},{"type":"Feature","geometry":{"type":"LineString","coordinates":[[139.74632,35.71036],[139.745705,35.708103]]},"properties":{"ward":"文京区","species":["ハナミズキ","ネムノキ"],"count":24,"route":"716","alias":"安藤坂","manager":"文京区"}},{"type":"Feature","geometry":{"type":"LineString","coordinates":[[139.747507,35.703815],[139.748373,35.703765],[139.748427,35.70457],[139.747604,35.704808]]},"properties":{"ward":"文京区","species":["ハナミズキ","ヤマモモほか"],"count":10,"route":"文台2","alias":"日中友好会館裏通り","manager":"文京区"}},{"type":"Feature","geometry":{"type":"LineString","coordinates":[[139.75307,35.711211],[139.754999,35.71147],[139.755304,35.711667],[139.757086,35.713683],[139.757396,35.714583],[139.758223,35.715149],[139.758478,35.715242]]},"properties":{"ward":"文京区","species":["ホルトノキ","マテバシイほか"],"count":125,"route":"1082","alias":"から橋通り","manager":"文京区"}},{"type":"Feature","geometry":{"type":"LineString","coordinates":[[139.741506,35.731311],[139.746822,35.735124]]},"properties":{"ward":"文京区","species":["マテバシイ","ハナミズキほか"],"count":183,"route":"907","alias":"六義園裏通り","manager":"文京区"}},{"type":"Feature","geometry":{"type":"LineString","coordinates":[[139.737487,35.729606],[139.738217,35.730055],[139.740267,35.730624]]},"properties":{"ward":"文京区","species":["マテバシイ","ホルトノキ"],"count":47,"route":"988","alias":"文京宮下公園前通り","manager":"文京区"}},{"type":"Feature","geometry":{"type":"LineString","coordinates":[[139.763752,35.70764],[139.763734,35.708743],[139.764246,35.70873],[139.764275,35.709907]]},"properties":{"ward":"文京区","species":["マテバシイ","ヤマモモほか"],"count":50,"route":"879","alias":"東大竜岡門前通り","manager":"文京区"}},{"type":"Feature","geometry":{"type":"LineString","coordinates":[[139.742082,35.708435],[139.742574,35.709531]]},"properties":{"ward":"文京区","species":["ヤマモモ"],"count":11,"route":"835","alias":"水道保育園前通り","manager":"文京区"}},{"type":"Feature","geometry":{"type":"LineString","coordinates":[[139.75846,35.7028],[139.760946,35.702776],[139.761818,35.702672]]},"properties":{"ward":"文京区","species":["ヤマモモ","イチョウほか"],"count":61,"route":"838","alias":"本郷給水所公苑前通り","manager":"文京区"}},{"type":"Feature","geometry":{"type":"LineString","coordinates":[[139.734849,35.719401],[139.734086,35.721557]]},"properties":{"ward":"文京区","species":["ヤマモモ","キンモクセイほか"],"count":69,"route":"900","alias":"大塚仲町通り","manager":"文京区"}},{"type":"Feature","geometry":{"type":"LineString","coordinates":[[139.765241,35.709899],[139.765241,35.71043],[139.767232,35.71039],[139.768012,35.710274]]},"properties":{"ward":"文京区","species":["ヤマモモ","コブシ"],"count":25,"route":"809","alias":"無縁坂","manager":"文京区"}},{"type":"Feature","geometry":{"type":"LineString","coordinates":[[139.76846,35.699844],[139.76698,35.700954],[139.761855,35.70422],[139.761158,35.704888],[139.760815,35.705662],[139.760279,35.709611],[139.75859,35.716009]]},"properties":{"ward":"文京区","species":["イチョウ"],"count":null,"route":"国道17号線","alias":"","manager":"国"}},{"type":"Feature","geometry":{"type":"LineString","coordinates":[[139.75859,35.716009],[139.757766,35.715993],[139.757478,35.716137],[139.755455,35.718055],[139.754701,35.71896],[139.752737,35.722517]]},"properties":{"ward":"文京区","species":["ハナミズキ"],"count":null,"route":"国道17号線","alias":"","manager":"国"}},{"type":"Feature","geometry":{"type":"LineString","coordinates":[[139.7526,35.722663],[139.751995,35.723734],[139.747992,35.725949],[139.745943,35.727283]]},"properties":{"ward":"文京区","species":["イチョウ"],"count":null,"route":"国道17号線","alias":"","manager":"国"}},{"type":"Feature","geometry":{"type":"LineString","coordinates":[[139.754174,35.708344],[139.755776,35.707453],[139.756243,35.7073],[139.758746,35.707385]]},"properties":{"ward":"文京区","species":["イチョウ"],"count":null,"route":"国道254号線","alias":"","manager":"国"}},{"type":"Feature","geometry":{"type":"LineString","coordinates":[[139.758746,35.707385],[139.760468,35.707519]]},"properties":{"ward":"文京区","species":["マテバシイ"],"count":null,"route":"国道254号線","alias":"","manager":"国"}},{"type":"Feature","geometry":{"type":"LineString","coordinates":[[139.749691,35.708617],[139.749216,35.708849],[139.748041,35.709732],[139.745431,35.710943],[139.741205,35.713869]]},"properties":{"ward":"文京区","species":["ハナミズキ"],"count":null,"route":"国道254号線","alias":"","manager":"国"}},{"type":"Feature","geometry":{"type":"LineString","coordinates":[[139.741205,35.713869],[139.740519,35.71436],[139.739841,35.715379],[139.739079,35.716209],[139.735033,35.718972],[139.733099,35.720153],[139.731923,35.721322]]},"properties":{"ward":"文京区","species":["エンジュ"],"count":null,"route":"国道254号線","alias":"","manager":"国"}},{"type":"Feature","geometry":{"type":"LineString","coordinates":[[139.729701,35.725961],[139.730181,35.725591]]},"properties":{"ward":"文京区","species":["プラタナス類"],"count":null,"route":"国道254号線","alias":"","manager":"国"}},{"type":"Feature","geometry":{"type":"LineString","coordinates":[[139.752175,35.723636],[139.752647,35.722735]]},"properties":{"ward":"文京区","species":["ヤマモモ"],"count":null,"route":"国道17号線","alias":"","manager":"国"}},{"type":"Feature","geometry":{"type":"LineString","coordinates":[[139.772107,35.707219],[139.771975,35.706111]]},"properties":{"ward":"台東区","species":["イチョウ"],"count":9,"route":"台第12号線","alias":"","manager":"台東区"}},{"type":"Feature","geometry":{"type":"LineString","coordinates":[[139.793165,35.720209],[139.795285,35.719834]]},"properties":{"ward":"台東区","species":["イチヨウザクラ","アオギリほか"],"count":81,"route":"台第72号線","alias":"","manager":"台東区"}},{"type":"Feature","geometry":{"type":"LineString","coordinates":[[139.791501,35.721316],[139.792953,35.721143]]},"properties":{"ward":"台東区","species":["イチヨウザクラ","アオギリほか"],"count":81,"route":"台第72号線","alias":"","manager":"台東区"}},{"type":"Feature","geometry":{"type":"LineString","coordinates":[[139.785087,35.721391],[139.786218,35.721159],[139.789354,35.72127]]},"properties":{"ward":"台東区","species":["イチヨウザクラ","アオギリほか"],"count":81,"route":"台第72号線","alias":"","manager":"台東区"}},{"type":"Feature","geometry":{"type":"LineString","coordinates":[[139.795285,35.719834],[139.798254,35.719054],[139.801827,35.718415]]},"properties":{"ward":"台東区","species":["イチヨウザクラ","ソメイヨシノ"],"count":99,"route":"台第27号線","alias":"","manager":"台東区"}},{"type":"Feature","geometry":{"type":"LineString","coordinates":[[139.797321,35.724554],[139.79839,35.724909],[139.800796,35.726142]]},"properties":{"ward":"台東区","species":["イチヨウザクラ","ヤマモモほか"],"count":127,"route":"台第69号線","alias":"","manager":"台東区"}},{"type":"Feature","geometry":{"type":"LineString","coordinates":[[139.796197,35.724263],[139.79308,35.722468],[139.793164,35.722253],[139.792914,35.72156],[139.793165,35.720209],[139.793151,35.71971],[139.792873,35.718859]]},"properties":{"ward":"台東区","species":["イチヨウザクラ","ヤマモモほか"],"count":127,"route":"台第69号線","alias":"","manager":"台東区"}},{"type":"Feature","geometry":{"type":"LineString","coordinates":[[139.789409,35.726613],[139.789346,35.720547],[139.789524,35.719285]]},"properties":{"ward":"台東区","species":["イチヨウザクラ","常緑ヤマボウシほか"],"count":134,"route":"台第39号線","alias":"","manager":"台東区"}},{"type":"Feature","geometry":{"type":"LineString","coordinates":[[139.791248,35.724761],[139.793386,35.724849]]},"properties":{"ward":"台東区","species":["イロハモミジ"],"count":18,"route":"台第35号線","alias":"","manager":"台東区"}},{"type":"Feature","geometry":{"type":"LineString","coordinates":[[139.78054,35.70014],[139.780152,35.697915]]},"properties":{"ward":"台東区","species":["オウゴンモチノキ"],"count":7,"route":"千台2号線","alias":"","manager":"台東区"}},{"type":"Feature","geometry":{"type":"LineString","coordinates":[[139.786218,35.721159],[139.785917,35.719208],[139.785495,35.717474],[139.785407,35.715185],[139.784986,35.710972],[139.785053,35.710663],[139.785,35.706695],[139.784745,35.704752],[139.783757,35.700792],[139.782968,35.698958],[139.78283,35.697591]]},"properties":{"ward":"台東区","species":["オウゴンモチノキ","タイサンボクほか"],"count":342,"route":"台第52号線","alias":"","manager":"台東区"}},{"type":"Feature","geometry":{"type":"LineString","coordinates":[[139.783696,35.718925],[139.782916,35.716598],[139.783018,35.711273],[139.782155,35.708556],[139.78165,35.705134],[139.781303,35.703819],[139.78054,35.70014]]},"properties":{"ward":"台東区","species":["オウゴンモチノキ","常緑ヤマボウシ"],"count":235,"route":"台第53号線","alias":"","manager":"台東区"}},{"type":"Feature","geometry":{"type":"LineString","coordinates":[[139.795006,35.712791],[139.794631,35.711099]]},"properties":{"ward":"台東区","species":["キンモクセイ","ヒメシャラほか"],"count":18,"route":"台第22-1号線","alias":"","manager":"台東区"}},{"type":"Feature","geometry":{"type":"LineString","coordinates":[[139.774375,35.70274],[139.774417,35.701724]]},"properties":{"ward":"台東区","species":["ケヤキ（マサコ）"],"count":7,"route":"台第54号線","alias":"","manager":"台東区"}},{"type":"Feature","geometry":{"type":"LineString","coordinates":[[139.7963,35.710888],[139.796065,35.709216]]},"properties":{"ward":"台東区","species":["コブシ"],"count":13,"route":"台第59号線","alias":"","manager":"台東区"}},{"type":"Feature","geometry":{"type":"LineString","coordinates":[[139.784707,35.698798],[139.78455,35.696749]]},"properties":{"ward":"台東区","species":["コブシ（ワダスメモリー）"],"count":10,"route":"台第8号線","alias":"","manager":"台東区"}},{"type":"Feature","geometry":{"type":"LineString","coordinates":[[139.788607,35.696914],[139.7877,35.69708],[139.786455,35.697178]]},"properties":{"ward":"台東区","species":["サクラ（アーコレード）"],"count":3,"route":"台第2号線","alias":"","manager":"台東区"}},{"type":"Feature","geometry":{"type":"LineString","coordinates":[[139.786548,35.697326],[139.78824,35.697184],[139.788761,35.697047]]},"properties":{"ward":"台東区","species":["サクラ（アーコレード）"],"count":6,"route":"台第3号線","alias":"","manager":"台東区"}},{"type":"Feature","geometry":{"type":"LineString","coordinates":[[139.768012,35.72759],[139.769822,35.728038]]},"properties":{"ward":"台東区","species":["サクラ","常緑ヤマボウシ"],"count":16,"route":"台荒1号線","alias":"","manager":"台東区"}},{"type":"Feature","geometry":{"type":"LineString","coordinates":[[139.781919,35.723947],[139.781947,35.725179],[139.781811,35.725382]]},"properties":{"ward":"台東区","species":["シダレヤナギ"],"count":20,"route":"台第38号線","alias":"","manager":"台東区"}},{"type":"Feature","geometry":{"type":"LineString","coordinates":[[139.781292,35.724801],[139.782746,35.72465],[139.783701,35.72411],[139.784244,35.723636]]},"properties":{"ward":"台東区","species":["シダレヤナギ"],"count":40,"route":"台第73号線","alias":"","manager":"台東区"}},{"type":"Feature","geometry":{"type":"LineString","coordinates":[[139.796205,35.716494],[139.79721,35.719346]]},"properties":{"ward":"台東区","species":["シダレヤナギ"],"count":44,"route":"浅第235号線","alias":"","manager":"台東区"}},{"type":"Feature","geometry":{"type":"LineString","coordinates":[[139.773411,35.723086],[139.773903,35.722348]]},"properties":{"ward":"台東区","species":["ソメイヨシノ"],"count":19,"route":"台第63号線","alias":"","manager":"台東区"}},{"type":"Feature","geometry":{"type":"LineString","coordinates":[[139.78165,35.705134],[139.784745,35.704752]]},"properties":{"ward":"台東区","species":["トウカエデ"],"count":29,"route":"台第10号線","alias":"","manager":"台東区"}},{"type":"Feature","geometry":{"type":"LineString","coordinates":[[139.772515,35.712775],[139.772983,35.711903],[139.773285,35.710841]]},"properties":{"ward":"台東区","species":["トウカエデ","スズカケノキ"],"count":21,"route":"台第57号線","alias":"","manager":"台東区"}},{"type":"Feature","geometry":{"type":"LineString","coordinates":[[139.783637,35.727479],[139.786261,35.725219],[139.787227,35.724771]]},"properties":{"ward":"台東区","species":["トウカエデ","常緑ヤマボウシほか"],"count":80,"route":"台第74号線","alias":"","manager":"台東区"}},{"type":"Feature","geometry":{"type":"LineString","coordinates":[[139.780831,35.717314],[139.780724,35.717546],[139.780616,35.719206],[139.781348,35.720693],[139.783431,35.722909],[139.784244,35.723636],[139.786292,35.725244],[139.789687,35.728133]]},"properties":{"ward":"台東区","species":["トチノキ","常緑ヤマボウシほか"],"count":179,"route":"台第67号線","alias":"","manager":"台東区"}},{"type":"Feature","geometry":{"type":"LineString","coordinates":[[139.792112,35.711439],[139.797582,35.710726]]},"properties":{"ward":"台東区","species":["ハナミズキ"],"count":32,"route":"台第78号線","alias":"","manager":"台東区"}},{"type":"Feature","geometry":{"type":"LineString","coordinates":[[139.775247,35.708904],[139.776139,35.708902]]},"properties":{"ward":"台東区","species":["ハナミズキ","キンモクセイほか"],"count":16,"route":"台第14号線","alias":"","manager":"台東区"}},{"type":"Feature","geometry":{"type":"LineString","coordinates":[[139.793189,35.712446],[139.79341,35.715228]]},"properties":{"ward":"台東区","species":["ハナミズキ","コブシ"],"count":12,"route":"浅第293号線,浅第297号線","alias":"","manager":"台東区"}},{"type":"Feature","geometry":{"type":"LineString","coordinates":[[139.78283,35.697591],[139.782751,35.696944]]},"properties":{"ward":"台東区","species":["ハナミズキ","シダレヤナギ"],"count":3,"route":"千中台1号線","alias":"","manager":"台東区"}},{"type":"Feature","geometry":{"type":"LineString","coordinates":[[139.783394,35.713317],[139.784027,35.713261],[139.784072,35.713688]]},"properties":{"ward":"台東区","species":["ハナミズキ","サルスベリ"],"count":11,"route":"台第19号線外","alias":"","manager":"台東区"}},{"type":"Feature","geometry":{"type":"LineString","coordinates":[[139.797428,35.721994],[139.798787,35.722896],[139.799152,35.722948],[139.804519,35.722856],[139.807198,35.722531]]},"properties":{"ward":"台東区","species":["ハナミズキ","ヤマモモほか"],"count":105,"route":"台第68号線","alias":"","manager":"台東区"}},{"type":"Feature","geometry":{"type":"LineString","coordinates":[[139.792672,35.713732],[139.79326,35.713601],[139.794409,35.712969]]},"properties":{"ward":"台東区","species":["ハナミズキ","常緑ヤマボウシほか"],"count":12,"route":"台第24-2号線","alias":"","manager":"台東区"}},{"type":"Feature","geometry":{"type":"LineString","coordinates":[[139.781286,35.716079],[139.782953,35.715646]]},"properties":{"ward":"台東区","species":["ヒメシャラ"],"count":4,"route":"台第24-1号線","alias":"","manager":"台東区"}},{"type":"Feature","geometry":{"type":"LineString","coordinates":[[139.777218,35.712547],[139.778927,35.71509],[139.780831,35.717314]]},"properties":{"ward":"台東区","species":["マイヒメ","ソメイヨシノ"],"count":33,"route":"台第80号線","alias":"","manager":"台東区"}},{"type":"Feature","geometry":{"type":"LineString","coordinates":[[139.780415,35.699198],[139.784707,35.698798],[139.786995,35.698463],[139.789153,35.697587]]},"properties":{"ward":"台東区","species":["マロニエ","シダレヤナギ"],"count":110,"route":"台第4号線","alias":"","manager":"台東区"}},{"type":"Feature","geometry":{"type":"LineString","coordinates":[[139.774375,35.70274],[139.775431,35.70268]]},"properties":{"ward":"台東区","species":["モミジバフウ"],"count":12,"route":"台第55号線","alias":"","manager":"台東区"}},{"type":"Feature","geometry":{"type":"LineString","coordinates":[[139.800179,35.720808],[139.801821,35.720803],[139.804307,35.720664],[139.805693,35.72001]]},"properties":{"ward":"台東区","species":["ヤマモモ"],"count":68,"route":"台第71号線","alias":"","manager":"台東区"}},{"type":"Feature","geometry":{"type":"LineString","coordinates":[[139.79779,35.71135],[139.797817,35.712621],[139.798623,35.715813],[139.799484,35.718822],[139.800179,35.720808],[139.799135,35.722181],[139.798787,35.722896],[139.795876,35.726187],[139.793954,35.72849]]},"properties":{"ward":"台東区","species":["ヤマモモ","ハナミズキほか"],"count":205,"route":"台第60号線","alias":"","manager":"台東区"}},{"type":"Feature","geometry":{"type":"LineString","coordinates":[[139.773024,35.70285],[139.77361,35.702798]]},"properties":{"ward":"台東区","species":["常緑ヤマボウシ"],"count":4,"route":"千台5号線","alias":"","manager":"台東区"}},{"type":"Feature","geometry":{"type":"LineString","coordinates":[[139.77592,35.700547],[139.78054,35.70014]]},"properties":{"ward":"台東区","species":["常緑ヤマボウシ"],"count":32,"route":"千台3号線","alias":"","manager":"台東区"}},{"type":"Feature","geometry":{"type":"LineString","coordinates":[[139.804995,35.726284],[139.80781,35.725762]]},"properties":{"ward":"台東区","species":["常緑ヤマボウシ"],"count":42,"route":"台第69-2号線","alias":"","manager":"台東区"}},{"type":"Feature","geometry":{"type":"LineString","coordinates":[[139.794631,35.711099],[139.794301,35.709076],[139.793932,35.707718],[139.792755,35.705423]]},"properties":{"ward":"台東区","species":["常緑ヤマボウシ"],"count":76,"route":"台第22-2号線","alias":"","manager":"台東区"}},{"type":"Feature","geometry":{"type":"LineString","coordinates":[[139.803911,35.717872],[139.804307,35.720664],[139.804631,35.724127],[139.804871,35.725042],[139.805057,35.727287],[139.805377,35.728391]]},"properties":{"ward":"台東区","species":["常緑ヤマボウシ"],"count":187,"route":"台第70号線","alias":"","manager":"台東区"}},{"type":"Feature","geometry":{"type":"LineString","coordinates":[[139.785087,35.721391],[139.783385,35.721696],[139.781897,35.722443]]},"properties":{"ward":"台東区","species":["常緑ヤマボウシ","アオギリ"],"count":54,"route":"台第37号線","alias":"","manager":"台東区"}},{"type":"Feature","geometry":{"type":"LineString","coordinates":[[139.774159,35.70655],[139.774337,35.706539]]},"properties":{"ward":"台東区","species":["ケヤキ"],"count":5,"route":"台第15号線","alias":"","manager":"台東区"}},{"type":"Feature","geometry":{"type":"LineString","coordinates":[[139.774201,35.706944],[139.774389,35.706923]]},"properties":{"ward":"台東区","species":["ケヤキ"],"count":5,"route":"台第15号線","alias":"","manager":"台東区"}},{"type":"Feature","geometry":{"type":"LineString","coordinates":[[139.800963,35.714169],[139.800572,35.713729],[139.799083,35.712399],[139.797971,35.711067]]},"properties":{"ward":"台東区","species":["ハナミズキ"],"count":null,"route":"国道6号線","alias":"","manager":"国"}},{"type":"Feature","geometry":{"type":"LineString","coordinates":[[139.801801,35.715115],[139.800963,35.714169]]},"properties":{"ward":"台東区","species":["イチョウ"],"count":null,"route":"国道6号線","alias":"","manager":"国"}},{"type":"Feature","geometry":{"type":"LineString","coordinates":[[139.797971,35.711067],[139.796971,35.709604],[139.796043,35.708693],[139.7945,35.706439],[139.793809,35.705634],[139.791266,35.703509],[139.789878,35.702545],[139.788196,35.700284],[139.786327,35.697402]]},"properties":{"ward":"台東区","species":["イチョウ"],"count":null,"route":"国道6号線","alias":"","manager":"国"}},{"type":"Feature","geometry":{"type":"LineString","coordinates":[[139.786189,35.697156],[139.785448,35.695869]]},"properties":{"ward":"台東区","species":["プラタナス類"],"count":null,"route":"国道6号線","alias":"","manager":"国"}},{"type":"Feature","geometry":{"type":"LineString","coordinates":[[139.77556,35.700576],[139.776667,35.711127]]},"properties":{"ward":"台東区","species":["イチョウ"],"count":null,"route":"国道4号線","alias":"","manager":"国"}},{"type":"Feature","geometry":{"type":"LineString","coordinates":[[139.776667,35.711127],[139.778102,35.712199],[139.779196,35.713714]]},"properties":{"ward":"台東区","species":["ハナミズキ"],"count":null,"route":"国道4号線","alias":"","manager":"国"}},{"type":"Feature","geometry":{"type":"LineString","coordinates":[[139.779196,35.713714],[139.780984,35.716247],[139.783906,35.71988]]},"properties":{"ward":"台東区","species":["イチョウ"],"count":null,"route":"国道4号線","alias":"","manager":"国"}},{"type":"Feature","geometry":{"type":"LineString","coordinates":[[139.783906,35.71988],[139.78789,35.725082],[139.79023,35.728324]]},"properties":{"ward":"台東区","species":["プラタナス類"],"count":null,"route":"国道4号線","alias":"","manager":"国"}},{"type":"Feature","geometry":{"type":"LineString","coordinates":[[139.79023,35.728324],[139.79181,35.730025]]},"properties":{"ward":"台東区","species":["シダレヤナギ"],"count":null,"route":"国道4号線","alias":"","manager":"国"}},{"type":"Feature","geometry":{"type":"LineString","coordinates":[[139.79181,35.730025],[139.792162,35.730994]]},"properties":{"ward":"台東区","species":["プラタナス類"],"count":null,"route":"国道4号線","alias":"","manager":"国"}},{"type":"Feature","geometry":{"type":"LineString","coordinates":[[139.827091,35.730478],[139.819229,35.723274],[139.813369,35.718051],[139.805737,35.712883],[139.804305,35.71362]]},"properties":{"ward":"墨田区","species":["プラタナス類"],"count":null,"route":"国道6号線","alias":"","manager":"国"}},{"type":"Feature","geometry":{"type":"LineString","coordinates":[[139.789675,35.694167],[139.793938,35.694358]]},"properties":{"ward":"墨田区","species":["プラタナス類"],"count":null,"route":"国道14号線","alias":"","manager":"国"}},{"type":"Feature","geometry":{"type":"LineString","coordinates":[[139.793938,35.694358],[139.809287,35.695248]]},"properties":{"ward":"墨田区","species":["ハナミズキ"],"count":null,"route":"国道14号線","alias":"","manager":"国"}},{"type":"Feature","geometry":{"type":"LineString","coordinates":[[139.809287,35.695248],[139.816531,35.695769],[139.819506,35.69626]]},"properties":{"ward":"墨田区","species":["プラタナス類"],"count":null,"route":"国道14号線","alias":"","manager":"国"}},{"type":"Feature","geometry":{"type":"LineString","coordinates":[[139.823365,35.699715],[139.825398,35.699814]]},"properties":{"ward":"江東区","species":["アオギリ"],"count":null,"route":"11A","alias":"","manager":"江東区"}},{"type":"Feature","geometry":{"type":"LineString","coordinates":[[139.819624,35.698149],[139.820289,35.698196],[139.821287,35.697973],[139.825526,35.698181]]},"properties":{"ward":"江東区","species":["アオギリ"],"count":null,"route":"11B","alias":"","manager":"江東区"}},{"type":"Feature","geometry":{"type":"LineString","coordinates":[[139.819396,35.701176],[139.819624,35.698149]]},"properties":{"ward":"江東区","species":["アオギリ"],"count":null,"route":"11C","alias":"","manager":"江東区"}},{"type":"Feature","geometry":{"type":"LineString","coordinates":[[139.81989,35.694697],[139.819972,35.693494]]},"properties":{"ward":"江東区","species":["アオギリ"],"count":null,"route":"11F","alias":"","manager":"江東区"}},{"type":"Feature","geometry":{"type":"LineString","coordinates":[[139.846732,35.695868],[139.846306,35.696553],[139.845436,35.697683]]},"properties":{"ward":"江東区","species":["アオギリ"],"count":null,"route":"52","alias":"","manager":"江東区"}},{"type":"Feature","geometry":{"type":"LineString","coordinates":[[139.799625,35.64429],[139.80177,35.644461]]},"properties":{"ward":"江東区","species":["アオギリ","モチノキ"],"count":null,"route":"25C","alias":"","manager":"江東区"}},{"type":"Feature","geometry":{"type":"LineString","coordinates":[[139.840482,35.675252],[139.841216,35.668926]]},"properties":{"ward":"江東区","species":["アキニレ"],"count":null,"route":"14","alias":"","manager":"江東区"}},{"type":"Feature","geometry":{"type":"LineString","coordinates":[[139.822856,35.643728],[139.824722,35.644441],[139.825244,35.644465]]},"properties":{"ward":"江東区","species":["アキニレ"],"count":null,"route":"56","alias":"","manager":"江東区"}},{"type":"Feature","geometry":{"type":"LineString","coordinates":[[139.834789,35.637271],[139.836206,35.63723]]},"properties":{"ward":"江東区","species":["アキニレ"],"count":null,"route":"59F","alias":"","manager":"江東区"}},{"type":"Feature","geometry":{"type":"LineString","coordinates":[[139.834588,35.634947],[139.835984,35.634882]]},"properties":{"ward":"江東区","species":["アキニレ"],"count":null,"route":"59G","alias":"","manager":"江東区"}},{"type":"Feature","geometry":{"type":"LineString","coordinates":[[139.811333,35.655941],[139.813307,35.656464],[139.815878,35.657019],[139.820701,35.657343]]},"properties":{"ward":"江東区","species":["アキニレ","アメリカ"],"count":null,"route":"38A","alias":"","manager":"江東区"}},{"type":"Feature","geometry":{"type":"LineString","coordinates":[[139.823127,35.638343],[139.82304,35.63889],[139.823078,35.639396],[139.825714,35.645625]]},"properties":{"ward":"江東区","species":["アキニレ","クスノキほか"],"count":null,"route":"44","alias":"","manager":"江東区"}},{"type":"Feature","geometry":{"type":"LineString","coordinates":[[139.823127,35.638343],[139.82341,35.635979]]},"properties":{"ward":"江東区","species":["アキニレ","クスノキほか"],"count":null,"route":"44A","alias":"","manager":"江東区"}},{"type":"Feature","geometry":{"type":"LineString","coordinates":[[139.810723,35.663377],[139.810894,35.662219]]},"properties":{"ward":"江東区","species":["アキニレ","クスノキほか"],"count":null,"route":"50","alias":"","manager":"江東区"}},{"type":"Feature","geometry":{"type":"LineString","coordinates":[[139.823127,35.638343],[139.836331,35.639581]]},"properties":{"ward":"江東区","species":["アキニレ","クスノキほか"],"count":null,"route":"52","alias":"","manager":"江東区"}},{"type":"Feature","geometry":{"type":"LineString","coordinates":[[139.818438,35.657229],[139.818557,35.656368],[139.816017,35.656134],[139.815878,35.657019]]},"properties":{"ward":"江東区","species":["アキニレ","クロガネモチ"],"count":null,"route":"38D","alias":"","manager":"江東区"}},{"type":"Feature","geometry":{"type":"LineString","coordinates":[[139.82341,35.635979],[139.821813,35.635853],[139.821301,35.639498],[139.823195,35.639653]]},"properties":{"ward":"江東区","species":["アキニレ","サクラ"],"count":null,"route":"44B","alias":"","manager":"江東区"}},{"type":"Feature","geometry":{"type":"LineString","coordinates":[[139.800245,35.647221],[139.801642,35.647338]]},"properties":{"ward":"江東区","species":["アキニレ","サクラほか"],"count":null,"route":"20B","alias":"","manager":"江東区"}},{"type":"Feature","geometry":{"type":"LineString","coordinates":[[139.799294,35.662215],[139.802286,35.664192]]},"properties":{"ward":"江東区","species":["アキニレ","マテバシイほか"],"count":null,"route":"47","alias":"","manager":"江東区"}},{"type":"Feature","geometry":{"type":"LineString","coordinates":[[139.812522,35.665588],[139.812069,35.668474]]},"properties":{"ward":"江東区","species":["アンズ","クロガネモチ"],"count":null,"route":"10-C","alias":"","manager":"江東区"}},{"type":"Feature","geometry":{"type":"LineString","coordinates":[[139.794507,35.685249],[139.79483,35.681977]]},"properties":{"ward":"江東区","species":["イチョウ"],"count":null,"route":"3","alias":"","manager":"江東区"}},{"type":"Feature","geometry":{"type":"LineString","coordinates":[[139.803791,35.680029],[139.803405,35.6775],[139.801045,35.67004]]},"properties":{"ward":"江東区","species":["イチョウ"],"count":null,"route":"6","alias":"","manager":"江東区"}},{"type":"Feature","geometry":{"type":"LineString","coordinates":[[139.811607,35.680444],[139.812216,35.675479],[139.81084,35.669576]]},"properties":{"ward":"江東区","species":["イチョウ"],"count":null,"route":"7","alias":"","manager":"江東区"}},{"type":"Feature","geometry":{"type":"LineString","coordinates":[[139.790073,35.678209],[139.794205,35.676449]]},"properties":{"ward":"江東区","species":["イチョウ"],"count":null,"route":"9-A","alias":"","manager":"江東区"}},{"type":"Feature","geometry":{"type":"LineString","coordinates":[[139.794205,35.676449],[139.793483,35.675186],[139.793563,35.674622]]},"properties":{"ward":"江東区","species":["イチョウ"],"count":null,"route":"9-B","alias":"","manager":"江東区"}},{"type":"Feature","geometry":{"type":"LineString","coordinates":[[139.789261,35.677077],[139.790639,35.676494],[139.791521,35.675988],[139.793483,35.675186]]},"properties":{"ward":"江東区","species":["イチョウ"],"count":null,"route":"9-C","alias":"","manager":"江東区"}},{"type":"Feature","geometry":{"type":"LineString","coordinates":[[139.81662,35.665766],[139.816457,35.669125]]},"properties":{"ward":"江東区","species":["イチョウ","クロガネモチほか"],"count":null,"route":"29-A","alias":"","manager":"江東区"}},{"type":"Feature","geometry":{"type":"LineString","coordinates":[[139.807037,35.650189],[139.811473,35.650587]]},"properties":{"ward":"江東区","species":["イチョウ","シラカシほか"],"count":null,"route":"24ⅠE","alias":"","manager":"江東区"}},{"type":"Feature","geometry":{"type":"LineString","coordinates":[[139.806749,35.651898],[139.807206,35.648804]]},"properties":{"ward":"江東区","species":["イチョウ","ニセアカシアほか"],"count":null,"route":"24ⅠB","alias":"","manager":"江東区"}},{"type":"Feature","geometry":{"type":"LineString","coordinates":[[139.806749,35.651898],[139.807572,35.652457],[139.811016,35.652814]]},"properties":{"ward":"江東区","species":["イチョウ","ヤマモモ"],"count":null,"route":"24ⅠC","alias":"","manager":"江東区"}},{"type":"Feature","geometry":{"type":"LineString","coordinates":[[139.835014,35.66306],[139.835837,35.663018]]},"properties":{"ward":"江東区","species":["エゴノキ"],"count":null,"route":"55B","alias":"","manager":"江東区"}},{"type":"Feature","geometry":{"type":"LineString","coordinates":[[139.844048,35.692812],[139.846004,35.692828]]},"properties":{"ward":"江東区","species":["エゴノキ","クロガネモチ"],"count":null,"route":"55","alias":"","manager":"江東区"}},{"type":"Feature","geometry":{"type":"LineString","coordinates":[[139.824016,35.686706],[139.82647,35.687017]]},"properties":{"ward":"江東区","species":["エゴノキ","クロマツ"],"count":null,"route":"1H","alias":"","manager":"江東区"}},{"type":"Feature","geometry":{"type":"LineString","coordinates":[[139.839346,35.674683],[139.839206,35.673967]]},"properties":{"ward":"江東区","species":["エンジュ"],"count":null,"route":"15C","alias":"","manager":"江東区"}},{"type":"Feature","geometry":{"type":"LineString","coordinates":[[139.819646,35.672193],[139.821018,35.672221]]},"properties":{"ward":"江東区","species":["エンジュ"],"count":null,"route":"26B","alias":"","manager":"江東区"}},{"type":"Feature","geometry":{"type":"LineString","coordinates":[[139.812356,35.657436],[139.813307,35.656464]]},"properties":{"ward":"江東区","species":["エンジュ"],"count":null,"route":"39C","alias":"","manager":"江東区"}},{"type":"Feature","geometry":{"type":"LineString","coordinates":[[139.810959,35.656496],[139.814222,35.658654]]},"properties":{"ward":"江東区","species":["エンジュ","サルスベリほか"],"count":null,"route":"39A","alias":"","manager":"江東区"}},{"type":"Feature","geometry":{"type":"LineString","coordinates":[[139.814222,35.658654],[139.817197,35.660623]]},"properties":{"ward":"江東区","species":["エンジュ","サルスベリほか"],"count":null,"route":"40A","alias":"","manager":"江東区"}},{"type":"Feature","geometry":{"type":"LineString","coordinates":[[139.816433,35.658833],[139.816874,35.659143]]},"properties":{"ward":"江東区","species":["クスノキ"],"count":null,"route":"40B","alias":"","manager":"江東区"}},{"type":"Feature","geometry":{"type":"LineString","coordinates":[[139.816895,35.658879],[139.816829,35.65877],[139.81698,35.65862],[139.817049,35.658751],[139.816866,35.658997]]},"properties":{"ward":"江東区","species":["クスノキ"],"count":null,"route":"臨_潮見駅前広場","alias":"","manager":"江東区"}},{"type":"Feature","geometry":{"type":"LineString","coordinates":[[139.825244,35.644465],[139.836778,35.645575]]},"properties":{"ward":"江東区","species":["クスノキ","アキニレほか"],"count":null,"route":"45","alias":"","manager":"江東区"}},{"type":"Feature","geometry":{"type":"LineString","coordinates":[[139.807001,35.660927],[139.809021,35.661125]]},"properties":{"ward":"江東区","species":["クスノキ","サクラほか"],"count":null,"route":"21","alias":"","manager":"江東区"}},{"type":"Feature","geometry":{"type":"LineString","coordinates":[[139.815659,35.659597],[139.81712,35.658146],[139.817297,35.657132]]},"properties":{"ward":"江東区","species":["クスノキ","サルスベリほか"],"count":null,"route":"40D","alias":"","manager":"江東区"}},{"type":"Feature","geometry":{"type":"LineString","coordinates":[[139.817314,35.681723],[139.817353,35.682999]]},"properties":{"ward":"江東区","species":["クロガネモチ"],"count":null,"route":"2-D","alias":"","manager":"江東区"}},{"type":"Feature","geometry":{"type":"LineString","coordinates":[[139.82722,35.644659],[139.827085,35.645534],[139.827149,35.645761],[139.8273,35.645852],[139.828625,35.64604],[139.835976,35.646714],[139.836151,35.645521]]},"properties":{"ward":"江東区","species":["クロガネモチ","エゴノキほか"],"count":null,"route":"46A","alias":"","manager":"江東区"}},{"type":"Feature","geometry":{"type":"LineString","coordinates":[[139.83007,35.64615],[139.830269,35.644951]]},"properties":{"ward":"江東区","species":["クロガネモチ","エゴノキほか"],"count":null,"route":"46B","alias":"","manager":"江東区"}},{"type":"Feature","geometry":{"type":"LineString","coordinates":[[139.833095,35.646442],[139.833305,35.645275]]},"properties":{"ward":"江東区","species":["クロガネモチ","エゴノキほか"],"count":null,"route":"46C","alias":"","manager":"江東区"}},{"type":"Feature","geometry":{"type":"LineString","coordinates":[[139.819659,35.669943],[139.819602,35.673714]]},"properties":{"ward":"江東区","species":["クロガネモチ","タブノキほか"],"count":null,"route":"34-B","alias":"","manager":"江東区"}},{"type":"Feature","geometry":{"type":"LineString","coordinates":[[139.80855,35.666727],[139.813124,35.667188]]},"properties":{"ward":"江東区","species":["ケヤキ"],"count":null,"route":"10-E","alias":"","manager":"江東区"}},{"type":"Feature","geometry":{"type":"LineString","coordinates":[[139.796945,35.652275],[139.79566,35.653569]]},"properties":{"ward":"江東区","species":["ケヤキ"],"count":null,"route":"19E","alias":"","manager":"江東区"}},{"type":"Feature","geometry":{"type":"LineString","coordinates":[[139.816506,35.648198],[139.816716,35.646881]]},"properties":{"ward":"江東区","species":["ケヤキ"],"count":null,"route":"24ⅡA","alias":"","manager":"江東区"}},{"type":"Feature","geometry":{"type":"LineString","coordinates":[[139.819961,35.64655],[139.81969,35.648142]]},"properties":{"ward":"江東区","species":["ケヤキ"],"count":null,"route":"24ⅡB","alias":"","manager":"江東区"}},{"type":"Feature","geometry":{"type":"LineString","coordinates":[[139.812575,35.647813],[139.816506,35.648198]]},"properties":{"ward":"江東区","species":["ケヤキ"],"count":null,"route":"24ⅡE","alias":"","manager":"江東区"}},{"type":"Feature","geometry":{"type":"LineString","coordinates":[[139.820978,35.684516],[139.821035,35.683536],[139.821105,35.683469]]},"properties":{"ward":"江東区","species":["ケヤキ"],"count":null,"route":"27B","alias":"","manager":"江東区"}},{"type":"Feature","geometry":{"type":"LineString","coordinates":[[139.814585,35.667159],[139.81655,35.667281]]},"properties":{"ward":"江東区","species":["ケヤキ"],"count":null,"route":"29-D","alias":"","manager":"江東区"}},{"type":"Feature","geometry":{"type":"LineString","coordinates":[[139.799151,35.680682],[139.801176,35.68089]]},"properties":{"ward":"江東区","species":["ケヤキ"],"count":null,"route":"35-A","alias":"","manager":"江東区"}},{"type":"Feature","geometry":{"type":"LineString","coordinates":[[139.806474,35.671377],[139.809085,35.671338],[139.809829,35.673225],[139.80998,35.673367]]},"properties":{"ward":"江東区","species":["ケヤキ"],"count":null,"route":"36","alias":"","manager":"江東区"}},{"type":"Feature","geometry":{"type":"LineString","coordinates":[[139.801367,35.659214],[139.799282,35.662071]]},"properties":{"ward":"江東区","species":["ケヤキ"],"count":null,"route":"5","alias":"","manager":"江東区"}},{"type":"Feature","geometry":{"type":"LineString","coordinates":[[139.791348,35.669042],[139.796251,35.664994],[139.798609,35.662805]]},"properties":{"ward":"江東区","species":["ケヤキ"],"count":null,"route":"5-A","alias":"","manager":"江東区"}},{"type":"Feature","geometry":{"type":"LineString","coordinates":[[139.796019,35.662475],[139.797622,35.663618]]},"properties":{"ward":"江東区","species":["ケヤキ"],"count":null,"route":"5-B","alias":"","manager":"江東区"}},{"type":"Feature","geometry":{"type":"LineString","coordinates":[[139.797986,35.655826],[139.793554,35.660308]]},"properties":{"ward":"江東区","species":["ケヤキ"],"count":null,"route":"58A","alias":"","manager":"江東区"}},{"type":"Feature","geometry":{"type":"LineString","coordinates":[[139.798251,35.652875],[139.801825,35.655268]]},"properties":{"ward":"江東区","species":["ケヤキ","サクラ"],"count":null,"route":"19A","alias":"","manager":"江東区"}},{"type":"Feature","geometry":{"type":"LineString","coordinates":[[139.812836,35.646507],[139.819846,35.647141]]},"properties":{"ward":"江東区","species":["ケヤキ","サクラほか"],"count":null,"route":"24ⅡC","alias":"","manager":"江東区"}},{"type":"Feature","geometry":{"type":"LineString","coordinates":[[139.834789,35.637271],[139.835002,35.639476]]},"properties":{"ward":"江東区","species":["ケヤキ・クスノキ"],"count":null,"route":"59A","alias":"","manager":"江東区"}},{"type":"Feature","geometry":{"type":"LineString","coordinates":[[139.830882,35.63317],[139.834463,35.633512]]},"properties":{"ward":"江東区","species":["ケヤキ・クスノキ"],"count":null,"route":"59C","alias":"","manager":"江東区"}},{"type":"Feature","geometry":{"type":"LineString","coordinates":[[139.827332,35.632828],[139.830882,35.63317]]},"properties":{"ward":"江東区","species":["ケヤキ・クスノキ"],"count":null,"route":"59D","alias":"","manager":"江東区"}},{"type":"Feature","geometry":{"type":"LineString","coordinates":[[139.834463,35.633512],[139.834789,35.637271]]},"properties":{"ward":"江東区","species":["ケヤキ・クスノキほか"],"count":null,"route":"59B","alias":"","manager":"江東区"}},{"type":"Feature","geometry":{"type":"LineString","coordinates":[[139.823942,35.632528],[139.827332,35.632828]]},"properties":{"ward":"江東区","species":["ケヤキ・クスノキほか"],"count":null,"route":"59E","alias":"","manager":"江東区"}},{"type":"Feature","geometry":{"type":"LineString","coordinates":[[139.801733,35.649672],[139.804729,35.649989]]},"properties":{"ward":"江東区","species":["ケンポナシ","サクラほか"],"count":null,"route":"20A","alias":"","manager":"江東区"}},{"type":"Feature","geometry":{"type":"LineString","coordinates":[[139.823699,35.684953],[139.823945,35.683972]]},"properties":{"ward":"江東区","species":["コブシ"],"count":null,"route":"28E","alias":"","manager":"江東区"}},{"type":"Feature","geometry":{"type":"LineString","coordinates":[[139.825748,35.703453],[139.829014,35.702997],[139.829879,35.702649],[139.830743,35.70211]]},"properties":{"ward":"江東区","species":["コブシ","ソヨゴ"],"count":null,"route":"33BC","alias":"","manager":"江東区"}},{"type":"Feature","geometry":{"type":"LineString","coordinates":[[139.809869,35.67643],[139.809325,35.680341]]},"properties":{"ward":"江東区","species":["コブシ","タブノキ"],"count":null,"route":"42","alias":"","manager":"江東区"}},{"type":"Feature","geometry":{"type":"LineString","coordinates":[[139.824543,35.685001],[139.824819,35.682974],[139.825741,35.677973]]},"properties":{"ward":"江東区","species":["コブシ","ヤマモモ"],"count":null,"route":"62","alias":"","manager":"江東区"}},{"type":"Feature","geometry":{"type":"LineString","coordinates":[[139.835693,35.690721],[139.836907,35.690721]]},"properties":{"ward":"江東区","species":["コブン","シラカシ"],"count":null,"route":"58","alias":"","manager":"江東区"}},{"type":"Feature","geometry":{"type":"LineString","coordinates":[[139.794507,35.685249],[139.797396,35.685331]]},"properties":{"ward":"江東区","species":["サクラ"],"count":null,"route":"1-A","alias":"","manager":"江東区"}},{"type":"Feature","geometry":{"type":"LineString","coordinates":[[139.813523,35.667268],[139.813752,35.665693]]},"properties":{"ward":"江東区","species":["サクラ"],"count":null,"route":"10-G","alias":"","manager":"江東区"}},{"type":"Feature","geometry":{"type":"LineString","coordinates":[[139.820125,35.691778],[139.820443,35.689342]]},"properties":{"ward":"江東区","species":["サクラ"],"count":null,"route":"115号","alias":"","manager":"江東区"}},{"type":"Feature","geometry":{"type":"LineString","coordinates":[[139.837548,35.675657],[139.837504,35.67544],[139.837916,35.675388],[139.837611,35.674258]]},"properties":{"ward":"江東区","species":["サクラ"],"count":null,"route":"15B","alias":"","manager":"江東区"}},{"type":"Feature","geometry":{"type":"LineString","coordinates":[[139.799328,35.689613],[139.800155,35.688312]]},"properties":{"ward":"江東区","species":["サクラ"],"count":null,"route":"22","alias":"","manager":"江東区"}},{"type":"Feature","geometry":{"type":"LineString","coordinates":[[139.830756,35.702841],[139.833075,35.702784]]},"properties":{"ward":"江東区","species":["サクラ"],"count":null,"route":"33A","alias":"","manager":"江東区"}},{"type":"Feature","geometry":{"type":"LineString","coordinates":[[139.814021,35.658857],[139.815878,35.657019]]},"properties":{"ward":"江東区","species":["サクラ"],"count":null,"route":"38C","alias":"","manager":"江東区"}},{"type":"Feature","geometry":{"type":"LineString","coordinates":[[139.846557,35.694852],[139.846139,35.695659]]},"properties":{"ward":"江東区","species":["サクラ"],"count":null,"route":"48D","alias":"","manager":"江東区"}},{"type":"Feature","geometry":{"type":"LineString","coordinates":[[139.845964,35.691953],[139.846043,35.691135]]},"properties":{"ward":"江東区","species":["サクラ"],"count":null,"route":"51A","alias":"","manager":"江東区"}},{"type":"Feature","geometry":{"type":"LineString","coordinates":[[139.821833,35.67777],[139.822951,35.677657]]},"properties":{"ward":"江東区","species":["サクラ"],"count":null,"route":"59","alias":"","manager":"江東区"}},{"type":"Feature","geometry":{"type":"LineString","coordinates":[[139.808677,35.659757],[139.81039,35.657995]]},"properties":{"ward":"江東区","species":["サクラ"],"count":null,"route":"8E","alias":"","manager":"江東区"}},{"type":"Feature","geometry":{"type":"LineString","coordinates":[[139.812902,35.659799],[139.812758,35.660034]]},"properties":{"ward":"江東区","species":["サクラ"],"count":null,"route":"臨-イ","alias":"","manager":"江東区"}},{"type":"Feature","geometry":{"type":"LineString","coordinates":[[139.804036,35.640724],[139.804933,35.64104]]},"properties":{"ward":"江東区","species":["サクラ"],"count":null,"route":"臨_東雲駅前広場","alias":"","manager":"江東区"}},{"type":"Feature","geometry":{"type":"LineString","coordinates":[[139.825714,35.645625],[139.826011,35.645553],[139.826068,35.645165],[139.826145,35.645137],[139.8271,35.645226]]},"properties":{"ward":"江東区","species":["サクラ","クスノキほか"],"count":null,"route":"臨_新木場駅前広場","alias":"","manager":"江東区"}},{"type":"Feature","geometry":{"type":"LineString","coordinates":[[139.794671,35.65281],[139.797918,35.649579]]},"properties":{"ward":"江東区","species":["サクラ","トウカエデ"],"count":null,"route":"19D","alias":"","manager":"江東区"}},{"type":"Feature","geometry":{"type":"LineString","coordinates":[[139.808164,35.659577],[139.808137,35.659625]]},"properties":{"ward":"江東区","species":["サクラほか"],"count":null,"route":"臨-ア","alias":"","manager":"江東区"}},{"type":"Feature","geometry":{"type":"LineString","coordinates":[[139.797341,35.643229],[139.799128,35.645353],[139.801919,35.645607]]},"properties":{"ward":"江東区","species":["サルスベリ"],"count":null,"route":"23","alias":"","manager":"江東区"}},{"type":"Feature","geometry":{"type":"LineString","coordinates":[[139.812048,35.652182],[139.815497,35.652537]]},"properties":{"ward":"江東区","species":["サルスベリ"],"count":null,"route":"24ⅡD","alias":"","manager":"江東区"}},{"type":"Feature","geometry":{"type":"LineString","coordinates":[[139.816262,35.672052],[139.819646,35.672193]]},"properties":{"ward":"江東区","species":["サルスベリ"],"count":null,"route":"34-A","alias":"","manager":"江東区"}},{"type":"Feature","geometry":{"type":"LineString","coordinates":[[139.784557,35.634902],[139.790459,35.638073]]},"properties":{"ward":"江東区","species":["サルスベリ"],"count":null,"route":"66","alias":"","manager":"江東区"}},{"type":"Feature","geometry":{"type":"LineString","coordinates":[[139.790459,35.638073],[139.795047,35.640565]]},"properties":{"ward":"江東区","species":["サルスベリ"],"count":null,"route":"67","alias":"","manager":"江東区"}},{"type":"Feature","geometry":{"type":"LineString","coordinates":[[139.795047,35.640565],[139.797341,35.643229]]},"properties":{"ward":"江東区","species":["サルスベリ"],"count":null,"route":"68","alias":"","manager":"江東区"}},{"type":"Feature","geometry":{"type":"LineString","coordinates":[[139.835767,35.673],[139.836184,35.673656],[139.836809,35.675673]]},"properties":{"ward":"江東区","species":["サルスベリ","メタセコイヤ"],"count":null,"route":"15A","alias":"","manager":"江東区"}},{"type":"Feature","geometry":{"type":"LineString","coordinates":[[139.832618,35.667229],[139.832942,35.667985]]},"properties":{"ward":"江東区","species":["サルスベリ・クロガネモチ"],"count":null,"route":"53","alias":"","manager":"江東区"}},{"type":"Feature","geometry":{"type":"LineString","coordinates":[[139.845631,35.687797],[139.846521,35.687839]]},"properties":{"ward":"江東区","species":["シナノキ","タイサンボク"],"count":null,"route":"56","alias":"","manager":"江東区"}},{"type":"Feature","geometry":{"type":"LineString","coordinates":[[139.790821,35.649169],[139.791837,35.648268],[139.791909,35.647815],[139.79179,35.647491],[139.791497,35.64716],[139.790719,35.646752]]},"properties":{"ward":"江東区","species":["シマトネリコ"],"count":null,"route":"63","alias":"","manager":"江東区"}},{"type":"Feature","geometry":{"type":"LineString","coordinates":[[139.788582,35.649077],[139.789915,35.649972],[139.790821,35.649169]]},"properties":{"ward":"江東区","species":["シマトネリコ"],"count":null,"route":"64","alias":"","manager":"江東区"}},{"type":"Feature","geometry":{"type":"LineString","coordinates":[[139.785927,35.646209],[139.785273,35.646924],[139.786695,35.647863],[139.787375,35.6472]]},"properties":{"ward":"江東区","species":["シマトネリコ"],"count":null,"route":"65","alias":"","manager":"江東区"}},{"type":"Feature","geometry":{"type":"LineString","coordinates":[[139.791475,35.648646],[139.792392,35.649273],[139.792605,35.649308],[139.792799,35.649249],[139.793511,35.648531],[139.793466,35.648233],[139.792922,35.647843],[139.792572,35.647761],[139.791909,35.647815]]},"properties":{"ward":"江東区","species":["シマトネリコ"],"count":null,"route":"77","alias":"","manager":"江東区"}},{"type":"Feature","geometry":{"type":"LineString","coordinates":[[139.794549,35.659225],[139.795511,35.659824],[139.797656,35.657671],[139.796783,35.657055]]},"properties":{"ward":"江東区","species":["シマトネリコ・サルスベリほか"],"count":null,"route":"58B","alias":"","manager":"江東区"}},{"type":"Feature","geometry":{"type":"LineString","coordinates":[[139.830609,35.683959],[139.834762,35.684277]]},"properties":{"ward":"江東区","species":["シラカシ"],"count":null,"route":"27B","alias":"","manager":"江東区"}},{"type":"Feature","geometry":{"type":"LineString","coordinates":[[139.791911,35.636859],[139.795804,35.638935]]},"properties":{"ward":"江東区","species":["シラカシ"],"count":null,"route":"79","alias":"","manager":"江東区"}},{"type":"Feature","geometry":{"type":"LineString","coordinates":[[139.81403,35.664462],[139.81416,35.663726]]},"properties":{"ward":"江東区","species":["シラカシ","ハナミズキ"],"count":null,"route":"17L","alias":"","manager":"江東区"}},{"type":"Feature","geometry":{"type":"LineString","coordinates":[[139.791595,35.689784],[139.792191,35.689176]]},"properties":{"ward":"江東区","species":["シラカシ","ライラックほか"],"count":null,"route":"44","alias":"","manager":"江東区"}},{"type":"Feature","geometry":{"type":"LineString","coordinates":[[139.833841,35.664177],[139.830808,35.665084],[139.830609,35.665239],[139.830585,35.665369],[139.831022,35.666295],[139.830998,35.66647],[139.830871,35.666607],[139.830363,35.666762],[139.830665,35.667416]]},"properties":{"ward":"江東区","species":["シラカシ・ハクウンボク"],"count":null,"route":"55","alias":"","manager":"江東区"}},{"type":"Feature","geometry":{"type":"LineString","coordinates":[[139.84351,35.695288],[139.845194,35.695459],[139.846058,35.69563],[139.846732,35.695868]]},"properties":{"ward":"江東区","species":["スダジイ","タブノキ"],"count":null,"route":"48A","alias":"","manager":"江東区"}},{"type":"Feature","geometry":{"type":"LineString","coordinates":[[139.813363,35.66901],[139.816457,35.669125]]},"properties":{"ward":"江東区","species":["タブノキ"],"count":null,"route":"29-B","alias":"","manager":"江東区"}},{"type":"Feature","geometry":{"type":"LineString","coordinates":[[139.81655,35.668164],[139.819697,35.668294]]},"properties":{"ward":"江東区","species":["タブノキ"],"count":null,"route":"29-C","alias":"","manager":"江東区"}},{"type":"Feature","geometry":{"type":"LineString","coordinates":[[139.81706,35.659261],[139.819794,35.659499]]},"properties":{"ward":"江東区","species":["タブノキ"],"count":null,"route":"40G","alias":"","manager":"江東区"}},{"type":"Feature","geometry":{"type":"LineString","coordinates":[[139.801919,35.645607],[139.802941,35.645655],[139.802992,35.646199],[139.802662,35.648584],[139.802791,35.648823],[139.803233,35.648923],[139.803093,35.649791]]},"properties":{"ward":"江東区","species":["タブノキ"],"count":null,"route":"57A","alias":"","manager":"江東区"}},{"type":"Feature","geometry":{"type":"LineString","coordinates":[[139.802941,35.645655],[139.803739,35.645589],[139.804285,35.645671],[139.804546,35.645742],[139.804657,35.645863],[139.804682,35.646066],[139.804296,35.648819],[139.804197,35.648931],[139.803887,35.648991],[139.803233,35.648923]]},"properties":{"ward":"江東区","species":["タブノキ"],"count":null,"route":"57B","alias":"","manager":"江東区"}},{"type":"Feature","geometry":{"type":"LineString","coordinates":[[139.801642,35.647338],[139.802797,35.647479]]},"properties":{"ward":"江東区","species":["タブノキ"],"count":null,"route":"57C","alias":"","manager":"江東区"}},{"type":"Feature","geometry":{"type":"LineString","coordinates":[[139.810484,35.673525],[139.815884,35.674157]]},"properties":{"ward":"江東区","species":["タブノキ","イチョウほか"],"count":null,"route":"43","alias":"","manager":"江東区"}},{"type":"Feature","geometry":{"type":"LineString","coordinates":[[139.822627,35.684892],[139.826502,35.685112]]},"properties":{"ward":"江東区","species":["タブノキ","エゴノキ"],"count":null,"route":"28D","alias":"","manager":"江東区"}},{"type":"Feature","geometry":{"type":"LineString","coordinates":[[139.846521,35.687839],[139.846552,35.688383],[139.846438,35.689705]]},"properties":{"ward":"江東区","species":["タブノキ","クヌギ"],"count":null,"route":"48B","alias":"","manager":"江東区"}},{"type":"Feature","geometry":{"type":"LineString","coordinates":[[139.835002,35.639476],[139.835381,35.643669],[139.836151,35.645521]]},"properties":{"ward":"江東区","species":["タブノキ","サルスベリ"],"count":null,"route":"48","alias":"","manager":"江東区"}},{"type":"Feature","geometry":{"type":"LineString","coordinates":[[139.802511,35.658095],[139.805505,35.654985]]},"properties":{"ward":"江東区","species":["タブノキ","サルスベリほか"],"count":null,"route":"8H","alias":"","manager":"江東区"}},{"type":"Feature","geometry":{"type":"LineString","coordinates":[[139.829022,35.672723],[139.829079,35.672625],[139.829804,35.672335]]},"properties":{"ward":"江東区","species":["タブノキ","ハナミズキ"],"count":null,"route":"61","alias":"","manager":"江東区"}},{"type":"Feature","geometry":{"type":"LineString","coordinates":[[139.798939,35.637376],[139.798837,35.63762],[139.798976,35.638101],[139.799317,35.63838],[139.80265,35.64014],[139.803208,35.640355],[139.804107,35.64052],[139.806324,35.64071]]},"properties":{"ward":"江東区","species":["タブノキ","ヤマモモほか"],"count":null,"route":"25F","alias":"","manager":"江東区"}},{"type":"Feature","geometry":{"type":"LineString","coordinates":[[139.798581,35.63962],[139.798302,35.641726]]},"properties":{"ward":"江東区","species":["タブノキ・ヒメリンゴほか"],"count":null,"route":"60","alias":"","manager":"江東区"}},{"type":"Feature","geometry":{"type":"LineString","coordinates":[[139.809805,35.666021],[139.813663,35.666382]]},"properties":{"ward":"江東区","species":["ツバキ","エゴノキ"],"count":null,"route":"10-F","alias":"","manager":"江東区"}},{"type":"Feature","geometry":{"type":"LineString","coordinates":[[139.80867,35.665891],[139.809805,35.666021]]},"properties":{"ward":"江東区","species":["ツバキ・エゴノキ"],"count":null,"route":"10-F","alias":"","manager":"江東区"}},{"type":"Feature","geometry":{"type":"LineString","coordinates":[[139.828503,35.694606],[139.829814,35.694685]]},"properties":{"ward":"江東区","species":["トウカエデ"],"count":null,"route":"12A","alias":"","manager":"江東区"}},{"type":"Feature","geometry":{"type":"LineString","coordinates":[[139.79236,35.659325],[139.792024,35.659555],[139.791807,35.661312],[139.792753,35.661976],[139.794199,35.660932]]},"properties":{"ward":"江東区","species":["トウカエデ"],"count":null,"route":"18B","alias":"","manager":"江東区"}},{"type":"Feature","geometry":{"type":"LineString","coordinates":[[139.821105,35.683469],[139.821257,35.683521],[139.822627,35.684892]]},"properties":{"ward":"江東区","species":["トウカエデ"],"count":null,"route":"28A","alias":"","manager":"江東区"}},{"type":"Feature","geometry":{"type":"LineString","coordinates":[[139.792991,35.658179],[139.794549,35.659225]]},"properties":{"ward":"江東区","species":["トウカエデ"],"count":null,"route":"58C","alias":"","manager":"江東区"}},{"type":"Feature","geometry":{"type":"LineString","coordinates":[[139.795138,35.655979],[139.796783,35.657055]]},"properties":{"ward":"江東区","species":["トウカエデ"],"count":null,"route":"58D","alias":"","manager":"江東区"}},{"type":"Feature","geometry":{"type":"LineString","coordinates":[[139.793993,35.655235],[139.79196,35.657296],[139.79196,35.657466],[139.792069,35.657612],[139.792991,35.658179]]},"properties":{"ward":"江東区","species":["トウカエデ"],"count":null,"route":"58E","alias":"","manager":"江東区"}},{"type":"Feature","geometry":{"type":"LineString","coordinates":[[139.794105,35.653284],[139.793216,35.654204],[139.793223,35.65469],[139.795138,35.655979]]},"properties":{"ward":"江東区","species":["トウカエデ"],"count":null,"route":"58F","alias":"","manager":"江東区"}},{"type":"Feature","geometry":{"type":"LineString","coordinates":[[139.803297,35.658723],[139.80479,35.657182]]},"properties":{"ward":"江東区","species":["トウカエデ"],"count":null,"route":"8B","alias":"","manager":"江東区"}},{"type":"Feature","geometry":{"type":"LineString","coordinates":[[139.819624,35.698149],[139.819767,35.696468]]},"properties":{"ward":"江東区","species":["トウカエデ","クスノキ"],"count":null,"route":"11DK","alias":"","manager":"江東区"}},{"type":"Feature","geometry":{"type":"LineString","coordinates":[[139.846204,35.694817],[139.846064,35.693856],[139.845964,35.691953]]},"properties":{"ward":"江東区","species":["ナンキンハゼ","ハルニレ"],"count":null,"route":"51C","alias":"","manager":"江東区"}},{"type":"Feature","geometry":{"type":"LineString","coordinates":[[139.808765,35.667595],[139.813259,35.668043]]},"properties":{"ward":"江東区","species":["ハクウンボク","キンモクセイ"],"count":null,"route":"10-D","alias":"","manager":"江東区"}},{"type":"Feature","geometry":{"type":"LineString","coordinates":[[139.843548,35.696045],[139.844577,35.696117],[139.844832,35.69605],[139.845194,35.695459]]},"properties":{"ward":"江東区","species":["ハクウンボク","シラカシ"],"count":null,"route":"48","alias":"","manager":"江東区"}},{"type":"Feature","geometry":{"type":"LineString","coordinates":[[139.845194,35.695459],[139.84527,35.694764]]},"properties":{"ward":"江東区","species":["ハクウンボク","シラカシ"],"count":null,"route":"48C","alias":"","manager":"江東区"}},{"type":"Feature","geometry":{"type":"LineString","coordinates":[[139.801118,35.642001],[139.800889,35.643508]]},"properties":{"ward":"江東区","species":["ハクモクレン","ハナミズキ"],"count":null,"route":"25B","alias":"","manager":"江東区"}},{"type":"Feature","geometry":{"type":"LineString","coordinates":[[139.80361,35.685675],[139.809458,35.685957]]},"properties":{"ward":"江東区","species":["ハナミズキ"],"count":null,"route":"1","alias":"","manager":"江東区"}},{"type":"Feature","geometry":{"type":"LineString","coordinates":[[139.826033,35.695515],[139.828225,35.695642]]},"properties":{"ward":"江東区","species":["ハナミズキ"],"count":null,"route":"12B","alias":"","manager":"江東区"}},{"type":"Feature","geometry":{"type":"LineString","coordinates":[[139.823785,35.695389],[139.82566,35.69545]]},"properties":{"ward":"江東区","species":["ハナミズキ"],"count":null,"route":"12C","alias":"","manager":"江東区"}},{"type":"Feature","geometry":{"type":"LineString","coordinates":[[139.822617,35.69432],[139.822578,35.694851],[139.822641,35.695357],[139.822927,35.695946]]},"properties":{"ward":"江東区","species":["ハナミズキ"],"count":null,"route":"12D","alias":"","manager":"江東区"}},{"type":"Feature","geometry":{"type":"LineString","coordinates":[[139.811411,35.664219],[139.81403,35.664462]]},"properties":{"ward":"江東区","species":["ハナミズキ"],"count":null,"route":"17K","alias":"","manager":"江東区"}},{"type":"Feature","geometry":{"type":"LineString","coordinates":[[139.799484,35.645385],[139.800169,35.640481]]},"properties":{"ward":"江東区","species":["ハナミズキ"],"count":null,"route":"25A","alias":"","manager":"江東区"}},{"type":"Feature","geometry":{"type":"LineString","coordinates":[[139.825225,35.673267],[139.825225,35.672052],[139.825056,35.670109]]},"properties":{"ward":"江東区","species":["ハナミズキ"],"count":null,"route":"26A","alias":"","manager":"江東区"}},{"type":"Feature","geometry":{"type":"LineString","coordinates":[[139.819697,35.668294],[139.819667,35.669241]]},"properties":{"ward":"江東区","species":["ハナミズキ"],"count":null,"route":"29","alias":"","manager":"江東区"}},{"type":"Feature","geometry":{"type":"LineString","coordinates":[[139.811497,35.67233],[139.814842,35.671987],[139.816262,35.672052]]},"properties":{"ward":"江東区","species":["ハナミズキ"],"count":null,"route":"33","alias":"","manager":"江東区"}},{"type":"Feature","geometry":{"type":"LineString","coordinates":[[139.801176,35.68089],[139.803746,35.681185],[139.809831,35.681509]]},"properties":{"ward":"江東区","species":["ハナミズキ"],"count":null,"route":"35-B","alias":"","manager":"江東区"}},{"type":"Feature","geometry":{"type":"LineString","coordinates":[[139.831322,35.678187],[139.831316,35.676751]]},"properties":{"ward":"江東区","species":["ハナミズキ"],"count":null,"route":"37","alias":"","manager":"江東区"}},{"type":"Feature","geometry":{"type":"LineString","coordinates":[[139.813457,35.658133],[139.81478,35.656771]]},"properties":{"ward":"江東区","species":["ハナミズキ"],"count":null,"route":"39D","alias":"","manager":"江東区"}},{"type":"Feature","geometry":{"type":"LineString","coordinates":[[139.814998,35.657888],[139.816433,35.658833]]},"properties":{"ward":"江東区","species":["ハナミズキ"],"count":null,"route":"40B","alias":"","manager":"江東区"}},{"type":"Feature","geometry":{"type":"LineString","coordinates":[[139.832181,35.689605],[139.831932,35.690324],[139.831659,35.693665]]},"properties":{"ward":"江東区","species":["ハナミズキ"],"count":null,"route":"41","alias":"","manager":"江東区"}},{"type":"Feature","geometry":{"type":"LineString","coordinates":[[139.83511,35.677826],[139.835413,35.677773]]},"properties":{"ward":"江東区","species":["ハナミズキ"],"count":null,"route":"50","alias":"","manager":"江東区"}},{"type":"Feature","geometry":{"type":"LineString","coordinates":[[139.844266,35.691913],[139.845964,35.691953]]},"properties":{"ward":"江東区","species":["ハナミズキ"],"count":null,"route":"51B","alias":"","manager":"江東区"}},{"type":"Feature","geometry":{"type":"LineString","coordinates":[[139.833674,35.663386],[139.833841,35.664177],[139.834722,35.666172]]},"properties":{"ward":"江東区","species":["ハナミズキ"],"count":null,"route":"54","alias":"","manager":"江東区"}},{"type":"Feature","geometry":{"type":"LineString","coordinates":[[139.843942,35.693714],[139.846064,35.693856]]},"properties":{"ward":"江東区","species":["ハナミズキ"],"count":null,"route":"57","alias":"","manager":"江東区"}},{"type":"Feature","geometry":{"type":"LineString","coordinates":[[139.822196,35.680929],[139.82179,35.67739]]},"properties":{"ward":"江東区","species":["ハナミズキ"],"count":null,"route":"66","alias":"","manager":"江東区"}},{"type":"Feature","geometry":{"type":"LineString","coordinates":[[139.839517,35.666451],[139.8408,35.666295]]},"properties":{"ward":"江東区","species":["ハナミズキ"],"count":null,"route":"67","alias":"","manager":"江東区"}},{"type":"Feature","geometry":{"type":"LineString","coordinates":[[139.782498,35.635549],[139.783577,35.636126]]},"properties":{"ward":"江東区","species":["ハナミズキ"],"count":null,"route":"69","alias":"","manager":"江東区"}},{"type":"Feature","geometry":{"type":"LineString","coordinates":[[139.81076,35.688489],[139.811026,35.686006]]},"properties":{"ward":"江東区","species":["ハナミズキ"],"count":null,"route":"7","alias":"","manager":"江東区"}},{"type":"Feature","geometry":{"type":"LineString","coordinates":[[139.783577,35.636126],[139.789441,35.639338]]},"properties":{"ward":"江東区","species":["ハナミズキ"],"count":null,"route":"74","alias":"","manager":"江東区"}},{"type":"Feature","geometry":{"type":"LineString","coordinates":[[139.789441,35.639338],[139.794045,35.641846]]},"properties":{"ward":"江東区","species":["ハナミズキ"],"count":null,"route":"75","alias":"","manager":"江東区"}},{"type":"Feature","geometry":{"type":"LineString","coordinates":[[139.794045,35.641846],[139.795016,35.642366]]},"properties":{"ward":"江東区","species":["ハナミズキ"],"count":null,"route":"76","alias":"","manager":"江東区"}},{"type":"Feature","geometry":{"type":"LineString","coordinates":[[139.813328,35.692146],[139.813438,35.69047]]},"properties":{"ward":"江東区","species":["ハナミズキ"],"count":null,"route":"8","alias":"","manager":"江東区"}},{"type":"Feature","geometry":{"type":"LineString","coordinates":[[139.816142,35.659927],[139.816874,35.659143]]},"properties":{"ward":"江東区","species":["ハナミズキ","カクレミノ"],"count":null,"route":"40E","alias":"","manager":"江東区"}},{"type":"Feature","geometry":{"type":"LineString","coordinates":[[139.825155,35.681108],[139.826747,35.681318]]},"properties":{"ward":"江東区","species":["ハナミズキ","クロガネモチ"],"count":null,"route":"64","alias":"","manager":"江東区"}},{"type":"Feature","geometry":{"type":"LineString","coordinates":[[139.806769,35.651681],[139.811125,35.652101]]},"properties":{"ward":"江東区","species":["ハナミズキ","サクラほか"],"count":null,"route":"24ⅠD","alias":"","manager":"江東区"}},{"type":"Feature","geometry":{"type":"LineString","coordinates":[[139.811523,35.656859],[139.812184,35.65619]]},"properties":{"ward":"江東区","species":["ハナミズキ","サルスベリ"],"count":null,"route":"39B","alias":"","manager":"江東区"}},{"type":"Feature","geometry":{"type":"LineString","coordinates":[[139.83522,35.641847],[139.836622,35.641776]]},"properties":{"ward":"江東区","species":["ハナミズキ","サルスベリ"],"count":null,"route":"51","alias":"","manager":"江東区"}},{"type":"Feature","geometry":{"type":"LineString","coordinates":[[139.815017,35.659177],[139.816503,35.657723],[139.817183,35.657782]]},"properties":{"ward":"江東区","species":["ハナミズキ","サルスベリほか"],"count":null,"route":"40C","alias":"","manager":"江東区"}},{"type":"Feature","geometry":{"type":"LineString","coordinates":[[139.812934,35.656845],[139.814012,35.657562]]},"properties":{"ward":"江東区","species":["ハナミズキ","シラカシ"],"count":null,"route":"39E","alias":"","manager":"江東区"}},{"type":"Feature","geometry":{"type":"LineString","coordinates":[[139.824711,35.683703],[139.82682,35.683823]]},"properties":{"ward":"江東区","species":["ハナミズキ","シラカシ"],"count":null,"route":"63","alias":"","manager":"江東区"}},{"type":"Feature","geometry":{"type":"LineString","coordinates":[[139.807206,35.648804],[139.811668,35.649258]]},"properties":{"ward":"江東区","species":["ハナミズキ","ニセアカシアほか"],"count":null,"route":"24ⅠF","alias":"","manager":"江東区"}},{"type":"Feature","geometry":{"type":"LineString","coordinates":[[139.798302,35.641726],[139.802083,35.642072]]},"properties":{"ward":"江東区","species":["ハナミズキ","ビワほか"],"count":null,"route":"25E","alias":"","manager":"江東区"}},{"type":"Feature","geometry":{"type":"LineString","coordinates":[[139.835381,35.643669],[139.836783,35.643599]]},"properties":{"ward":"江東区","species":["ハナミズキ","モッコク"],"count":null,"route":"49","alias":"","manager":"江東区"}},{"type":"Feature","geometry":{"type":"LineString","coordinates":[[139.81706,35.659261],[139.818289,35.658072],[139.818438,35.657229]]},"properties":{"ward":"江東区","species":["ハナミズキ","モッコクほか"],"count":null,"route":"40F","alias":"","manager":"江東区"}},{"type":"Feature","geometry":{"type":"LineString","coordinates":[[139.808771,35.664526],[139.808856,35.663829]]},"properties":{"ward":"江東区","species":["ハナミズキ・クロマツ"],"count":null,"route":"臨９－４","alias":"","manager":"江東区"}},{"type":"Feature","geometry":{"type":"LineString","coordinates":[[139.816287,35.660027],[139.81706,35.659261]]},"properties":{"ward":"江東区","species":["ハナミズキ・モッコクほか"],"count":null,"route":"40F","alias":"","manager":"江東区"}},{"type":"Feature","geometry":{"type":"LineString","coordinates":[[139.840339,35.697139],[139.842989,35.695542]]},"properties":{"ward":"江東区","species":["ハナモモ"],"count":null,"route":"30","alias":"","manager":"江東区"}},{"type":"Feature","geometry":{"type":"LineString","coordinates":[[139.810092,35.685973],[139.816993,35.686218],[139.820359,35.686453]]},"properties":{"ward":"江東区","species":["プラタナス"],"count":null,"route":"1","alias":"","manager":"江東区"}},{"type":"Feature","geometry":{"type":"LineString","coordinates":[[139.801143,35.685535],[139.80361,35.685675]]},"properties":{"ward":"江東区","species":["プラタナス"],"count":null,"route":"1","alias":"","manager":"江東区"}},{"type":"Feature","geometry":{"type":"LineString","coordinates":[[139.819788,35.696008],[139.81989,35.694697]]},"properties":{"ward":"江東区","species":["プラタナス"],"count":null,"route":"11E","alias":"","manager":"江東区"}},{"type":"Feature","geometry":{"type":"LineString","coordinates":[[139.824559,35.677868],[139.82452,35.675462]]},"properties":{"ward":"江東区","species":["プラタナス"],"count":null,"route":"13A","alias":"","manager":"江東区"}},{"type":"Feature","geometry":{"type":"LineString","coordinates":[[139.820823,35.686434],[139.824016,35.686706]]},"properties":{"ward":"江東区","species":["プラタナス"],"count":null,"route":"1G","alias":"","manager":"江東区"}},{"type":"Feature","geometry":{"type":"LineString","coordinates":[[139.792638,35.690335],[139.793909,35.688675],[139.794217,35.68776],[139.794507,35.685249]]},"properties":{"ward":"江東区","species":["プラタナス"],"count":null,"route":"3","alias":"","manager":"江東区"}},{"type":"Feature","geometry":{"type":"LineString","coordinates":[[139.793487,35.670796],[139.795125,35.670079],[139.799318,35.668556],[139.800341,35.66839]]},"properties":{"ward":"江東区","species":["プラタナス"],"count":null,"route":"4","alias":"","manager":"江東区"}},{"type":"Feature","geometry":{"type":"LineString","coordinates":[[139.79227,35.671787],[139.791754,35.671673],[139.791565,35.671705],[139.791019,35.672029],[139.789698,35.673082],[139.789132,35.673656],[139.788779,35.67453],[139.788772,35.675633]]},"properties":{"ward":"江東区","species":["プラタナス"],"count":null,"route":"4","alias":"","manager":"江東区"}},{"type":"Feature","geometry":{"type":"LineString","coordinates":[[139.792552,35.671227],[139.793055,35.670996]]},"properties":{"ward":"江東区","species":["プラタナス"],"count":null,"route":"4","alias":"","manager":"江東区"}},{"type":"Feature","geometry":{"type":"LineString","coordinates":[[139.803407,35.68813],[139.80361,35.685675],[139.803617,35.684328]]},"properties":{"ward":"江東区","species":["プラタナス"],"count":null,"route":"6","alias":"","manager":"江東区"}},{"type":"Feature","geometry":{"type":"LineString","coordinates":[[139.803655,35.683833],[139.803785,35.680186]]},"properties":{"ward":"江東区","species":["プラタナス"],"count":null,"route":"6","alias":"","manager":"江東区"}},{"type":"Feature","geometry":{"type":"LineString","coordinates":[[139.800383,35.667793],[139.800691,35.665374]]},"properties":{"ward":"江東区","species":["プラタナス"],"count":null,"route":"6","alias":"","manager":"江東区"}},{"type":"Feature","geometry":{"type":"LineString","coordinates":[[139.811026,35.686006],[139.811607,35.68059]]},"properties":{"ward":"江東区","species":["プラタナス"],"count":null,"route":"7","alias":"","manager":"江東区"}},{"type":"Feature","geometry":{"type":"LineString","coordinates":[[139.803921,35.65663],[139.808429,35.659628]]},"properties":{"ward":"江東区","species":["プラタナス","タブノキほか"],"count":null,"route":"8A","alias":"","manager":"江東区"}},{"type":"Feature","geometry":{"type":"LineString","coordinates":[[139.80934,35.647043],[139.808445,35.653267]]},"properties":{"ward":"江東区","species":["プラタナス","ユリノキ"],"count":null,"route":"24ⅠA","alias":"","manager":"江東区"}},{"type":"Feature","geometry":{"type":"LineString","coordinates":[[139.799734,35.643404],[139.801897,35.643593]]},"properties":{"ward":"江東区","species":["プラタナス","ユリノキほか"],"count":null,"route":"25D","alias":"","manager":"江東区"}},{"type":"Feature","geometry":{"type":"LineString","coordinates":[[139.803236,35.66432],[139.80475,35.66429]]},"properties":{"ward":"江東区","species":["プラタナス・シラカシ"],"count":null,"route":"61","alias":"","manager":"江東区"}},{"type":"Feature","geometry":{"type":"LineString","coordinates":[[139.803236,35.66432],[139.803535,35.662123]]},"properties":{"ward":"江東区","species":["プラタナス・マテバシイ"],"count":null,"route":"62","alias":"","manager":"江東区"}},{"type":"Feature","geometry":{"type":"LineString","coordinates":[[139.810758,35.668416],[139.811115,35.666138]]},"properties":{"ward":"江東区","species":["マテバシイ"],"count":null,"route":"10-B","alias":"","manager":"江東区"}},{"type":"Feature","geometry":{"type":"LineString","coordinates":[[139.805961,35.662905],[139.808899,35.663197]]},"properties":{"ward":"江東区","species":["マテバシイ"],"count":null,"route":"17C","alias":"","manager":"江東区"}},{"type":"Feature","geometry":{"type":"LineString","coordinates":[[139.808899,35.663197],[139.811529,35.663457]]},"properties":{"ward":"江東区","species":["マテバシイ"],"count":null,"route":"17D","alias":"","manager":"江東区"}},{"type":"Feature","geometry":{"type":"LineString","coordinates":[[139.811529,35.663457],[139.818685,35.664187]]},"properties":{"ward":"江東区","species":["マテバシイ"],"count":null,"route":"17E","alias":"","manager":"江東区"}},{"type":"Feature","geometry":{"type":"LineString","coordinates":[[139.818685,35.664187],[139.819767,35.664139],[139.820442,35.663969]]},"properties":{"ward":"江東区","species":["マテバシイ"],"count":null,"route":"17F","alias":"","manager":"江東区"}},{"type":"Feature","geometry":{"type":"LineString","coordinates":[[139.820442,35.663969],[139.823519,35.663297]]},"properties":{"ward":"江東区","species":["マテバシイ"],"count":null,"route":"17G","alias":"","manager":"江東区"}},{"type":"Feature","geometry":{"type":"LineString","coordinates":[[139.808856,35.663829],[139.808899,35.663197]]},"properties":{"ward":"江東区","species":["マテバシイ"],"count":null,"route":"17H","alias":"","manager":"江東区"}},{"type":"Feature","geometry":{"type":"LineString","coordinates":[[139.811411,35.664219],[139.811529,35.663457]]},"properties":{"ward":"江東区","species":["マテバシイ"],"count":null,"route":"17I","alias":"","manager":"江東区"}},{"type":"Feature","geometry":{"type":"LineString","coordinates":[[139.798979,35.655554],[139.799456,35.655061]]},"properties":{"ward":"江東区","species":["マテバシイ"],"count":null,"route":"19B","alias":"","manager":"江東区"}},{"type":"Feature","geometry":{"type":"LineString","coordinates":[[139.816195,35.676584],[139.817871,35.676649]]},"properties":{"ward":"江東区","species":["マテバシイ"],"count":null,"route":"2-B","alias":"","manager":"江東区"}},{"type":"Feature","geometry":{"type":"LineString","coordinates":[[139.81745,35.676633],[139.817338,35.678943]]},"properties":{"ward":"江東区","species":["マテバシイ"],"count":null,"route":"2-C","alias":"","manager":"江東区"}},{"type":"Feature","geometry":{"type":"LineString","coordinates":[[139.82682,35.683823],[139.830609,35.683959]]},"properties":{"ward":"江東区","species":["マテバシイ"],"count":null,"route":"27A","alias":"","manager":"江東区"}},{"type":"Feature","geometry":{"type":"LineString","coordinates":[[139.838837,35.684536],[139.845691,35.684769]]},"properties":{"ward":"江東区","species":["マテバシイ"],"count":null,"route":"27G","alias":"","manager":"江東区"}},{"type":"Feature","geometry":{"type":"LineString","coordinates":[[139.805631,35.666984],[139.80777,35.666951]]},"properties":{"ward":"江東区","species":["マテバシイ"],"count":null,"route":"31","alias":"","manager":"江東区"}},{"type":"Feature","geometry":{"type":"LineString","coordinates":[[139.791135,35.670383],[139.791707,35.66987]]},"properties":{"ward":"江東区","species":["マテバシイ"],"count":null,"route":"5-C","alias":"","manager":"江東区"}},{"type":"Feature","geometry":{"type":"LineString","coordinates":[[139.804766,35.658925],[139.807594,35.65614],[139.813097,35.659749],[139.812832,35.660162],[139.807927,35.659684]]},"properties":{"ward":"江東区","species":["マテバシイ"],"count":null,"route":"8C","alias":"","manager":"江東区"}},{"type":"Feature","geometry":{"type":"LineString","coordinates":[[139.802369,35.661647],[139.800685,35.660604]]},"properties":{"ward":"江東区","species":["マテバシイ","ケヤキ"],"count":null,"route":"17A","alias":"","manager":"江東区"}},{"type":"Feature","geometry":{"type":"LineString","coordinates":[[139.796052,35.651429],[139.798251,35.652875]]},"properties":{"ward":"江東区","species":["マテバシイ","サクラほか"],"count":null,"route":"19C","alias":"","manager":"江東区"}},{"type":"Feature","geometry":{"type":"LineString","coordinates":[[139.820701,35.657343],[139.823698,35.657603]]},"properties":{"ward":"江東区","species":["マテバシイ","サルスベリ"],"count":null,"route":"38B","alias":"","manager":"江東区"}},{"type":"Feature","geometry":{"type":"LineString","coordinates":[[139.838039,35.666739],[139.838,35.668643],[139.837663,35.672304]]},"properties":{"ward":"江東区","species":["マテバシイ","シラカシ"],"count":null,"route":"16ABC","alias":"","manager":"江東区"}},{"type":"Feature","geometry":{"type":"LineString","coordinates":[[139.79236,35.659325],[139.793554,35.660308],[139.794786,35.6615]]},"properties":{"ward":"江東区","species":["マテバシイ","トウカエデ"],"count":null,"route":"18A","alias":"","manager":"江東区"}},{"type":"Feature","geometry":{"type":"LineString","coordinates":[[139.783577,35.636126],[139.784557,35.634902]]},"properties":{"ward":"江東区","species":["ムサシノケヤキ"],"count":null,"route":"70","alias":"","manager":"江東区"}},{"type":"Feature","geometry":{"type":"LineString","coordinates":[[139.788401,35.636979],[139.787395,35.638204]]},"properties":{"ward":"江東区","species":["ムサシノケヤキ"],"count":null,"route":"71","alias":"","manager":"江東区"}},{"type":"Feature","geometry":{"type":"LineString","coordinates":[[139.792195,35.639035],[139.791208,35.640288]]},"properties":{"ward":"江東区","species":["ムサシノケヤキ"],"count":null,"route":"72","alias":"","manager":"江東区"}},{"type":"Feature","geometry":{"type":"LineString","coordinates":[[139.788788,35.640553],[139.792953,35.642812]]},"properties":{"ward":"江東区","species":["ムサシノケヤキ"],"count":null,"route":"82","alias":"","manager":"江東区"}},{"type":"Feature","geometry":{"type":"LineString","coordinates":[[139.790324,35.641374],[139.791208,35.640288]]},"properties":{"ward":"江東区","species":["ムサシノケヤキ"],"count":null,"route":"83","alias":"","manager":"江東区"}},{"type":"Feature","geometry":{"type":"LineString","coordinates":[[139.80946,35.646472],[139.809365,35.646998],[139.809213,35.646981],[139.809183,35.646848],[139.809354,35.646832]]},"properties":{"ward":"江東区","species":["メタセコイア","クスノキ"],"count":null,"route":"臨_辰巳駅前広場","alias":"","manager":"江東区"}},{"type":"Feature","geometry":{"type":"LineString","coordinates":[[139.843691,35.694689],[139.846344,35.694825],[139.847164,35.695018]]},"properties":{"ward":"江東区","species":["メタセコイヤ","カヤ"],"count":null,"route":"48E","alias":"","manager":"江東区"}},{"type":"Feature","geometry":{"type":"LineString","coordinates":[[139.79038,35.678765],[139.792116,35.681101],[139.792741,35.681798]]},"properties":{"ward":"江東区","species":["モクレン","タブノキ"],"count":null,"route":"4","alias":"","manager":"江東区"}},{"type":"Feature","geometry":{"type":"LineString","coordinates":[[139.78887,35.676211],[139.789055,35.676749],[139.790073,35.678209]]},"properties":{"ward":"江東区","species":["モクレン","タブノキ"],"count":null,"route":"4","alias":"","manager":"江東区"}},{"type":"Feature","geometry":{"type":"LineString","coordinates":[[139.816169,35.678813],[139.817338,35.678943],[139.820019,35.678456]]},"properties":{"ward":"江東区","species":["モクレン","ホルトノキ"],"count":null,"route":"2-A","alias":"","manager":"江東区"}},{"type":"Feature","geometry":{"type":"LineString","coordinates":[[139.809886,35.665344],[139.809462,35.668324]]},"properties":{"ward":"江東区","species":["モッコク"],"count":null,"route":"10-A","alias":"","manager":"江東区"}},{"type":"Feature","geometry":{"type":"LineString","coordinates":[[139.836907,35.690721],[139.836653,35.693329]]},"properties":{"ward":"江東区","species":["モミジ","サルスベリ"],"count":null,"route":"54","alias":"","manager":"江東区"}},{"type":"Feature","geometry":{"type":"LineString","coordinates":[[139.794407,35.685962],[139.796045,35.685962],[139.798239,35.686092]]},"properties":{"ward":"江東区","species":["モミジバフウ"],"count":null,"route":"32","alias":"","manager":"江東区"}},{"type":"Feature","geometry":{"type":"LineString","coordinates":[[139.797919,35.663683],[139.80039,35.665183]]},"properties":{"ward":"江東区","species":["ヤマボウシ"],"count":null,"route":"5-F","alias":"","manager":"江東区"}},{"type":"Feature","geometry":{"type":"LineString","coordinates":[[139.823225,35.701431],[139.823562,35.697336]]},"properties":{"ward":"江東区","species":["ヤマモモ"],"count":null,"route":"11M","alias":"","manager":"江東区"}},{"type":"Feature","geometry":{"type":"LineString","coordinates":[[139.803043,35.637826],[139.802697,35.640158]]},"properties":{"ward":"江東区","species":["ヤマモモ"],"count":null,"route":"25G","alias":"","manager":"江東区"}},{"type":"Feature","geometry":{"type":"LineString","coordinates":[[139.818122,35.664765],[139.81966,35.664869]]},"properties":{"ward":"江東区","species":["ヤマモモ","シュロ"],"count":null,"route":"17N","alias":"","manager":"江東区"}},{"type":"Feature","geometry":{"type":"LineString","coordinates":[[139.834762,35.684277],[139.838837,35.684536]]},"properties":{"ward":"江東区","species":["ヤマモモ","シラカシ"],"count":null,"route":"27C","alias":"","manager":"江東区"}},{"type":"Feature","geometry":{"type":"LineString","coordinates":[[139.847164,35.695018],[139.846732,35.695868]]},"properties":{"ward":"江東区","species":["ユリノキ"],"count":null,"route":"53","alias":"","manager":"江東区"}},{"type":"Feature","geometry":{"type":"LineString","coordinates":[[139.809983,35.659883],[139.810018,35.659765],[139.81124,35.658561]]},"properties":{"ward":"江東区","species":["ユリノキ・カリン"],"count":null,"route":"8F","alias":"","manager":"江東区"}},{"type":"Feature","geometry":{"type":"LineString","coordinates":[[139.785149,35.646841],[139.784285,35.646188],[139.784098,35.646296],[139.784112,35.646374],[139.784411,35.646566],[139.784584,35.646491]]},"properties":{"ward":"江東区","species":["樹種不明"],"count":null,"route":"臨080","alias":"","manager":"江東区"}},{"type":"Feature","geometry":{"type":"LineString","coordinates":[[139.777984,35.642664],[139.778979,35.641664],[139.779542,35.641477]]},"properties":{"ward":"江東区","species":["樹種不明"],"count":null,"route":"臨080","alias":"","manager":"江東区"}},{"type":"Feature","geometry":{"type":"LineString","coordinates":[[139.783577,35.636126],[139.783209,35.636707],[139.783329,35.637102],[139.784851,35.63797],[139.785811,35.638942],[139.78829,35.64029]]},"properties":{"ward":"江東区","species":["樹種不明"],"count":null,"route":"臨084","alias":"","manager":"江東区"}},{"type":"Feature","geometry":{"type":"LineString","coordinates":[[139.787395,35.638204],[139.786505,35.639319]]},"properties":{"ward":"江東区","species":["樹種不明"],"count":null,"route":"臨085","alias":"","manager":"江東区"}},{"type":"Feature","geometry":{"type":"LineString","coordinates":[[139.819506,35.69626],[139.833997,35.697032]]},"properties":{"ward":"江東区","species":["プラタナス類"],"count":null,"route":"国道14号線","alias":"","manager":"国"}},{"type":"Feature","geometry":{"type":"LineString","coordinates":[[139.840366,35.697405],[139.843529,35.697556],[139.845592,35.698104]]},"properties":{"ward":"江東区","species":["トウカエデ"],"count":null,"route":"国道14号線","alias":"","manager":"国"}},{"type":"Feature","geometry":{"type":"LineString","coordinates":[[139.840418,35.697281],[139.843553,35.69743],[139.844401,35.697568],[139.845702,35.69797]]},"properties":{"ward":"江東区","species":["プラタナス類"],"count":null,"route":"国道14号線","alias":"","manager":"国"}},{"type":"Feature","geometry":{"type":"LineString","coordinates":[[139.771828,35.623508],[139.774004,35.62512],[139.781522,35.62927]]},"properties":{"ward":"江東区","species":["マテバシイ"],"count":null,"route":"国道357号線","alias":"","manager":"国"}},{"type":"Feature","geometry":{"type":"LineString","coordinates":[[139.784548,35.631784],[139.790535,35.635093]]},"properties":{"ward":"江東区","species":["マテバシイ"],"count":null,"route":"国道357号線","alias":"","manager":"国"}},{"type":"Feature","geometry":{"type":"LineString","coordinates":[[139.785146,35.631222],[139.79112,35.634447]]},"properties":{"ward":"江東区","species":["マテバシイ"],"count":null,"route":"国道357号線","alias":"","manager":"国"}},{"type":"Feature","geometry":{"type":"LineString","coordinates":[[139.798631,35.639484],[139.802542,35.641262]]},"properties":{"ward":"江東区","species":["緑化道路・複合植栽"],"count":null,"route":"国道357号線","alias":"","manager":"国"}},{"type":"Feature","geometry":{"type":"LineString","coordinates":[[139.82445,35.646001],[139.837713,35.647265],[139.840005,35.647154]]},"properties":{"ward":"江東区","species":["シダレヤナギ"],"count":null,"route":"国道357号線","alias":"","manager":"国"}},{"type":"Feature","geometry":{"type":"LineString","coordinates":[[139.821851,35.645756],[139.82445,35.646001]]},"properties":{"ward":"江東区","species":["緑化道路・複合植栽"],"count":null,"route":"国道357号線","alias":"","manager":"国"}},{"type":"Feature","geometry":{"type":"LineString","coordinates":[[139.808571,35.642524],[139.812752,35.643894],[139.817756,35.64538],[139.821851,35.645756]]},"properties":{"ward":"江東区","species":["マテバシイ"],"count":null,"route":"国道357号線","alias":"","manager":"国"}},{"type":"Feature","geometry":{"type":"LineString","coordinates":[[139.799031,35.638703],[139.802594,35.640604]]},"properties":{"ward":"江東区","species":["マテバシイ"],"count":null,"route":"国道357号線","alias":"","manager":"国"}},{"type":"Feature","geometry":{"type":"LineString","coordinates":[[139.80823,35.643218],[139.816241,35.645791],[139.817553,35.646087],[139.823286,35.646637]]},"properties":{"ward":"江東区","species":["マテバシイ"],"count":null,"route":"国道357号線","alias":"","manager":"国"}},{"type":"Feature","geometry":{"type":"LineString","coordinates":[[139.78116,35.618525],[139.78493,35.613987]]},"properties":{"ward":"江東区","species":["シラカシ"],"count":null,"route":"","alias":"","manager":"江東区"}},{"type":"Feature","geometry":{"type":"LineString","coordinates":[[139.78493,35.613987],[139.786584,35.611881]]},"properties":{"ward":"江東区","species":["ケヤキ"],"count":null,"route":"","alias":"","manager":"江東区"}},{"type":"Feature","geometry":{"type":"LineString","coordinates":[[139.788639,35.609486],[139.790431,35.607255]]},"properties":{"ward":"江東区","species":["サクラ類"],"count":null,"route":"","alias":"","manager":"江東区"}},{"type":"Feature","geometry":{"type":"LineString","coordinates":[[139.788131,35.606145],[139.790431,35.607255],[139.791727,35.609034]]},"properties":{"ward":"江東区","species":["その他"],"count":null,"route":"","alias":"","manager":"江東区"}},{"type":"Feature","geometry":{"type":"LineString","coordinates":[[139.776098,35.617788],[139.779803,35.619808]]},"properties":{"ward":"江東区","species":["トチノキ"],"count":null,"route":"","alias":"","manager":"江東区"}},{"type":"Feature","geometry":{"type":"LineString","coordinates":[[139.774997,35.61918],[139.778957,35.621412]]},"properties":{"ward":"江東区","species":["サクラ類"],"count":null,"route":"","alias":"","manager":"江東区"}},{"type":"Feature","geometry":{"type":"LineString","coordinates":[[139.773758,35.620666],[139.778145,35.623017]]},"properties":{"ward":"江東区","species":["ケヤキ"],"count":null,"route":"","alias":"","manager":"江東区"}},{"type":"Feature","geometry":{"type":"LineString","coordinates":[[139.774817,35.619158],[139.774205,35.618681],[139.774294,35.618342],[139.776332,35.615712],[139.77734,35.614575],[139.777785,35.614575],[139.779247,35.61548],[139.778288,35.6169]]},"properties":{"ward":"江東区","species":["ヤマモモ"],"count":null,"route":"","alias":"","manager":"江東区"}},{"type":"Feature","geometry":{"type":"LineString","coordinates":[[139.776371,35.615769],[139.777517,35.616415]]},"properties":{"ward":"江東区","species":["ヤマモモ"],"count":null,"route":"","alias":"","manager":"江東区"}},{"type":"Feature","geometry":{"type":"LineString","coordinates":[[139.778377,35.623088],[139.778957,35.621412],[139.780201,35.619482],[139.78116,35.618525]]},"properties":{"ward":"江東区","species":["カツラ"],"count":null,"route":"","alias":"","manager":"江東区"}},{"type":"Feature","geometry":{"type":"LineString","coordinates":[[139.777495,35.625483],[139.778714,35.626114]]},"properties":{"ward":"江東区","species":["その他"],"count":null,"route":"","alias":"","manager":"江東区"}},{"type":"Feature","geometry":{"type":"LineString","coordinates":[[139.789178,35.62305],[139.790731,35.62385]]},"properties":{"ward":"江東区","species":["シナサワグルミ"],"count":null,"route":"","alias":"","manager":"江東区"}},{"type":"Feature","geometry":{"type":"LineString","coordinates":[[139.790773,35.621073],[139.792261,35.621921]]},"properties":{"ward":"江東区","species":["シナサワグルミ"],"count":null,"route":"","alias":"","manager":"江東区"}},{"type":"Feature","geometry":{"type":"LineString","coordinates":[[139.792368,35.619127],[139.793976,35.620005],[139.792261,35.621921],[139.789356,35.625501]]},"properties":{"ward":"江東区","species":["シナサワグルミ"],"count":null,"route":"","alias":"","manager":"江東区"}},{"type":"Feature","geometry":{"type":"LineString","coordinates":[[139.787657,35.624885],[139.794766,35.616111]]},"properties":{"ward":"江東区","species":["クスノキ"],"count":null,"route":"","alias":"","manager":"江東区"}},{"type":"Feature","geometry":{"type":"LineString","coordinates":[[139.7941,35.619816],[139.794965,35.618555],[139.795182,35.617609],[139.795074,35.616928],[139.794766,35.616111]]},"properties":{"ward":"江東区","species":["シダレヤナギ"],"count":null,"route":"","alias":"","manager":"江東区"}},{"type":"Feature","geometry":{"type":"LineString","coordinates":[[139.796661,35.624923],[139.798993,35.626134]]},"properties":{"ward":"江東区","species":["ヤマモモ"],"count":null,"route":"","alias":"","manager":"江東区"}},{"type":"Feature","geometry":{"type":"LineString","coordinates":[[139.795349,35.632094],[139.795794,35.631231],[139.795775,35.630529],[139.795943,35.630004],[139.797031,35.628721],[139.798993,35.626134]]},"properties":{"ward":"江東区","species":["ナンキンハゼ"],"count":null,"route":"","alias":"","manager":"江東区"}},{"type":"Feature","geometry":{"type":"LineString","coordinates":[[139.792078,35.630398],[139.792968,35.629301],[139.793433,35.628438]]},"properties":{"ward":"江東区","species":["ワシントンヤシ"],"count":null,"route":"","alias":"","manager":"江東区"}},{"type":"Feature","geometry":{"type":"LineString","coordinates":[[139.797447,35.637713],[139.79822,35.636105],[139.798723,35.634167],[139.795268,35.63229]]},"properties":{"ward":"江東区","species":["コブシ"],"count":null,"route":"","alias":"","manager":"江東区"}},{"type":"Feature","geometry":{"type":"LineString","coordinates":[[139.793406,35.63136],[139.792956,35.632078],[139.794449,35.632993]]},"properties":{"ward":"江東区","species":["コブシ"],"count":null,"route":"","alias":"","manager":"江東区"}},{"type":"Feature","geometry":{"type":"LineString","coordinates":[[139.784365,35.634689],[139.788666,35.629466],[139.788976,35.628852]]},"properties":{"ward":"江東区","species":["モミジバフウ"],"count":null,"route":"","alias":"","manager":"江東区"}},{"type":"Feature","geometry":{"type":"LineString","coordinates":[[139.787391,35.63131],[139.788607,35.632067],[139.789881,35.632698],[139.790248,35.632714],[139.791909,35.630634]]},"properties":{"ward":"江東区","species":["ハナミズキ"],"count":null,"route":"","alias":"","manager":"江東区"}},{"type":"Feature","geometry":{"type":"LineString","coordinates":[[139.788742,35.631957],[139.790442,35.629798]]},"properties":{"ward":"江東区","species":["ハナミズキ"],"count":null,"route":"","alias":"","manager":"江東区"}},{"type":"Feature","geometry":{"type":"LineString","coordinates":[[139.782253,35.632963],[139.783895,35.634396],[139.784365,35.634689]]},"properties":{"ward":"江東区","species":["クスノキ"],"count":null,"route":"","alias":"","manager":"江東区"}},{"type":"Feature","geometry":{"type":"LineString","coordinates":[[139.799159,35.634394],[139.799638,35.634936],[139.798939,35.637376],[139.805583,35.637964]]},"properties":{"ward":"江東区","species":["ヤマモモ"],"count":null,"route":"","alias":"","manager":"江東区"}},{"type":"Feature","geometry":{"type":"LineString","coordinates":[[139.82341,35.635979],[139.823942,35.632528]]},"properties":{"ward":"江東区","species":["アキニレ"],"count":null,"route":"","alias":"","manager":"江東区"}},{"type":"Feature","geometry":{"type":"LineString","coordinates":[[139.830765,35.628525],[139.83567,35.629029]]},"properties":{"ward":"江東区","species":["アキニレ"],"count":null,"route":"","alias":"","manager":"江東区"}},{"type":"Feature","geometry":{"type":"LineString","coordinates":[[139.831333,35.624601],[139.835287,35.624974]]},"properties":{"ward":"江東区","species":["アキニレ"],"count":null,"route":"","alias":"","manager":"江東区"}},{"type":"Feature","geometry":{"type":"LineString","coordinates":[[139.830567,35.629937],[139.83163,35.622614]]},"properties":{"ward":"江東区","species":["アキニレ"],"count":null,"route":"","alias":"","manager":"江東区"}},{"type":"Feature","geometry":{"type":"LineString","coordinates":[[139.83747,35.64569],[139.84091,35.64544]]},"properties":{"ward":"江東区","species":["エンジュ"],"count":null,"route":"","alias":"","manager":"江東区"}},{"type":"Feature","geometry":{"type":"LineString","coordinates":[[139.810893,35.642868],[139.811034,35.641994]]},"properties":{"ward":"江東区","species":["その他"],"count":null,"route":"","alias":"","manager":"江東区"}},{"type":"Feature","geometry":{"type":"LineString","coordinates":[[139.812833,35.643463],[139.813006,35.642202]]},"properties":{"ward":"江東区","species":["その他"],"count":null,"route":"","alias":"","manager":"江東区"}},{"type":"Feature","geometry":{"type":"LineString","coordinates":[[139.814884,35.644139],[139.815131,35.642384]]},"properties":{"ward":"江東区","species":["その他"],"count":null,"route":"","alias":"","manager":"江東区"}},{"type":"Feature","geometry":{"type":"LineString","coordinates":[[139.816775,35.644755],[139.817121,35.642566]]},"properties":{"ward":"江東区","species":["その他"],"count":null,"route":"","alias":"","manager":"江東区"}},{"type":"Feature","geometry":{"type":"LineString","coordinates":[[139.816861,35.644252],[139.820148,35.644544]]},"properties":{"ward":"江東区","species":["その他"],"count":null,"route":"","alias":"","manager":"江東区"}},{"type":"Feature","geometry":{"type":"LineString","coordinates":[[139.816982,35.64356],[139.820235,35.643858]]},"properties":{"ward":"江東区","species":["その他"],"count":null,"route":"","alias":"","manager":"江東区"}},{"type":"Feature","geometry":{"type":"LineString","coordinates":[[139.818678,35.643192],[139.820927,35.643424],[139.820927,35.643959],[139.820729,35.64528],[139.820062,35.645209]]},"properties":{"ward":"江東区","species":["その他"],"count":null,"route":"","alias":"","manager":"江東区"}},{"type":"Feature","geometry":{"type":"LineString","coordinates":[[139.818542,35.644402],[139.818777,35.642718]]},"properties":{"ward":"江東区","species":["その他"],"count":null,"route":"","alias":"","manager":"江東区"}},{"type":"Feature","geometry":{"type":"LineString","coordinates":[[139.776305,35.626866],[139.777495,35.625483],[139.7785,35.623164],[139.784506,35.626306]]},"properties":{"ward":"江東区","species":["クスノキ"],"count":null,"route":"","alias":"","manager":"江東区"}},{"type":"Feature","geometry":{"type":"LineString","coordinates":[[139.808915,35.641513],[139.809855,35.641828],[139.810967,35.64199],[139.820433,35.642919],[139.820062,35.645209],[139.817714,35.644967],[139.816775,35.644755],[139.808841,35.642201],[139.808915,35.641513]]},"properties":{"ward":"江東区","species":["その他"],"count":null,"route":"","alias":"","manager":"江東区"}},{"type":"Feature","geometry":{"type":"LineString","coordinates":[[139.823286,35.646637],[139.829058,35.647209]]},"properties":{"ward":"江東区","species":["シダレヤナギ"],"count":null,"route":"国道357号線","alias":"","manager":"国"}},{"type":"Feature","geometry":{"type":"LineString","coordinates":[[139.839017,35.647929],[139.840126,35.647845]]},"properties":{"ward":"江東区","species":["シダレヤナギ"],"count":null,"route":"国道357号線","alias":"","manager":"国"}},{"type":"Feature","geometry":{"type":"LineString","coordinates":[[139.737682,35.59705],[139.738358,35.596768],[139.740811,35.596259]]},"properties":{"ward":"品川区","species":["アオギリ","プラタナス"],"count":47,"route":"大井地区_25","alias":"競馬場通り","manager":"品川区"}},{"type":"Feature","geometry":{"type":"LineString","coordinates":[[139.725432,35.601524],[139.725563,35.601524]]},"properties":{"ward":"品川区","species":["イチョウ"],"count":2,"route":"大井地区_40","alias":"","manager":"品川区"}},{"type":"Feature","geometry":{"type":"LineString","coordinates":[[139.717146,35.61928],[139.718118,35.618492],[139.71956,35.617756],[139.721261,35.617186],[139.722948,35.617211],[139.724203,35.617094],[139.724858,35.616967],[139.725791,35.616532],[139.72776,35.616225],[139.728585,35.616356],[139.72942,35.616347],[139.730474,35.616539],[139.729598,35.617483],[139.728695,35.618282],[139.727642,35.619683],[139.727174,35.620537],[139.726975,35.620653],[139.726263,35.62074],[139.725636,35.620936]]},"properties":{"ward":"品川区","species":["イチョウ"],"count":6,"route":"品川地区_27","alias":"桐ケ谷通り","manager":"品川区"}},{"type":"Feature","geometry":{"type":"LineString","coordinates":[[139.713866,35.619912],[139.714551,35.61909]]},"properties":{"ward":"品川区","species":["イチョウ"],"count":14,"route":"荏原地区_3","alias":"","manager":"品川区"}},{"type":"Feature","geometry":{"type":"LineString","coordinates":[[139.730735,35.604953],[139.732615,35.605631],[139.733255,35.606214]]},"properties":{"ward":"品川区","species":["イチョウ"],"count":33,"route":"大井地区_5","alias":"光学通り","manager":"品川区"}},{"type":"Feature","geometry":{"type":"LineString","coordinates":[[139.754159,35.624146],[139.754106,35.623328],[139.753607,35.621477],[139.753427,35.619917]]},"properties":{"ward":"品川区","species":["イチョウ"],"count":74,"route":"品川地区_1","alias":"","manager":"品川区"}},{"type":"Feature","geometry":{"type":"LineString","coordinates":[[139.746667,35.605321],[139.748411,35.604694],[139.749547,35.606382],[139.749614,35.607232]]},"properties":{"ward":"品川区","species":["イチョウ","ヤマモモ"],"count":37,"route":"大井地区_15","alias":"","manager":"品川区"}},{"type":"Feature","geometry":{"type":"LineString","coordinates":[[139.723198,35.61919],[139.723451,35.619436],[139.723624,35.619744],[139.724182,35.621141],[139.72448,35.62166]]},"properties":{"ward":"品川区","species":["エンジュ","アキニレ"],"count":15,"route":"品川地区_28","alias":"峰原通り","manager":"品川区"}},{"type":"Feature","geometry":{"type":"LineString","coordinates":[[139.736643,35.607429],[139.7391,35.610023],[139.740044,35.611499],[139.740371,35.612693],[139.740317,35.614251],[139.741061,35.61438]]},"properties":{"ward":"品川区","species":["エンジュ","ヒメリンゴ"],"count":90,"route":"品川地区_16","alias":"ゼームス坂通り","manager":"品川区"}},{"type":"Feature","geometry":{"type":"LineString","coordinates":[[139.740634,35.622807],[139.743419,35.624272]]},"properties":{"ward":"品川区","species":["エンジュ","プラタナス"],"count":23,"route":"品川地区_7","alias":"","manager":"品川区"}},{"type":"Feature","geometry":{"type":"LineString","coordinates":[[139.730502,35.591696],[139.732125,35.590842],[139.734493,35.590216],[139.735425,35.590068]]},"properties":{"ward":"品川区","species":["カンザン","ケヤキほか"],"count":59,"route":"大井地区_23","alias":"","manager":"品川区"}},{"type":"Feature","geometry":{"type":"LineString","coordinates":[[139.729693,35.593903],[139.730967,35.593581],[139.735815,35.592604]]},"properties":{"ward":"品川区","species":["カンザン","ソメイヨシノほか"],"count":67,"route":"大井地区_22","alias":"","manager":"品川区"}},{"type":"Feature","geometry":{"type":"LineString","coordinates":[[139.721443,35.600318],[139.721629,35.600274]]},"properties":{"ward":"品川区","species":["クスノキ"],"count":1,"route":"大井地区_8","alias":"","manager":"品川区"}},{"type":"Feature","geometry":{"type":"LineString","coordinates":[[139.738858,35.595069],[139.739481,35.594829]]},"properties":{"ward":"品川区","species":["クスノキ","ケヤキ"],"count":10,"route":"大井地区_27","alias":"","manager":"品川区"}},{"type":"Feature","geometry":{"type":"LineString","coordinates":[[139.730293,35.606391],[139.734124,35.60643]]},"properties":{"ward":"品川区","species":["クスノキ","ケヤキほか"],"count":53,"route":"大井地区_4","alias":"","manager":"品川区"}},{"type":"Feature","geometry":{"type":"LineString","coordinates":[[139.745421,35.600261],[139.745098,35.596097]]},"properties":{"ward":"品川区","species":["クスノキ","サクラ類ほか"],"count":108,"route":"大井地区_20","alias":"","manager":"品川区"}},{"type":"Feature","geometry":{"type":"LineString","coordinates":[[139.735178,35.605516],[139.735365,35.605443],[139.735547,35.605244]]},"properties":{"ward":"品川区","species":["クスノキ","スダジイ"],"count":11,"route":"大井地区_6","alias":"立会道路","manager":"品川区"}},{"type":"Feature","geometry":{"type":"LineString","coordinates":[[139.740383,35.624268],[139.74368,35.625065]]},"properties":{"ward":"品川区","species":["クスノキ","ハナミズキ"],"count":59,"route":"品川地区_9","alias":"","manager":"品川区"}},{"type":"Feature","geometry":{"type":"LineString","coordinates":[[139.716367,35.619944],[139.716747,35.619629]]},"properties":{"ward":"品川区","species":["クスノキ","ホルトノキほか"],"count":243,"route":"品川地区_27","alias":"","manager":"品川区"}},{"type":"Feature","geometry":{"type":"LineString","coordinates":[[139.742461,35.59603],[139.747037,35.595776]]},"properties":{"ward":"品川区","species":["クロガネモチ","ケヤキほか"],"count":52,"route":"大井地区_28","alias":"競馬場通り","manager":"品川区"}},{"type":"Feature","geometry":{"type":"LineString","coordinates":[[139.750665,35.600156],[139.750665,35.59962]]},"properties":{"ward":"品川区","species":["ケヤキ"],"count":3,"route":"大井地区_32","alias":"八潮中通り","manager":"品川区"}},{"type":"Feature","geometry":{"type":"LineString","coordinates":[[139.734611,35.607311],[139.734551,35.606772],[139.734308,35.606311],[139.734293,35.606141],[139.734624,35.605627],[139.734468,35.604252]]},"properties":{"ward":"品川区","species":["ケヤキ","クスノキほか"],"count":41,"route":"大井地区_1","alias":"","manager":"品川区"}},{"type":"Feature","geometry":{"type":"LineString","coordinates":[[139.738923,35.602448],[139.738829,35.602213],[139.738945,35.602079]]},"properties":{"ward":"品川区","species":["ケヤキ","ムクノキ"],"count":4,"route":"大井地区_14","alias":"","manager":"品川区"}},{"type":"Feature","geometry":{"type":"LineString","coordinates":[[139.703104,35.623338],[139.70328,35.623467],[139.704843,35.623653],[139.704365,35.624183]]},"properties":{"ward":"品川区","species":["ケヤキ","モミジほか"],"count":30,"route":"荏原地区_2","alias":"","manager":"品川区"}},{"type":"Feature","geometry":{"type":"LineString","coordinates":[[139.708584,35.604556],[139.708545,35.604332],[139.708316,35.603974]]},"properties":{"ward":"品川区","species":["サクラ類"],"count":5,"route":"荏原地区_8","alias":"仲通り","manager":"品川区"}},{"type":"Feature","geometry":{"type":"LineString","coordinates":[[139.716818,35.63097],[139.717086,35.630584]]},"properties":{"ward":"品川区","species":["サクラ類"],"count":8,"route":"品川地区_30","alias":"花房山通り","manager":"品川区"}},{"type":"Feature","geometry":{"type":"LineString","coordinates":[[139.731377,35.607368],[139.731855,35.607281],[139.732327,35.606896],[139.733071,35.606653]]},"properties":{"ward":"品川区","species":["サクラ類"],"count":10,"route":"大井地区_3","alias":"立会道路","manager":"品川区"}},{"type":"Feature","geometry":{"type":"LineString","coordinates":[[139.72831,35.598997],[139.728325,35.598367],[139.727958,35.597823]]},"properties":{"ward":"品川区","species":["サクラ類"],"count":11,"route":"大井地区_9","alias":"","manager":"品川区"}},{"type":"Feature","geometry":{"type":"LineString","coordinates":[[139.730471,35.620322],[139.730398,35.619914],[139.730239,35.619644],[139.729457,35.619262]]},"properties":{"ward":"品川区","species":["サクラ類"],"count":20,"route":"品川地区_23","alias":"","manager":"品川区"}},{"type":"Feature","geometry":{"type":"LineString","coordinates":[[139.73432,35.589788],[139.733752,35.587876]]},"properties":{"ward":"品川区","species":["サクラ類"],"count":27,"route":"大井地区_37","alias":"","manager":"品川区"}},{"type":"Feature","geometry":{"type":"LineString","coordinates":[[139.707378,35.623556],[139.708714,35.624172],[139.70966,35.624374],[139.710801,35.624811],[139.712127,35.625733],[139.713783,35.627313]]},"properties":{"ward":"品川区","species":["サクラ類"],"count":123,"route":"品川地区_24","alias":"かむろ坂通り","manager":"品川区"}},{"type":"Feature","geometry":{"type":"LineString","coordinates":[[139.69901,35.616018],[139.700227,35.614505],[139.700904,35.612774],[139.701457,35.612252],[139.703649,35.610792],[139.703907,35.6105],[139.704064,35.610022],[139.704225,35.607717]]},"properties":{"ward":"品川区","species":["サクラ類"],"count":161,"route":"荏原地区_5","alias":"立会道路","manager":"品川区"}},{"type":"Feature","geometry":{"type":"LineString","coordinates":[[139.723606,35.628322],[139.723629,35.627882],[139.723759,35.627602],[139.72371,35.627444]]},"properties":{"ward":"品川区","species":["サクラ類","イロハモミジ"],"count":23,"route":"品川地区_19","alias":"","manager":"品川区"}},{"type":"Feature","geometry":{"type":"LineString","coordinates":[[139.719572,35.627171],[139.720632,35.626926],[139.722441,35.626222]]},"properties":{"ward":"品川区","species":["サクラ類","オオシマザクラほか"],"count":35,"route":"品川地区_22","alias":"","manager":"品川区"}},{"type":"Feature","geometry":{"type":"LineString","coordinates":[[139.754353,35.597807],[139.754279,35.597619]]},"properties":{"ward":"品川区","species":["サクラ類","クスノキほか"],"count":5,"route":"大井地区_33","alias":"","manager":"品川区"}},{"type":"Feature","geometry":{"type":"LineString","coordinates":[[139.734963,35.61689],[139.735378,35.616294],[139.735743,35.616054],[139.736191,35.615946],[139.736982,35.615792],[139.738533,35.615917],[139.739851,35.61579],[139.747305,35.617586]]},"properties":{"ward":"品川区","species":["サクラ類","クロマツほか"],"count":231,"route":"品川地区_14","alias":"","manager":"品川区"}},{"type":"Feature","geometry":{"type":"LineString","coordinates":[[139.748889,35.621161],[139.749558,35.619722],[139.749466,35.61966],[139.749392,35.619729],[139.749469,35.61979]]},"properties":{"ward":"品川区","species":["サクラ類","ケヤキ"],"count":28,"route":"品川地区_3","alias":"","manager":"品川区"}},{"type":"Feature","geometry":{"type":"LineString","coordinates":[[139.714354,35.62948],[139.715143,35.628407],[139.715621,35.62804],[139.718323,35.626656],[139.721381,35.625477],[139.723431,35.624879],[139.724159,35.624506],[139.72556,35.624234],[139.726714,35.6236],[139.728419,35.622329],[139.729587,35.621061],[139.729881,35.62085],[139.73122,35.620308],[139.732309,35.619456],[139.733774,35.61862],[139.734154,35.618278]]},"properties":{"ward":"品川区","species":["サクラ類","ソメイヨシノほか"],"count":505,"route":"品川地区_23","alias":"","manager":"品川区"}},{"type":"Feature","geometry":{"type":"LineString","coordinates":[[139.720329,35.628831],[139.721308,35.628397],[139.722507,35.627706],[139.723395,35.62688]]},"properties":{"ward":"品川区","species":["サクラ類","トウヒほか"],"count":70,"route":"品川地区_20","alias":"花房山通り","manager":"品川区"}},{"type":"Feature","geometry":{"type":"LineString","coordinates":[[139.707148,35.603529],[139.707281,35.602974],[139.707578,35.602729],[139.712262,35.601936]]},"properties":{"ward":"品川区","species":["サクラ類","ハナミズキほか"],"count":100,"route":"荏原地区_7","alias":"立会道路","manager":"品川区"}},{"type":"Feature","geometry":{"type":"LineString","coordinates":[[139.734625,35.595117],[139.732349,35.587533]]},"properties":{"ward":"品川区","species":["サクラ類","ヒメリンゴ"],"count":89,"route":"大井地区_21","alias":"桜新道","manager":"品川区"}},{"type":"Feature","geometry":{"type":"LineString","coordinates":[[139.721546,35.601255],[139.721028,35.60025],[139.721459,35.600407],[139.722138,35.600828]]},"properties":{"ward":"品川区","species":["サクラ類","ユリノキ"],"count":19,"route":"大井地区_35","alias":"","manager":"品川区"}},{"type":"Feature","geometry":{"type":"LineString","coordinates":[[139.740781,35.62355],[139.740938,35.623359]]},"properties":{"ward":"品川区","species":["サルスベリ","ハナミズキ"],"count":3,"route":"品川地区_8","alias":"","manager":"品川区"}},{"type":"Feature","geometry":{"type":"LineString","coordinates":[[139.728822,35.594003],[139.72893,35.59384],[139.729154,35.592724]]},"properties":{"ward":"品川区","species":["サルスベリ","ハナミズキほか"],"count":45,"route":"大井地区_11","alias":"","manager":"品川区"}},{"type":"Feature","geometry":{"type":"LineString","coordinates":[[139.760335,35.604668],[139.761024,35.603229],[139.76236,35.598983],[139.765381,35.594828]]},"properties":{"ward":"品川区","species":["シダレヤナギ"],"count":null,"route":"都道316号線","alias":"","manager":"都"}},{"type":"Feature","geometry":{"type":"LineString","coordinates":[[139.731328,35.622993],[139.731275,35.621832],[139.7307,35.620763]]},"properties":{"ward":"品川区","species":["シマトネリコ","シラカシほか"],"count":58,"route":"品川地区_32","alias":"","manager":"品川区"}},{"type":"Feature","geometry":{"type":"LineString","coordinates":[[139.729172,35.617181],[139.72921,35.616762],[139.729116,35.616426]]},"properties":{"ward":"品川区","species":["シラカシ"],"count":8,"route":"品川地区_34","alias":"","manager":"品川区"}},{"type":"Feature","geometry":{"type":"LineString","coordinates":[[139.726503,35.623513],[139.726304,35.623095],[139.72638,35.62282],[139.727254,35.621656],[139.727453,35.621502]]},"properties":{"ward":"品川区","species":["シラカシ","シマトネリコほか"],"count":41,"route":"品川地区_31","alias":"","manager":"品川区"}},{"type":"Feature","geometry":{"type":"LineString","coordinates":[[139.746071,35.616563],[139.747464,35.616908]]},"properties":{"ward":"品川区","species":["スダジイ"],"count":9,"route":"品川地区_4","alias":"","manager":"品川区"}},{"type":"Feature","geometry":{"type":"LineString","coordinates":[[139.724009,35.602814],[139.724905,35.603291]]},"properties":{"ward":"品川区","species":["ソメイヨシノ"],"count":14,"route":"荏原地区_9","alias":"立会道路","manager":"品川区"}},{"type":"Feature","geometry":{"type":"LineString","coordinates":[[139.726629,35.604435],[139.726769,35.604386]]},"properties":{"ward":"品川区","species":["トウカエデ"],"count":1,"route":"大井地区_39","alias":"立会道路","manager":"品川区"}},{"type":"Feature","geometry":{"type":"LineString","coordinates":[[139.74804,35.615534],[139.750326,35.616214]]},"properties":{"ward":"品川区","species":["ニセアカシア"],"count":22,"route":"品川地区_5","alias":"","manager":"品川区"}},{"type":"Feature","geometry":{"type":"LineString","coordinates":[[139.730859,35.591261],[139.72993,35.589529]]},"properties":{"ward":"品川区","species":["ニセアカシア"],"count":37,"route":"大井地区_24","alias":"","manager":"品川区"}},{"type":"Feature","geometry":{"type":"LineString","coordinates":[[139.712908,35.62277],[139.714449,35.624752],[139.714801,35.624941],[139.715251,35.625012]]},"properties":{"ward":"品川区","species":["ハクウンボク","ハナミズキ"],"count":10,"route":"品川地区_25","alias":"","manager":"品川区"}},{"type":"Feature","geometry":{"type":"LineString","coordinates":[[139.699719,35.623943],[139.699629,35.624512]]},"properties":{"ward":"品川区","species":["ハクモクレン","モミジほか"],"count":10,"route":"荏原地区_1","alias":"","manager":"品川区"}},{"type":"Feature","geometry":{"type":"LineString","coordinates":[[139.709267,35.615646],[139.709658,35.615135]]},"properties":{"ward":"品川区","species":["ハナノキ"],"count":6,"route":"荏原地区_4","alias":"","manager":"品川区"}},{"type":"Feature","geometry":{"type":"LineString","coordinates":[[139.717341,35.62367],[139.717509,35.623716]]},"properties":{"ward":"品川区","species":["ハナミズキ"],"count":1,"route":"品川地区_40","alias":"","manager":"品川区"}},{"type":"Feature","geometry":{"type":"LineString","coordinates":[[139.741399,35.605203],[139.741616,35.605177]]},"properties":{"ward":"品川区","species":["ハナミズキ"],"count":2,"route":"大井地区_17","alias":"","manager":"品川区"}},{"type":"Feature","geometry":{"type":"LineString","coordinates":[[139.752767,35.605353],[139.752766,35.605225]]},"properties":{"ward":"品川区","species":["ハナミズキ"],"count":2,"route":"大井地区_31","alias":"","manager":"品川区"}},{"type":"Feature","geometry":{"type":"LineString","coordinates":[[139.745331,35.60655],[139.745125,35.604981]]},"properties":{"ward":"品川区","species":["ハナミズキ"],"count":10,"route":"大井地区_16","alias":"元なぎさ通り","manager":"品川区"}},{"type":"Feature","geometry":{"type":"LineString","coordinates":[[139.714947,35.622223],[139.715626,35.623379],[139.716152,35.623815],[139.717074,35.624183]]},"properties":{"ward":"品川区","species":["ハナミズキ"],"count":24,"route":"品川地区_26","alias":"","manager":"品川区"}},{"type":"Feature","geometry":{"type":"LineString","coordinates":[[139.713584,35.637751],[139.713959,35.637247],[139.714967,35.635096]]},"properties":{"ward":"品川区","species":["ハナミズキ"],"count":35,"route":"品川地区_29","alias":"","manager":"品川区"}},{"type":"Feature","geometry":{"type":"LineString","coordinates":[[139.745701,35.616348],[139.74501,35.614521],[139.744824,35.613245],[139.745347,35.606865]]},"properties":{"ward":"品川区","species":["ハナミズキ"],"count":127,"route":"品川地区_12","alias":"元なぎさ通り","manager":"品川区"}},{"type":"Feature","geometry":{"type":"LineString","coordinates":[[139.697118,35.609676],[139.699276,35.609777],[139.704139,35.610863]]},"properties":{"ward":"品川区","species":["ハナミズキ","イロハモミジ"],"count":39,"route":"荏原地区_6","alias":"延山通り","manager":"品川区"}},{"type":"Feature","geometry":{"type":"LineString","coordinates":[[139.724949,35.627226],[139.727272,35.626554]]},"properties":{"ward":"品川区","species":["ハナミズキ","クスノキ"],"count":14,"route":"品川地区_21","alias":"","manager":"品川区"}},{"type":"Feature","geometry":{"type":"LineString","coordinates":[[139.735334,35.607207],[139.73515,35.605977],[139.736201,35.605785]]},"properties":{"ward":"品川区","species":["ハナミズキ","クスノキ"],"count":21,"route":"大井地区_2","alias":"","manager":"品川区"}},{"type":"Feature","geometry":{"type":"LineString","coordinates":[[139.734297,35.599723],[139.735712,35.599684]]},"properties":{"ward":"品川区","species":["ハナミズキ","サクラ類ほか"],"count":17,"route":"大井地区_13","alias":"","manager":"品川区"}},{"type":"Feature","geometry":{"type":"LineString","coordinates":[[139.720114,35.628473],[139.721668,35.627704],[139.722528,35.627072],[139.722955,35.626653]]},"properties":{"ward":"品川区","species":["ハナミズキ","サルスベリ"],"count":16,"route":"品川地区_36","alias":"","manager":"品川区"}},{"type":"Feature","geometry":{"type":"LineString","coordinates":[[139.729905,35.609699],[139.730149,35.610566],[139.730472,35.611079]]},"properties":{"ward":"品川区","species":["ハナミズキ","サルスベリ"],"count":18,"route":"品川地区_18","alias":"区役所通り","manager":"品川区"}},{"type":"Feature","geometry":{"type":"LineString","coordinates":[[139.722614,35.603503],[139.724252,35.604151]]},"properties":{"ward":"品川区","species":["ハナミズキ","サルスベリ"],"count":21,"route":"荏原地区_10","alias":"三間通り","manager":"品川区"}},{"type":"Feature","geometry":{"type":"LineString","coordinates":[[139.741408,35.614465],[139.742084,35.614608],[139.744051,35.614661]]},"properties":{"ward":"品川区","species":["ハナミズキ","サルスベリ"],"count":26,"route":"品川地区_15","alias":"","manager":"品川区"}},{"type":"Feature","geometry":{"type":"LineString","coordinates":[[139.726332,35.618998],[139.726459,35.618435],[139.726281,35.617784],[139.726515,35.617208],[139.726547,35.616969],[139.726465,35.616559]]},"properties":{"ward":"品川区","species":["ハナミズキ","シラカシほか"],"count":9,"route":"品川地区_33","alias":"","manager":"品川区"}},{"type":"Feature","geometry":{"type":"LineString","coordinates":[[139.745661,35.600337],[139.747319,35.600227],[139.75005,35.600191]]},"properties":{"ward":"品川区","species":["ハナミズキ","ソメイヨシノほか"],"count":15,"route":"大井地区_30","alias":"","manager":"品川区"}},{"type":"Feature","geometry":{"type":"LineString","coordinates":[[139.735608,35.604754],[139.735739,35.604227],[139.735333,35.603105],[139.735336,35.602821],[139.735531,35.6024],[139.735544,35.602151],[139.735428,35.601876],[139.7354,35.601522],[139.735017,35.600969],[139.734954,35.600747]]},"properties":{"ward":"品川区","species":["ハナミズキ","ヤマボウシほか"],"count":82,"route":"大井地区_12","alias":"立会道路","manager":"品川区"}},{"type":"Feature","geometry":{"type":"LineString","coordinates":[[139.715174,35.62698],[139.715718,35.627731]]},"properties":{"ward":"品川区","species":["ヒメリンゴ"],"count":18,"route":"品川地区_39","alias":"","manager":"品川区"}},{"type":"Feature","geometry":{"type":"LineString","coordinates":[[139.722872,35.627613],[139.724005,35.627316]]},"properties":{"ward":"品川区","species":["プラタナス"],"count":2,"route":"品川地区_20","alias":"花房山通り","manager":"品川区"}},{"type":"Feature","geometry":{"type":"LineString","coordinates":[[139.729802,35.607734],[139.729923,35.607184]]},"properties":{"ward":"品川区","species":["ホルトノキ"],"count":7,"route":"荏原地区_11","alias":"","manager":"品川区"}},{"type":"Feature","geometry":{"type":"LineString","coordinates":[[139.729962,35.606983],[139.730101,35.606345],[139.730869,35.603989]]},"properties":{"ward":"品川区","species":["ホルトノキ"],"count":33,"route":"大井地区_38","alias":"","manager":"品川区"}},{"type":"Feature","geometry":{"type":"LineString","coordinates":[[139.736521,35.591591],[139.737062,35.592581],[139.738742,35.595052]]},"properties":{"ward":"品川区","species":["ホルトノキ"],"count":52,"route":"大井地区_26","alias":"旧東海道","manager":"品川区"}},{"type":"Feature","geometry":{"type":"LineString","coordinates":[[139.739121,35.624341],[139.740404,35.622914]]},"properties":{"ward":"品川区","species":["マテバシイ"],"count":27,"route":"品川地区_10","alias":"八ツ山通り","manager":"品川区"}},{"type":"Feature","geometry":{"type":"LineString","coordinates":[[139.748866,35.595716],[139.751153,35.595609],[139.750494,35.589071]]},"properties":{"ward":"品川区","species":["マテバシイ","サルスベリほか"],"count":46,"route":"大井地区_29","alias":"","manager":"品川区"}},{"type":"Feature","geometry":{"type":"LineString","coordinates":[[139.749354,35.608937],[139.749534,35.609068],[139.749564,35.609373],[139.749511,35.609457],[139.749382,35.609464],[139.749319,35.609419],[139.749261,35.608931]]},"properties":{"ward":"品川区","species":["モチノキ","サクラ類ほか"],"count":34,"route":"品川地区_35","alias":"","manager":"品川区"}},{"type":"Feature","geometry":{"type":"LineString","coordinates":[[139.726706,35.60289],[139.727168,35.603028],[139.728547,35.603221],[139.729641,35.603755],[139.730756,35.603838]]},"properties":{"ward":"品川区","species":["モミジバフウ","ウメほか"],"count":45,"route":"大井地区_36","alias":"光学通り","manager":"品川区"}},{"type":"Feature","geometry":{"type":"LineString","coordinates":[[139.725111,35.597674],[139.724984,35.596567],[139.726321,35.596028]]},"properties":{"ward":"品川区","species":["モミジバフウ","サルスベリほか"],"count":39,"route":"大井地区_10","alias":"","manager":"品川区"}},{"type":"Feature","geometry":{"type":"LineString","coordinates":[[139.742166,35.621044],[139.743328,35.62],[139.744663,35.619257],[139.745022,35.619002],[139.745323,35.618638]]},"properties":{"ward":"品川区","species":["ヤナギ","サクラ類"],"count":7,"route":"品川地区_11","alias":"","manager":"品川区"}},{"type":"Feature","geometry":{"type":"LineString","coordinates":[[139.747444,35.608915],[139.749682,35.608771]]},"properties":{"ward":"品川区","species":["ヤマモモ"],"count":43,"route":"品川地区_35","alias":"","manager":"品川区"}},{"type":"Feature","geometry":{"type":"LineString","coordinates":[[139.750918,35.621634],[139.750781,35.61889],[139.749684,35.607679]]},"properties":{"ward":"品川区","species":["ヤマモモ","プラタナスほか"],"count":142,"route":"品川地区_2","alias":"天王洲通り","manager":"品川区"}},{"type":"Feature","geometry":{"type":"LineString","coordinates":[[139.7413,35.600806],[139.741478,35.600769]]},"properties":{"ward":"品川区","species":["ユリノキ"],"count":5,"route":"大井地区_34","alias":"","manager":"品川区"}},{"type":"Feature","geometry":{"type":"LineString","coordinates":[[139.715419,35.626884],[139.715972,35.627597]]},"properties":{"ward":"品川区","species":["ユリノキ","トウカエデ"],"count":15,"route":"品川地区_38","alias":"","manager":"品川区"}},{"type":"Feature","geometry":{"type":"LineString","coordinates":[[139.716251,35.627958],[139.716641,35.628474]]},"properties":{"ward":"品川区","species":["ユリノキ","ビワ"],"count":13,"route":"品川地区_37","alias":"","manager":"品川区"}},{"type":"Feature","geometry":{"type":"LineString","coordinates":[[139.722182,35.602111],[139.722598,35.601105],[139.724214,35.601998],[139.726599,35.602841]]},"properties":{"ward":"品川区","species":["ユリノキ","モミジバフウほか"],"count":86,"route":"大井地区_7","alias":"光学通り","manager":"品川区"}},{"type":"Feature","geometry":{"type":"LineString","coordinates":[[139.739966,35.620545],[139.740626,35.619466],[139.740908,35.618255],[139.741059,35.616868]]},"properties":{"ward":"品川区","species":["プラタナス類"],"count":null,"route":"国道15号線","alias":"","manager":"国"}},{"type":"Feature","geometry":{"type":"LineString","coordinates":[[139.736471,35.592597],[139.736011,35.590175],[139.735806,35.587228]]},"properties":{"ward":"品川区","species":["プラタナス類"],"count":null,"route":"国道15号線","alias":"","manager":"国"}},{"type":"Feature","geometry":{"type":"LineString","coordinates":[[139.755851,35.584552],[139.755756,35.585822],[139.755726,35.59514],[139.755804,35.609621],[139.755951,35.610327]]},"properties":{"ward":"品川区","species":["緑化道路・複合植栽"],"count":null,"route":"国道357号線","alias":"","manager":"国"}},{"type":"Feature","geometry":{"type":"LineString","coordinates":[[139.747135,35.606955],[139.747604,35.612302],[139.74782,35.615782],[139.747691,35.617022],[139.746315,35.620591]]},"properties":{"ward":"品川区","species":["トチノキ"],"count":null,"route":"国道357号線","alias":"","manager":"国"}},{"type":"Feature","geometry":{"type":"LineString","coordinates":[[139.741059,35.616868],[139.742174,35.616995],[139.742876,35.61727],[139.743737,35.617906],[139.74629,35.620538]]},"properties":{"ward":"品川区","species":["シダレヤナギ"],"count":null,"route":"国道357号線","alias":"","manager":"国"}},{"type":"Feature","geometry":{"type":"LineString","coordinates":[[139.723498,35.626527],[139.721989,35.625502],[139.721124,35.624116]]},"properties":{"ward":"品川区","species":["サクラ類"],"count":null,"route":"国道1号線","alias":"","manager":"国"}},{"type":"Feature","geometry":{"type":"LineString","coordinates":[[139.729666,35.631248],[139.728293,35.630202],[139.726421,35.629043],[139.724632,35.627321],[139.723498,35.626527]]},"properties":{"ward":"品川区","species":["プラタナス類"],"count":null,"route":"国道1号線","alias":"","manager":"国"}},{"type":"Feature","geometry":{"type":"LineString","coordinates":[[139.721124,35.624116],[139.719222,35.6203],[139.717715,35.617488]]},"properties":{"ward":"品川区","species":["イチョウ"],"count":null,"route":"国道1号線","alias":"","manager":"国"}},{"type":"Feature","geometry":{"type":"LineString","coordinates":[[139.696858,35.563498],[139.696933,35.562244]]},"properties":{"ward":"品川区","species":["エンジュ"],"count":null,"route":"国道1号線","alias":"","manager":"国"}},{"type":"Feature","geometry":{"type":"LineString","coordinates":[[139.697125,35.559179],[139.696725,35.557871]]},"properties":{"ward":"品川区","species":["エンジュ"],"count":null,"route":"国道1号線","alias":"","manager":"国"}},{"type":"Feature","geometry":{"type":"LineString","coordinates":[[139.756913,35.6105],[139.758068,35.610852],[139.759655,35.608089],[139.75885,35.607716],[139.761001,35.604712],[139.76525,35.599143],[139.767562,35.595898],[139.769334,35.593646]]},"properties":{"ward":"品川区","species":["サクラ類"],"count":null,"route":"","alias":"","manager":"品川区"}},{"type":"Feature","geometry":{"type":"LineString","coordinates":[[139.738194,35.624776],[139.737963,35.623825]]},"properties":{"ward":"品川区","species":["イチョウ"],"count":null,"route":"国道15号線","alias":"","manager":"国"}},{"type":"Feature","geometry":{"type":"LineString","coordinates":[[139.683611,35.615885],[139.687844,35.617426],[139.688232,35.617645]]},"properties":{"ward":"目黒区","species":["アオギリ"],"count":29,"route":"特別区道一級幹線１８号線","alias":"碑文谷八幡通り","manager":"目黒区"}},{"type":"Feature","geometry":{"type":"LineString","coordinates":[[139.685646,35.641064],[139.686496,35.641498],[139.687686,35.643189],[139.69279,35.64666],[139.6947,35.648791],[139.695365,35.648926]]},"properties":{"ward":"目黒区","species":["イチョウ"],"count":163,"route":"特別区道一級幹線５号線","alias":"野沢通り","manager":"目黒区"}},{"type":"Feature","geometry":{"type":"LineString","coordinates":[[139.685149,35.646925],[139.686003,35.645181],[139.688175,35.645893],[139.689501,35.646091],[139.690666,35.645417],[139.691762,35.646833]]},"properties":{"ward":"目黒区","species":["イチョウ"],"count":190,"route":"特別区道二級幹線９号線","alias":"東山いちょう通り","manager":"目黒区"}},{"type":"Feature","geometry":{"type":"LineString","coordinates":[[139.701259,35.643694],[139.702115,35.642134],[139.702791,35.641214],[139.71088,35.633807],[139.712076,35.632621],[139.7143,35.629544]]},"properties":{"ward":"目黒区","species":["サクラ"],"count":null,"route":"特別区道Ｅ７","alias":"目黒川緑地帯","manager":"目黒区"}},{"type":"Feature","geometry":{"type":"LineString","coordinates":[[139.692688,35.634812],[139.691956,35.632769]]},"properties":{"ward":"目黒区","species":["サクラ"],"count":21,"route":"特別区道二級幹線１４号線","alias":"中央中通り","manager":"目黒区"}},{"type":"Feature","geometry":{"type":"LineString","coordinates":[[139.682383,35.617705],[139.686626,35.619897],[139.692165,35.623447]]},"properties":{"ward":"目黒区","species":["サクラ"],"count":58,"route":"特別区道一級幹線１３号線","alias":"碑さくら通り","manager":"目黒区"}},{"type":"Feature","geometry":{"type":"LineString","coordinates":[[139.686027,35.651177],[139.687264,35.650293],[139.688003,35.650045],[139.691226,35.649932],[139.692028,35.649787],[139.692452,35.649611],[139.698596,35.645928],[139.700542,35.644393],[139.700987,35.643847]]},"properties":{"ward":"目黒区","species":["サクラ"],"count":726,"route":"特別区道Ｃ９、Ｃ１０、Ｂ１８，Ｂ１９、Ｂ３０、Ｂ３１、Ｂ３４、Ｂ３５、Ｂ４３－２、Ｂ４５－１、河川管理用通路Ｂ３、Ｂ４、Ｂ６、Ｂ７、Ｂ８、Ｂ９、Ｂ１０、Ｂ１１、Ｅ１、Ｅ２（目黒区路線網図より）","alias":"目黒川緑地帯","manager":"目黒区"}},{"type":"Feature","geometry":{"type":"LineString","coordinates":[[139.705301,35.637457],[139.707692,35.639093],[139.710262,35.641509]]},"properties":{"ward":"目黒区","species":["トウカエデ・カツラほか"],"count":71,"route":"特別区道一級幹線４号線","alias":"新茶屋坂通り","manager":"目黒区"}},{"type":"Feature","geometry":{"type":"LineString","coordinates":[[139.684841,35.622373],[139.685008,35.621884],[139.685367,35.621238],[139.687567,35.618977]]},"properties":{"ward":"目黒区","species":["トチノキ"],"count":48,"route":"特別区道一級幹線１８号線","alias":"サレジオ通り","manager":"目黒区"}},{"type":"Feature","geometry":{"type":"LineString","coordinates":[[139.711621,35.642239],[139.712519,35.639239],[139.713486,35.637882]]},"properties":{"ward":"目黒区","species":["ハナミズキ"],"count":48,"route":"特別区道一級幹線３号線","alias":"目黒三田通り","manager":"目黒区"}},{"type":"Feature","geometry":{"type":"LineString","coordinates":[[139.7113,35.629117],[139.710744,35.632167],[139.710922,35.633437]]},"properties":{"ward":"目黒区","species":["ハナミズキ"],"count":55,"route":"特別区道二級幹線１９号線","alias":"柳通り","manager":"目黒区"}},{"type":"Feature","geometry":{"type":"LineString","coordinates":[[139.678843,35.663998],[139.679025,35.66061],[139.680248,35.660003],[139.681019,35.659724],[139.681917,35.663175]]},"properties":{"ward":"目黒区","species":["ハナミズキ"],"count":105,"route":"特別区道一級幹線１号線、特別区道二級幹線１号線","alias":"駒場通り","manager":"目黒区"}},{"type":"Feature","geometry":{"type":"LineString","coordinates":[[139.672175,35.626384],[139.671654,35.627956],[139.671928,35.628988],[139.672288,35.629621]]},"properties":{"ward":"目黒区","species":["ハナミズキ・ユリノキ"],"count":69,"route":"特別区道一級幹線２１号線","alias":"柿の木坂通り","manager":"目黒区"}},{"type":"Feature","geometry":{"type":"LineString","coordinates":[[139.665888,35.620041],[139.670253,35.621579],[139.673554,35.622424]]},"properties":{"ward":"目黒区","species":["モミジバフウ"],"count":114,"route":"特別区道一級幹線２２号線","alias":"やくも文化通り","manager":"目黒区"}},{"type":"Feature","geometry":{"type":"LineString","coordinates":[[139.690192,35.630717],[139.694863,35.632964],[139.695444,35.633379]]},"properties":{"ward":"目黒区","species":["ユリノキ"],"count":63,"route":"特別区道二級幹線１３号線、特別区道Ｄ４０号線","alias":"中町通り","manager":"目黒区"}},{"type":"Feature","geometry":{"type":"LineString","coordinates":[[139.693232,35.653949],[139.69204,35.653496],[139.687132,35.651972],[139.684582,35.650662]]},"properties":{"ward":"目黒区","species":["イチョウ"],"count":null,"route":"国道246号線","alias":"","manager":"国"}},{"type":"Feature","geometry":{"type":"LineString","coordinates":[[139.713495,35.641045],[139.714375,35.641405],[139.714924,35.6419],[139.715275,35.642412]]},"properties":{"ward":"目黒区","species":["プラタナス類"],"count":null,"route":"","alias":"","manager":"目黒区"}},{"type":"Feature","geometry":{"type":"LineString","coordinates":[[139.715048,35.640191],[139.715443,35.641018],[139.716444,35.641369]]},"properties":{"ward":"目黒区","species":["ヤマボウシ"],"count":null,"route":"","alias":"","manager":"目黒区"}},{"type":"Feature","geometry":{"type":"LineString","coordinates":[[139.707855,35.636765],[139.708328,35.637097],[139.709298,35.636211]]},"properties":{"ward":"目黒区","species":["カツラ"],"count":null,"route":"","alias":"","manager":"目黒区"}},{"type":"Feature","geometry":{"type":"LineString","coordinates":[[139.702906,35.641418],[139.704313,35.642399]]},"properties":{"ward":"目黒区","species":["モミジバフウ"],"count":null,"route":"","alias":"","manager":"目黒区"}},{"type":"Feature","geometry":{"type":"LineString","coordinates":[[139.697364,35.645804],[139.69851,35.647364],[139.699243,35.647158]]},"properties":{"ward":"目黒区","species":["モミジバフウ"],"count":null,"route":"","alias":"","manager":"目黒区"}},{"type":"Feature","geometry":{"type":"LineString","coordinates":[[139.686556,35.652601],[139.687077,35.652092]]},"properties":{"ward":"目黒区","species":["プラタナス類"],"count":null,"route":"","alias":"","manager":"目黒区"}},{"type":"Feature","geometry":{"type":"LineString","coordinates":[[139.686363,35.648697],[139.687162,35.648529]]},"properties":{"ward":"目黒区","species":["イチョウ"],"count":null,"route":"","alias":"","manager":"目黒区"}},{"type":"Feature","geometry":{"type":"LineString","coordinates":[[139.685818,35.646147],[139.686767,35.64644]]},"properties":{"ward":"目黒区","species":["ヤマボウシ"],"count":null,"route":"","alias":"","manager":"目黒区"}},{"type":"Feature","geometry":{"type":"LineString","coordinates":[[139.689643,35.6461],[139.690022,35.646641]]},"properties":{"ward":"目黒区","species":["イチョウ"],"count":null,"route":"","alias":"","manager":"目黒区"}},{"type":"Feature","geometry":{"type":"LineString","coordinates":[[139.698787,35.642959],[139.699732,35.643589]]},"properties":{"ward":"目黒区","species":["クロガネモチ"],"count":null,"route":"","alias":"","manager":"目黒区"}},{"type":"Feature","geometry":{"type":"LineString","coordinates":[[139.686495,35.641336],[139.686485,35.640932],[139.686574,35.640618],[139.686871,35.640277],[139.687588,35.639792]]},"properties":{"ward":"目黒区","species":["ハナミズキ"],"count":null,"route":"","alias":"","manager":"目黒区"}},{"type":"Feature","geometry":{"type":"LineString","coordinates":[[139.682428,35.624178],[139.685408,35.623572]]},"properties":{"ward":"目黒区","species":["サクラ類"],"count":null,"route":"","alias":"","manager":"目黒区"}},{"type":"Feature","geometry":{"type":"LineString","coordinates":[[139.694864,35.633968],[139.696546,35.632617]]},"properties":{"ward":"目黒区","species":["ナンキンハゼ"],"count":null,"route":"","alias":"","manager":"目黒区"}},{"type":"Feature","geometry":{"type":"LineString","coordinates":[[139.703303,35.64105],[139.703887,35.640485],[139.704656,35.641079]]},"properties":{"ward":"目黒区","species":["ハナミズキ"],"count":null,"route":"","alias":"","manager":"目黒区"}},{"type":"Feature","geometry":{"type":"LineString","coordinates":[[139.696717,35.627636],[139.700871,35.628654]]},"properties":{"ward":"目黒区","species":["ハナミズキ"],"count":null,"route":"","alias":"","manager":"目黒区"}},{"type":"Feature","geometry":{"type":"LineString","coordinates":[[139.689379,35.625507],[139.689675,35.622345],[139.689887,35.621957],[139.690866,35.620729]]},"properties":{"ward":"目黒区","species":["トウカエデ"],"count":null,"route":"","alias":"","manager":"目黒区"}},{"type":"Feature","geometry":{"type":"LineString","coordinates":[[139.687346,35.623126],[139.688172,35.620899],[139.688686,35.618836],[139.688995,35.61847],[139.68999,35.61822]]},"properties":{"ward":"目黒区","species":["サクラ類"],"count":null,"route":"","alias":"","manager":"目黒区"}},{"type":"Feature","geometry":{"type":"LineString","coordinates":[[139.693338,35.61141],[139.695788,35.609688]]},"properties":{"ward":"目黒区","species":["イチョウ"],"count":null,"route":"","alias":"","manager":"目黒区"}},{"type":"Feature","geometry":{"type":"LineString","coordinates":[[139.672175,35.626384],[139.673554,35.622424]]},"properties":{"ward":"目黒区","species":["ユリノキ"],"count":null,"route":"","alias":"","manager":"目黒区"}},{"type":"Feature","geometry":{"type":"LineString","coordinates":[[139.673554,35.622424],[139.674311,35.620511]]},"properties":{"ward":"目黒区","species":["トウカエデ"],"count":null,"route":"","alias":"","manager":"目黒区"}},{"type":"Feature","geometry":{"type":"LineString","coordinates":[[139.674311,35.620511],[139.671091,35.619657]]},"properties":{"ward":"目黒区","species":["ハナミズキ"],"count":null,"route":"","alias":"","manager":"目黒区"}},{"type":"Feature","geometry":{"type":"LineString","coordinates":[[139.681375,35.611118],[139.681504,35.610227]]},"properties":{"ward":"目黒区","species":["サクラ類"],"count":null,"route":"","alias":"","manager":"目黒区"}},{"type":"Feature","geometry":{"type":"LineString","coordinates":[[139.735806,35.587228],[139.736381,35.584076],[139.73657,35.582442],[139.736454,35.581658],[139.733773,35.573588],[139.733353,35.572833],[139.722277,35.558012]]},"properties":{"ward":"大田区","species":["プラタナス類"],"count":null,"route":"国道15号線","alias":"","manager":"国"}},{"type":"Feature","geometry":{"type":"LineString","coordinates":[[139.717129,35.551312],[139.71049,35.542602],[139.709133,35.540546]]},"properties":{"ward":"大田区","species":["プラタナス類"],"count":null,"route":"国道15号線","alias":"","manager":"国"}},{"type":"Feature","geometry":{"type":"LineString","coordinates":[[139.759215,35.573566],[139.760021,35.570946],[139.760662,35.569593],[139.7611,35.568999],[139.762263,35.56812],[139.766063,35.566175],[139.766139,35.566056],[139.765902,35.565734],[139.765368,35.565659],[139.761881,35.56743],[139.760944,35.56808],[139.760183,35.568847],[139.759492,35.569911],[139.758197,35.5738]]},"properties":{"ward":"大田区","species":["ヤマモモ"],"count":null,"route":"国道357号線","alias":"","manager":"国"}},{"type":"Feature","geometry":{"type":"LineString","coordinates":[[139.757606,35.578674],[139.755851,35.584552]]},"properties":{"ward":"大田区","species":["緑化道路・複合植栽"],"count":null,"route":"国道357号線","alias":"","manager":"国"}},{"type":"Feature","geometry":{"type":"LineString","coordinates":[[139.769342,35.593635],[139.770671,35.591853],[139.772177,35.589281]]},"properties":{"ward":"大田区","species":["サクラ類"],"count":null,"route":"","alias":"","manager":""}},{"type":"Feature","geometry":{"type":"LineString","coordinates":[[139.766422,35.58429],[139.768721,35.582637]]},"properties":{"ward":"大田区","species":["マテバシイ"],"count":null,"route":"","alias":"","manager":""}},{"type":"Feature","geometry":{"type":"LineString","coordinates":[[139.771081,35.580932],[139.77273,35.579672]]},"properties":{"ward":"大田区","species":["マテバシイ"],"count":null,"route":"","alias":"","manager":""}},{"type":"Feature","geometry":{"type":"LineString","coordinates":[[139.766344,35.593299],[139.764837,35.592569],[139.762454,35.592482],[139.762616,35.589482]]},"properties":{"ward":"大田区","species":["ヤマモモ"],"count":null,"route":"","alias":"","manager":"大田区"}},{"type":"Feature","geometry":{"type":"LineString","coordinates":[[139.767886,35.587705],[139.76798,35.58782],[139.767958,35.588883],[139.767065,35.590126]]},"properties":{"ward":"大田区","species":["ヤマモモ"],"count":null,"route":"","alias":"","manager":"大田区"}},{"type":"Feature","geometry":{"type":"LineString","coordinates":[[139.767886,35.587705],[139.769065,35.586901]]},"properties":{"ward":"大田区","species":["ヤマモモ"],"count":null,"route":"","alias":"","manager":"大田区"}},{"type":"Feature","geometry":{"type":"LineString","coordinates":[[139.762871,35.585992],[139.765928,35.58606]]},"properties":{"ward":"大田区","species":["ヤマモモ"],"count":null,"route":"","alias":"","manager":"大田区"}},{"type":"Feature","geometry":{"type":"LineString","coordinates":[[139.762678,35.588318],[139.765852,35.588404]]},"properties":{"ward":"大田区","species":["ヤマモモ"],"count":null,"route":"","alias":"","manager":"大田区"}},{"type":"Feature","geometry":{"type":"LineString","coordinates":[[139.762678,35.588318],[139.762742,35.587139],[139.766637,35.587236],[139.767791,35.587588],[139.767886,35.587705]]},"properties":{"ward":"大田区","species":["ヤマモモ"],"count":null,"route":"","alias":"","manager":"大田区"}},{"type":"Feature","geometry":{"type":"LineString","coordinates":[[139.762616,35.589482],[139.762678,35.588318]]},"properties":{"ward":"大田区","species":["ヤマモモ"],"count":null,"route":"","alias":"","manager":"大田区"}},{"type":"Feature","geometry":{"type":"LineString","coordinates":[[139.762616,35.589482],[139.765774,35.589585]]},"properties":{"ward":"大田区","species":["ヤマモモ"],"count":null,"route":"","alias":"","manager":"大田区"}},{"type":"Feature","geometry":{"type":"LineString","coordinates":[[139.771668,35.578651],[139.77273,35.579672]]},"properties":{"ward":"大田区","species":["サクラ類"],"count":null,"route":"","alias":"","manager":"大田区"}},{"type":"Feature","geometry":{"type":"LineString","coordinates":[[139.773604,35.580126],[139.774602,35.579432],[139.774936,35.579342],[139.776531,35.579411]]},"properties":{"ward":"大田区","species":["マテバシイ"],"count":null,"route":"","alias":"","manager":"大田区"}},{"type":"Feature","geometry":{"type":"LineString","coordinates":[[139.778222,35.579241],[139.779753,35.580734]]},"properties":{"ward":"大田区","species":["サクラ類"],"count":null,"route":"","alias":"","manager":""}},{"type":"Feature","geometry":{"type":"LineString","coordinates":[[139.779753,35.580734],[139.783022,35.57832],[139.784927,35.580091]]},"properties":{"ward":"大田区","species":["マテバシイ"],"count":null,"route":"","alias":"","manager":"大田区"}},{"type":"Feature","geometry":{"type":"LineString","coordinates":[[139.780487,35.580341],[139.78108,35.579911]]},"properties":{"ward":"大田区","species":["クロガネモチ"],"count":null,"route":"","alias":"","manager":"大田区"}},{"type":"Feature","geometry":{"type":"LineString","coordinates":[[139.782149,35.579137],[139.783031,35.578499],[139.783936,35.579325]]},"properties":{"ward":"大田区","species":["クロガネモチ"],"count":null,"route":"","alias":"","manager":"大田区"}},{"type":"Feature","geometry":{"type":"LineString","coordinates":[[139.783861,35.580764],[139.782827,35.581534]]},"properties":{"ward":"大田区","species":["クロガネモチ"],"count":null,"route":"","alias":"","manager":"大田区"}},{"type":"Feature","geometry":{"type":"LineString","coordinates":[[139.782149,35.579137],[139.783022,35.579966]]},"properties":{"ward":"大田区","species":["クロガネモチ"],"count":null,"route":"","alias":"","manager":"大田区"}},{"type":"Feature","geometry":{"type":"LineString","coordinates":[[139.783936,35.579325],[139.784771,35.580087],[139.783861,35.580764]]},"properties":{"ward":"大田区","species":["クロガネモチ"],"count":null,"route":"","alias":"","manager":"大田区"}},{"type":"Feature","geometry":{"type":"LineString","coordinates":[[139.783936,35.579325],[139.783022,35.579966]]},"properties":{"ward":"大田区","species":["クロガネモチ"],"count":null,"route":"","alias":"","manager":"大田区"}},{"type":"Feature","geometry":{"type":"LineString","coordinates":[[139.78108,35.579911],[139.782149,35.579137]]},"properties":{"ward":"大田区","species":["クロガネモチ"],"count":null,"route":"","alias":"","manager":"大田区"}},{"type":"Feature","geometry":{"type":"LineString","coordinates":[[139.782827,35.581534],[139.782304,35.581924]]},"properties":{"ward":"大田区","species":["クロガネモチ"],"count":null,"route":"","alias":"","manager":"大田区"}},{"type":"Feature","geometry":{"type":"LineString","coordinates":[[139.78108,35.579911],[139.781949,35.580719]]},"properties":{"ward":"大田区","species":["クロガネモチ"],"count":null,"route":"","alias":"","manager":"大田区"}},{"type":"Feature","geometry":{"type":"LineString","coordinates":[[139.751945,35.586683],[139.754652,35.587502]]},"properties":{"ward":"大田区","species":["ケヤキ類"],"count":null,"route":"","alias":"","manager":"大田区"}},{"type":"Feature","geometry":{"type":"LineString","coordinates":[[139.750594,35.5895],[139.750525,35.588959],[139.751573,35.586453]]},"properties":{"ward":"大田区","species":["その他"],"count":null,"route":"","alias":"","manager":"大田区"}},{"type":"Feature","geometry":{"type":"LineString","coordinates":[[139.753713,35.581759],[139.755565,35.58213]]},"properties":{"ward":"大田区","species":["サルスベリ"],"count":null,"route":"","alias":"","manager":"大田区"}},{"type":"Feature","geometry":{"type":"LineString","coordinates":[[139.764441,35.574229],[139.765726,35.574216],[139.765697,35.572489]]},"properties":{"ward":"大田区","species":["サクラ類"],"count":null,"route":"","alias":"","manager":"大田区"}},{"type":"Feature","geometry":{"type":"LineString","coordinates":[[139.760322,35.572485],[139.760327,35.573774],[139.764483,35.573776],[139.764505,35.572487]]},"properties":{"ward":"大田区","species":["アキニレ"],"count":null,"route":"","alias":"","manager":"大田区"}},{"type":"Feature","geometry":{"type":"LineString","coordinates":[[139.761851,35.573676],[139.761861,35.572483]]},"properties":{"ward":"大田区","species":["アキニレ"],"count":null,"route":"","alias":"","manager":"大田区"}},{"type":"Feature","geometry":{"type":"LineString","coordinates":[[139.762001,35.573676],[139.761989,35.572483]]},"properties":{"ward":"大田区","species":["アキニレ"],"count":null,"route":"","alias":"","manager":"大田区"}},{"type":"Feature","geometry":{"type":"LineString","coordinates":[[139.749559,35.574276],[139.750568,35.574975],[139.750879,35.575044]]},"properties":{"ward":"大田区","species":["マテバシイ"],"count":null,"route":"","alias":"","manager":"大田区"}},{"type":"Feature","geometry":{"type":"LineString","coordinates":[[139.751152,35.575108],[139.752356,35.575438],[139.753911,35.574408],[139.754315,35.573489]]},"properties":{"ward":"大田区","species":["マテバシイ"],"count":null,"route":"","alias":"","manager":"大田区"}},{"type":"Feature","geometry":{"type":"LineString","coordinates":[[139.740897,35.583399],[139.741501,35.580625],[139.74172,35.580078]]},"properties":{"ward":"大田区","species":["マテバシイ"],"count":null,"route":"","alias":"","manager":"大田区"}},{"type":"Feature","geometry":{"type":"LineString","coordinates":[[139.741794,35.57999],[139.745739,35.575548]]},"properties":{"ward":"大田区","species":["緑化道路・複合植栽"],"count":null,"route":"","alias":"","manager":"大田区"}},{"type":"Feature","geometry":{"type":"LineString","coordinates":[[139.743676,35.577864],[139.746097,35.578587]]},"properties":{"ward":"大田区","species":["緑化道路・複合植栽"],"count":null,"route":"","alias":"","manager":"大田区"}},{"type":"Feature","geometry":{"type":"LineString","coordinates":[[139.745326,35.576012],[139.747149,35.576516]]},"properties":{"ward":"大田区","species":["緑化道路・複合植栽"],"count":null,"route":"","alias":"","manager":"大田区"}},{"type":"Feature","geometry":{"type":"LineString","coordinates":[[139.740897,35.583399],[139.743363,35.584115]]},"properties":{"ward":"大田区","species":["サクラ類"],"count":null,"route":"","alias":"","manager":"大田区"}},{"type":"Feature","geometry":{"type":"LineString","coordinates":[[139.736906,35.583049],[139.740897,35.583399]]},"properties":{"ward":"大田区","species":["クスノキ"],"count":null,"route":"","alias":"","manager":"大田区"}},{"type":"Feature","geometry":{"type":"LineString","coordinates":[[139.729814,35.589466],[139.72925,35.588473],[139.728742,35.588698]]},"properties":{"ward":"大田区","species":["エンジュ"],"count":null,"route":"","alias":"","manager":"大田区"}},{"type":"Feature","geometry":{"type":"LineString","coordinates":[[139.728931,35.585439],[139.729869,35.585053],[139.730294,35.585062],[139.730334,35.584859],[139.730893,35.584802]]},"properties":{"ward":"大田区","species":["ハナミズキ"],"count":null,"route":"","alias":"","manager":"大田区"}},{"type":"Feature","geometry":{"type":"LineString","coordinates":[[139.72686,35.580982],[139.727792,35.583412]]},"properties":{"ward":"大田区","species":["ハナミズキ"],"count":null,"route":"","alias":"","manager":"大田区"}},{"type":"Feature","geometry":{"type":"LineString","coordinates":[[139.737286,35.580261],[139.73782,35.578676],[139.737865,35.578319]]},"properties":{"ward":"大田区","species":["緑化道路・複合植栽"],"count":null,"route":"","alias":"","manager":"大田区"}},{"type":"Feature","geometry":{"type":"LineString","coordinates":[[139.766428,35.566193],[139.770248,35.570848],[139.770501,35.57165],[139.770507,35.572243]]},"properties":{"ward":"大田区","species":["マツ"],"count":null,"route":"","alias":"","manager":"大田区"}},{"type":"Feature","geometry":{"type":"LineString","coordinates":[[139.763752,35.569991],[139.764362,35.570851]]},"properties":{"ward":"大田区","species":["コブシ"],"count":null,"route":"","alias":"","manager":"大田区"}},{"type":"Feature","geometry":{"type":"LineString","coordinates":[[139.764779,35.569474],[139.765414,35.570334]]},"properties":{"ward":"大田区","species":["コブシ"],"count":null,"route":"","alias":"","manager":"大田区"}},{"type":"Feature","geometry":{"type":"LineString","coordinates":[[139.764362,35.570851],[139.765414,35.570334]]},"properties":{"ward":"大田区","species":["カリン"],"count":null,"route":"","alias":"","manager":"大田区"}},{"type":"Feature","geometry":{"type":"LineString","coordinates":[[139.768815,35.571317],[139.770212,35.571315]]},"properties":{"ward":"大田区","species":["ハナミズキ"],"count":null,"route":"","alias":"","manager":"大田区"}},{"type":"Feature","geometry":{"type":"LineString","coordinates":[[139.767369,35.569374],[139.768815,35.571317]]},"properties":{"ward":"大田区","species":["ハナミズキ"],"count":null,"route":"","alias":"","manager":"大田区"}},{"type":"Feature","geometry":{"type":"LineString","coordinates":[[139.762675,35.568534],[139.763204,35.56925]]},"properties":{"ward":"大田区","species":["コブシ"],"count":null,"route":"","alias":"","manager":"大田区"}},{"type":"Feature","geometry":{"type":"LineString","coordinates":[[139.760888,35.571323],[139.760883,35.570746],[139.761023,35.570126],[139.761272,35.569645],[139.76163,35.569202],[139.761965,35.568933],[139.762675,35.568534]]},"properties":{"ward":"大田区","species":["クスノキ"],"count":null,"route":"","alias":"","manager":"大田区"}},{"type":"Feature","geometry":{"type":"LineString","coordinates":[[139.769342,35.593635],[139.770647,35.594254]]},"properties":{"ward":"大田区","species":["ヤマモモ"],"count":null,"route":"","alias":"","manager":""}},{"type":"Feature","geometry":{"type":"LineString","coordinates":[[139.739218,35.578249],[139.740885,35.578521],[139.742073,35.577158]]},"properties":{"ward":"大田区","species":["サクラ類"],"count":null,"route":"","alias":"","manager":"大田区"}},{"type":"Feature","geometry":{"type":"LineString","coordinates":[[139.741248,35.577155],[139.741246,35.575928]]},"properties":{"ward":"大田区","species":["モミジバフウ"],"count":null,"route":"","alias":"","manager":"大田区"}},{"type":"Feature","geometry":{"type":"LineString","coordinates":[[139.734851,35.576381],[139.735663,35.576262]]},"properties":{"ward":"大田区","species":["その他"],"count":null,"route":"","alias":"","manager":"大田区"}},{"type":"Feature","geometry":{"type":"LineString","coordinates":[[139.736219,35.577719],[139.736702,35.579243],[139.736781,35.579888],[139.73679,35.581372]]},"properties":{"ward":"大田区","species":["その他"],"count":null,"route":"","alias":"","manager":"大田区"}},{"type":"Feature","geometry":{"type":"LineString","coordinates":[[139.73413,35.573699],[139.734733,35.574455],[139.735192,35.575189],[139.735663,35.576262]]},"properties":{"ward":"大田区","species":["その他"],"count":null,"route":"","alias":"","manager":"大田区"}},{"type":"Feature","geometry":{"type":"LineString","coordinates":[[139.741246,35.575928],[139.741245,35.575131]]},"properties":{"ward":"大田区","species":["モミジバフウ"],"count":null,"route":"","alias":"","manager":"大田区"}},{"type":"Feature","geometry":{"type":"LineString","coordinates":[[139.739242,35.574864],[139.739258,35.575991]]},"properties":{"ward":"大田区","species":["モミジバフウ"],"count":null,"route":"","alias":"","manager":"大田区"}},{"type":"Feature","geometry":{"type":"LineString","coordinates":[[139.739242,35.574864],[139.738298,35.574742],[139.737946,35.576003]]},"properties":{"ward":"大田区","species":["モミジバフウ"],"count":null,"route":"","alias":"","manager":"大田区"}},{"type":"Feature","geometry":{"type":"LineString","coordinates":[[139.742007,35.570318],[139.743649,35.571255],[139.741263,35.573123]]},"properties":{"ward":"大田区","species":["クスノキ"],"count":null,"route":"","alias":"","manager":"大田区"}},{"type":"Feature","geometry":{"type":"LineString","coordinates":[[139.743984,35.570971],[139.745676,35.569682]]},"properties":{"ward":"大田区","species":["アキニレ"],"count":null,"route":"","alias":"","manager":"大田区"}},{"type":"Feature","geometry":{"type":"LineString","coordinates":[[139.740352,35.570023],[139.741365,35.568448]]},"properties":{"ward":"大田区","species":["その他"],"count":null,"route":"","alias":"","manager":"大田区"}},{"type":"Feature","geometry":{"type":"LineString","coordinates":[[139.741365,35.568448],[139.742191,35.567184]]},"properties":{"ward":"大田区","species":["マテバシイ"],"count":null,"route":"","alias":"","manager":"大田区"}},{"type":"Feature","geometry":{"type":"LineString","coordinates":[[139.742191,35.567184],[139.743611,35.565291],[139.744775,35.563315]]},"properties":{"ward":"大田区","species":["ハナミズキ"],"count":null,"route":"","alias":"","manager":"大田区"}},{"type":"Feature","geometry":{"type":"LineString","coordinates":[[139.744775,35.563315],[139.745861,35.56119]]},"properties":{"ward":"大田区","species":["その他"],"count":null,"route":"","alias":"","manager":"大田区"}},{"type":"Feature","geometry":{"type":"LineString","coordinates":[[139.751971,35.545986],[139.751695,35.546477],[139.75197,35.548199],[139.751898,35.548763],[139.752634,35.54979],[139.752636,35.550566]]},"properties":{"ward":"大田区","species":["その他"],"count":null,"route":"","alias":"","manager":"大田区"}},{"type":"Feature","geometry":{"type":"LineString","coordinates":[[139.748022,35.550248],[139.748226,35.550679]]},"properties":{"ward":"大田区","species":["イチョウ"],"count":null,"route":"","alias":"","manager":"大田区"}},{"type":"Feature","geometry":{"type":"LineString","coordinates":[[139.744908,35.550187],[139.745575,35.551731]]},"properties":{"ward":"大田区","species":["ヤマモモ"],"count":null,"route":"","alias":"","manager":"大田区"}},{"type":"Feature","geometry":{"type":"LineString","coordinates":[[139.748448,35.551467],[139.748359,35.553042],[139.748217,35.553715]]},"properties":{"ward":"大田区","species":["クスノキ"],"count":null,"route":"","alias":"","manager":"大田区"}},{"type":"Feature","geometry":{"type":"LineString","coordinates":[[139.748089,35.554896],[139.749995,35.555753]]},"properties":{"ward":"大田区","species":["その他"],"count":null,"route":"","alias":"","manager":"大田区"}},{"type":"Feature","geometry":{"type":"LineString","coordinates":[[139.740114,35.553865],[139.740942,35.553618],[139.742675,35.553685]]},"properties":{"ward":"大田区","species":["クスノキ"],"count":null,"route":"","alias":"","manager":"大田区"}},{"type":"Feature","geometry":{"type":"LineString","coordinates":[[139.728469,35.560522],[139.729995,35.560792]]},"properties":{"ward":"大田区","species":["緑化道路・複合植栽"],"count":null,"route":"","alias":"","manager":"大田区"}},{"type":"Feature","geometry":{"type":"LineString","coordinates":[[139.729976,35.554121],[139.730059,35.554249],[139.730048,35.556173]]},"properties":{"ward":"大田区","species":["ハナミズキ"],"count":null,"route":"","alias":"","manager":"大田区"}},{"type":"Feature","geometry":{"type":"LineString","coordinates":[[139.734754,35.548519],[139.735539,35.548476]]},"properties":{"ward":"大田区","species":["クスノキ"],"count":null,"route":"","alias":"","manager":"大田区"}},{"type":"Feature","geometry":{"type":"LineString","coordinates":[[139.734637,35.547005],[139.73472,35.546282],[139.735786,35.54611],[139.735618,35.545625]]},"properties":{"ward":"大田区","species":["マテバシイ"],"count":null,"route":"","alias":"","manager":"大田区"}},{"type":"Feature","geometry":{"type":"LineString","coordinates":[[139.727768,35.547786],[139.730569,35.548375],[139.731072,35.548404]]},"properties":{"ward":"大田区","species":["マテバシイ"],"count":null,"route":"","alias":"","manager":"大田区"}},{"type":"Feature","geometry":{"type":"LineString","coordinates":[[139.732881,35.545435],[139.73523,35.545482]]},"properties":{"ward":"大田区","species":["サクラ類"],"count":null,"route":"","alias":"","manager":"大田区"}},{"type":"Feature","geometry":{"type":"LineString","coordinates":[[139.732881,35.545435],[139.729097,35.545269]]},"properties":{"ward":"大田区","species":["ハナミズキ"],"count":null,"route":"","alias":"","manager":"大田区"}},{"type":"Feature","geometry":{"type":"LineString","coordinates":[[139.729097,35.545269],[139.726044,35.544878]]},"properties":{"ward":"大田区","species":["サクラ類"],"count":null,"route":"","alias":"","manager":"大田区"}},{"type":"Feature","geometry":{"type":"LineString","coordinates":[[139.723921,35.544451],[139.724953,35.544708]]},"properties":{"ward":"大田区","species":["サクラ類"],"count":null,"route":"","alias":"","manager":"大田区"}},{"type":"Feature","geometry":{"type":"LineString","coordinates":[[139.711609,35.540307],[139.713535,35.540774],[139.716105,35.541567],[139.720914,35.543505],[139.722994,35.544194]]},"properties":{"ward":"大田区","species":["サクラ類"],"count":null,"route":"","alias":"","manager":"大田区"}},{"type":"Feature","geometry":{"type":"LineString","coordinates":[[139.72249,35.5456],[139.726023,35.546806],[139.725372,35.547369]]},"properties":{"ward":"大田区","species":["その他"],"count":null,"route":"","alias":"","manager":"大田区"}},{"type":"Feature","geometry":{"type":"LineString","coordinates":[[139.71726,35.544792],[139.7174,35.544228],[139.719726,35.544857],[139.721224,35.545503],[139.721926,35.545708]]},"properties":{"ward":"大田区","species":["その他"],"count":null,"route":"","alias":"","manager":"大田区"}},{"type":"Feature","geometry":{"type":"LineString","coordinates":[[139.715724,35.547648],[139.716943,35.546775]]},"properties":{"ward":"大田区","species":["カツラ"],"count":null,"route":"","alias":"","manager":"大田区"}},{"type":"Feature","geometry":{"type":"LineString","coordinates":[[139.720453,35.555702],[139.723616,35.554742],[139.724033,35.555697],[139.72119,35.556515]]},"properties":{"ward":"大田区","species":["ハナミズキ"],"count":null,"route":"","alias":"","manager":"大田区"}},{"type":"Feature","geometry":{"type":"LineString","coordinates":[[139.723307,35.559054],[139.724671,35.557924],[139.725223,35.55757]]},"properties":{"ward":"大田区","species":["ハナミズキ"],"count":null,"route":"","alias":"","manager":"大田区"}},{"type":"Feature","geometry":{"type":"LineString","coordinates":[[139.720571,35.573683],[139.72441,35.573407],[139.724512,35.575065]]},"properties":{"ward":"大田区","species":["その他"],"count":null,"route":"","alias":"","manager":"大田区"}},{"type":"Feature","geometry":{"type":"LineString","coordinates":[[139.719865,35.562569],[139.720942,35.561669]]},"properties":{"ward":"大田区","species":["ポプラ"],"count":null,"route":"","alias":"","manager":"大田区"}},{"type":"Feature","geometry":{"type":"LineString","coordinates":[[139.705166,35.542871],[139.703778,35.544995],[139.702972,35.545811]]},"properties":{"ward":"大田区","species":["マテバシイ"],"count":null,"route":"","alias":"","manager":"大田区"}},{"type":"Feature","geometry":{"type":"LineString","coordinates":[[139.702972,35.545811],[139.703186,35.546519],[139.704294,35.548617],[139.705003,35.550228],[139.705236,35.5509],[139.70528,35.551338],[139.705168,35.552088],[139.704958,35.552552],[139.70408,35.553529],[139.701951,35.555251],[139.699933,35.556621],[139.697746,35.557472]]},"properties":{"ward":"大田区","species":["サクラ類"],"count":null,"route":"","alias":"","manager":""}},{"type":"Feature","geometry":{"type":"LineString","coordinates":[[139.696054,35.557614],[139.697746,35.557472]]},"properties":{"ward":"大田区","species":["その他"],"count":null,"route":"","alias":"","manager":"大田区"}},{"type":"Feature","geometry":{"type":"LineString","coordinates":[[139.698382,35.563622],[139.699174,35.557008]]},"properties":{"ward":"大田区","species":["その他"],"count":null,"route":"","alias":"","manager":"大田区"}},{"type":"Feature","geometry":{"type":"LineString","coordinates":[[139.703851,35.554],[139.705009,35.555241],[139.704313,35.555583],[139.704174,35.556774]]},"properties":{"ward":"大田区","species":["その他"],"count":null,"route":"","alias":"","manager":"大田区"}},{"type":"Feature","geometry":{"type":"LineString","coordinates":[[139.703747,35.55714],[139.7033,35.560611],[139.703321,35.561412],[139.70323,35.561805]]},"properties":{"ward":"大田区","species":["その他"],"count":null,"route":"","alias":"","manager":"大田区"}},{"type":"Feature","geometry":{"type":"LineString","coordinates":[[139.716429,35.557509],[139.716915,35.55908]]},"properties":{"ward":"大田区","species":["クスノキ"],"count":null,"route":"","alias":"","manager":"大田区"}},{"type":"Feature","geometry":{"type":"LineString","coordinates":[[139.716613,35.55926],[139.716889,35.561899],[139.717106,35.562791],[139.719415,35.562841]]},"properties":{"ward":"大田区","species":["緑化道路・複合植栽"],"count":null,"route":"","alias":"","manager":"大田区"}},{"type":"Feature","geometry":{"type":"LineString","coordinates":[[139.716201,35.566435],[139.716414,35.569108]]},"properties":{"ward":"大田区","species":["ハナミズキ"],"count":null,"route":"","alias":"","manager":"大田区"}},{"type":"Feature","geometry":{"type":"LineString","coordinates":[[139.713832,35.569237],[139.716414,35.569108]]},"properties":{"ward":"大田区","species":["緑化道路・複合植栽"],"count":null,"route":"","alias":"","manager":"大田区"}},{"type":"Feature","geometry":{"type":"LineString","coordinates":[[139.717257,35.57],[139.717258,35.570676],[139.717166,35.57095]]},"properties":{"ward":"大田区","species":["サルスベリ"],"count":null,"route":"","alias":"","manager":"大田区"}},{"type":"Feature","geometry":{"type":"LineString","coordinates":[[139.717257,35.57],[139.717267,35.568981]]},"properties":{"ward":"大田区","species":["サクラ類"],"count":null,"route":"","alias":"","manager":"大田区"}},{"type":"Feature","geometry":{"type":"LineString","coordinates":[[139.707488,35.588982],[139.707419,35.589097],[139.70738,35.589702]]},"properties":{"ward":"大田区","species":["サクラ類"],"count":null,"route":"","alias":"","manager":"大田区"}},{"type":"Feature","geometry":{"type":"LineString","coordinates":[[139.714768,35.5782],[139.715619,35.577299]]},"properties":{"ward":"大田区","species":["クスノキ"],"count":null,"route":"","alias":"","manager":"大田区"}},{"type":"Feature","geometry":{"type":"LineString","coordinates":[[139.712365,35.573373],[139.714382,35.572305]]},"properties":{"ward":"大田区","species":["サクラ類"],"count":null,"route":"","alias":"","manager":"大田区"}},{"type":"Feature","geometry":{"type":"LineString","coordinates":[[139.711635,35.572448],[139.712365,35.573373]]},"properties":{"ward":"大田区","species":["緑化道路・複合植栽"],"count":null,"route":"","alias":"","manager":"大田区"}},{"type":"Feature","geometry":{"type":"LineString","coordinates":[[139.713331,35.570242],[139.712899,35.571235],[139.711653,35.571814]]},"properties":{"ward":"大田区","species":["緑化道路・複合植栽"],"count":null,"route":"","alias":"","manager":"大田区"}},{"type":"Feature","geometry":{"type":"LineString","coordinates":[[139.708065,35.565917],[139.708732,35.565919],[139.71014,35.565755],[139.711542,35.565973],[139.712932,35.56605],[139.713222,35.566267],[139.713402,35.566616],[139.713584,35.566501],[139.714128,35.566386],[139.715474,35.566486],[139.716201,35.566435]]},"properties":{"ward":"大田区","species":["緑化道路・複合植栽"],"count":null,"route":"","alias":"","manager":"大田区"}},{"type":"Feature","geometry":{"type":"LineString","coordinates":[[139.700207,35.560341],[139.700006,35.561882],[139.699763,35.562713]]},"properties":{"ward":"大田区","species":["ハナミズキ"],"count":null,"route":"","alias":"","manager":"大田区"}},{"type":"Feature","geometry":{"type":"LineString","coordinates":[[139.699792,35.563776],[139.699768,35.565156],[139.699647,35.565521]]},"properties":{"ward":"大田区","species":["その他"],"count":null,"route":"","alias":"","manager":"大田区"}},{"type":"Feature","geometry":{"type":"LineString","coordinates":[[139.703152,35.562021],[139.70196,35.571678]]},"properties":{"ward":"大田区","species":["緑化道路・複合植栽"],"count":null,"route":"","alias":"","manager":"大田区"}},{"type":"Feature","geometry":{"type":"LineString","coordinates":[[139.702525,35.567002],[139.703631,35.567086]]},"properties":{"ward":"大田区","species":["緑化道路・複合植栽"],"count":null,"route":"","alias":"","manager":"大田区"}},{"type":"Feature","geometry":{"type":"LineString","coordinates":[[139.705148,35.574424],[139.708065,35.575198],[139.709225,35.574991]]},"properties":{"ward":"大田区","species":["緑化道路・複合植栽"],"count":null,"route":"","alias":"","manager":"大田区"}},{"type":"Feature","geometry":{"type":"LineString","coordinates":[[139.711281,35.574242],[139.710879,35.574504]]},"properties":{"ward":"大田区","species":["緑化道路・複合植栽"],"count":null,"route":"","alias":"","manager":"大田区"}},{"type":"Feature","geometry":{"type":"LineString","coordinates":[[139.710879,35.574504],[139.710425,35.574828]]},"properties":{"ward":"大田区","species":["サクラ類"],"count":null,"route":"","alias":"","manager":"大田区"}},{"type":"Feature","geometry":{"type":"LineString","coordinates":[[139.710512,35.574876],[139.710287,35.57538],[139.708573,35.575661]]},"properties":{"ward":"大田区","species":["サクラ類"],"count":null,"route":"","alias":"","manager":"大田区"}},{"type":"Feature","geometry":{"type":"LineString","coordinates":[[139.704126,35.584276],[139.707526,35.585467]]},"properties":{"ward":"大田区","species":["ユリノキ"],"count":null,"route":"","alias":"","manager":"大田区"}},{"type":"Feature","geometry":{"type":"LineString","coordinates":[[139.707962,35.587574],[139.711064,35.589091]]},"properties":{"ward":"大田区","species":["その他"],"count":null,"route":"","alias":"","manager":"大田区"}},{"type":"Feature","geometry":{"type":"LineString","coordinates":[[139.707571,35.592378],[139.707646,35.592536],[139.707715,35.593459],[139.708285,35.597332]]},"properties":{"ward":"大田区","species":["サクラ類"],"count":null,"route":"","alias":"","manager":"大田区"}},{"type":"Feature","geometry":{"type":"LineString","coordinates":[[139.705666,35.594223],[139.70455,35.594227],[139.704592,35.595281],[139.705831,35.595243]]},"properties":{"ward":"大田区","species":["イチョウ"],"count":null,"route":"","alias":"","manager":"大田区"}},{"type":"Feature","geometry":{"type":"LineString","coordinates":[[139.702599,35.582582],[139.701827,35.583423],[139.701267,35.584581],[139.699787,35.586499],[139.699519,35.586789],[139.698511,35.58735],[139.697863,35.58811],[139.697595,35.589027]]},"properties":{"ward":"大田区","species":["サクラ類"],"count":null,"route":"","alias":"","manager":"大田区"}},{"type":"Feature","geometry":{"type":"LineString","coordinates":[[139.700986,35.578243],[139.700665,35.578919]]},"properties":{"ward":"大田区","species":["サクラ類"],"count":null,"route":"","alias":"","manager":"大田区"}},{"type":"Feature","geometry":{"type":"LineString","coordinates":[[139.700606,35.579074],[139.700046,35.5802]]},"properties":{"ward":"大田区","species":["サクラ類"],"count":null,"route":"","alias":"","manager":"大田区"}},{"type":"Feature","geometry":{"type":"LineString","coordinates":[[139.700046,35.5802],[139.699472,35.581356]]},"properties":{"ward":"大田区","species":["サクラ類"],"count":null,"route":"","alias":"","manager":"大田区"}},{"type":"Feature","geometry":{"type":"LineString","coordinates":[[139.696782,35.579129],[139.700046,35.5802]]},"properties":{"ward":"大田区","species":["緑化道路・複合植栽"],"count":null,"route":"","alias":"","manager":"大田区"}},{"type":"Feature","geometry":{"type":"LineString","coordinates":[[139.702938,35.57461],[139.702031,35.574943],[139.70134,35.575002],[139.700969,35.575163],[139.700578,35.575145],[139.699987,35.574956],[139.699319,35.574467],[139.698114,35.573877]]},"properties":{"ward":"大田区","species":["緑化道路・複合植栽"],"count":null,"route":"","alias":"","manager":"大田区"}},{"type":"Feature","geometry":{"type":"LineString","coordinates":[[139.688986,35.559812],[139.689052,35.560415],[139.689175,35.560678],[139.689135,35.560815],[139.688202,35.56194]]},"properties":{"ward":"大田区","species":["クスノキ"],"count":null,"route":"","alias":"","manager":"大田区"}},{"type":"Feature","geometry":{"type":"LineString","coordinates":[[139.688202,35.56194],[139.689013,35.562445],[139.68912,35.562758],[139.689556,35.5633],[139.689997,35.564155]]},"properties":{"ward":"大田区","species":["クスノキ"],"count":null,"route":"","alias":"","manager":"大田区"}},{"type":"Feature","geometry":{"type":"LineString","coordinates":[[139.688202,35.56194],[139.684274,35.566614]]},"properties":{"ward":"大田区","species":["クスノキ"],"count":null,"route":"","alias":"","manager":"大田区"}},{"type":"Feature","geometry":{"type":"LineString","coordinates":[[139.690075,35.564305],[139.69027,35.564768],[139.690661,35.566215],[139.690584,35.566895],[139.690258,35.567965],[139.69072,35.568242],[139.690421,35.568686],[139.690275,35.569187],[139.690072,35.569509],[139.689404,35.570005]]},"properties":{"ward":"大田区","species":["クスノキ"],"count":null,"route":"","alias":"","manager":"大田区"}},{"type":"Feature","geometry":{"type":"LineString","coordinates":[[139.687489,35.570564],[139.686027,35.571306]]},"properties":{"ward":"大田区","species":["クスノキ"],"count":null,"route":"","alias":"","manager":"大田区"}},{"type":"Feature","geometry":{"type":"LineString","coordinates":[[139.686027,35.571306],[139.68583,35.570951]]},"properties":{"ward":"大田区","species":["クスノキ"],"count":null,"route":"","alias":"","manager":"大田区"}},{"type":"Feature","geometry":{"type":"LineString","coordinates":[[139.686027,35.571306],[139.686555,35.571987]]},"properties":{"ward":"大田区","species":["クスノキ"],"count":null,"route":"","alias":"","manager":"大田区"}},{"type":"Feature","geometry":{"type":"LineString","coordinates":[[139.686614,35.572737],[139.686548,35.572965],[139.685159,35.574817],[139.684531,35.575507],[139.683974,35.575962]]},"properties":{"ward":"大田区","species":["緑化道路・複合植栽"],"count":null,"route":"","alias":"","manager":"大田区"}},{"type":"Feature","geometry":{"type":"LineString","coordinates":[[139.691331,35.57332],[139.691992,35.573272],[139.692567,35.573128],[139.694714,35.57301],[139.696631,35.573334],[139.697922,35.573777]]},"properties":{"ward":"大田区","species":["緑化道路・複合植栽"],"count":null,"route":"","alias":"","manager":"大田区"}},{"type":"Feature","geometry":{"type":"LineString","coordinates":[[139.692921,35.579666],[139.694483,35.578946],[139.694741,35.57892]]},"properties":{"ward":"大田区","species":["緑化道路・複合植栽"],"count":null,"route":"","alias":"","manager":"大田区"}},{"type":"Feature","geometry":{"type":"LineString","coordinates":[[139.689101,35.591205],[139.691854,35.588889]]},"properties":{"ward":"大田区","species":["サクラ類"],"count":null,"route":"","alias":"","manager":"大田区"}},{"type":"Feature","geometry":{"type":"LineString","coordinates":[[139.696446,35.589123],[139.696334,35.589964],[139.696686,35.590914],[139.696905,35.592062],[139.696392,35.591956],[139.69489,35.593776],[139.692923,35.596535],[139.691297,35.597837]]},"properties":{"ward":"大田区","species":["サクラ類"],"count":null,"route":"","alias":"","manager":"大田区"}},{"type":"Feature","geometry":{"type":"LineString","coordinates":[[139.692755,35.592876],[139.693984,35.593313]]},"properties":{"ward":"大田区","species":["プラタナス類"],"count":null,"route":"","alias":"","manager":"大田区"}},{"type":"Feature","geometry":{"type":"LineString","coordinates":[[139.68955,35.604568],[139.689556,35.605193],[139.689485,35.605409]]},"properties":{"ward":"大田区","species":["サクラ類"],"count":null,"route":"","alias":"","manager":"大田区"}},{"type":"Feature","geometry":{"type":"LineString","coordinates":[[139.68197,35.602625],[139.68273,35.602657],[139.683057,35.602581]]},"properties":{"ward":"大田区","species":["緑化道路・複合植栽"],"count":null,"route":"","alias":"","manager":"大田区"}},{"type":"Feature","geometry":{"type":"LineString","coordinates":[[139.682371,35.598433],[139.682207,35.599296],[139.682019,35.599705]]},"properties":{"ward":"大田区","species":["サクラ類"],"count":null,"route":"","alias":"","manager":"大田区"}},{"type":"Feature","geometry":{"type":"LineString","coordinates":[[139.686686,35.593237],[139.687407,35.59263]]},"properties":{"ward":"大田区","species":["サクラ類"],"count":null,"route":"","alias":"","manager":"大田区"}},{"type":"Feature","geometry":{"type":"LineString","coordinates":[[139.683044,35.588705],[139.684169,35.589086]]},"properties":{"ward":"大田区","species":["その他"],"count":null,"route":"","alias":"","manager":"大田区"}},{"type":"Feature","geometry":{"type":"LineString","coordinates":[[139.685459,35.580045],[139.685926,35.580324],[139.68627,35.580389],[139.690612,35.580636]]},"properties":{"ward":"大田区","species":["緑化道路・複合植栽"],"count":null,"route":"","alias":"","manager":"大田区"}},{"type":"Feature","geometry":{"type":"LineString","coordinates":[[139.684423,35.564691],[139.685732,35.563116]]},"properties":{"ward":"大田区","species":["シラカシ"],"count":null,"route":"","alias":"","manager":"大田区"}},{"type":"Feature","geometry":{"type":"LineString","coordinates":[[139.684423,35.564691],[139.682536,35.563676]]},"properties":{"ward":"大田区","species":["ハナミズキ"],"count":null,"route":"","alias":"","manager":"大田区"}},{"type":"Feature","geometry":{"type":"LineString","coordinates":[[139.682536,35.563676],[139.684302,35.562324]]},"properties":{"ward":"大田区","species":["サクラ類"],"count":null,"route":"","alias":"","manager":"大田区"}},{"type":"Feature","geometry":{"type":"LineString","coordinates":[[139.680962,35.572072],[139.681379,35.572646],[139.681619,35.572815],[139.681988,35.573021],[139.682734,35.57323]]},"properties":{"ward":"大田区","species":["緑化道路・複合植栽"],"count":null,"route":"","alias":"","manager":"大田区"}},{"type":"Feature","geometry":{"type":"LineString","coordinates":[[139.677086,35.570477],[139.678335,35.571137]]},"properties":{"ward":"大田区","species":["ケヤキ"],"count":null,"route":"","alias":"","manager":"大田区"}},{"type":"Feature","geometry":{"type":"LineString","coordinates":[[139.678335,35.571137],[139.679907,35.571915]]},"properties":{"ward":"大田区","species":["ケヤキ"],"count":null,"route":"","alias":"","manager":"大田区"}},{"type":"Feature","geometry":{"type":"LineString","coordinates":[[139.677959,35.571958],[139.678335,35.571137]]},"properties":{"ward":"大田区","species":["ケヤキ"],"count":null,"route":"","alias":"","manager":"大田区"}},{"type":"Feature","geometry":{"type":"LineString","coordinates":[[139.676484,35.572205],[139.677734,35.572476]]},"properties":{"ward":"大田区","species":["ケヤキ"],"count":null,"route":"","alias":"","manager":"大田区"}},{"type":"Feature","geometry":{"type":"LineString","coordinates":[[139.674956,35.575902],[139.678092,35.577949]]},"properties":{"ward":"大田区","species":["イチョウ"],"count":null,"route":"","alias":"","manager":"大田区"}},{"type":"Feature","geometry":{"type":"LineString","coordinates":[[139.680282,35.579013],[139.679496,35.578837],[139.679133,35.57895],[139.678666,35.57939],[139.677972,35.579855],[139.677495,35.580505],[139.676467,35.580892],[139.675663,35.581602],[139.67492,35.582088],[139.674752,35.582125]]},"properties":{"ward":"大田区","species":["緑化道路・複合植栽"],"count":null,"route":"","alias":"","manager":"大田区"}},{"type":"Feature","geometry":{"type":"LineString","coordinates":[[139.670469,35.586058],[139.670539,35.585549],[139.670645,35.585376],[139.671883,35.584359],[139.672671,35.58397],[139.672832,35.583742],[139.673438,35.583413],[139.674065,35.582678]]},"properties":{"ward":"大田区","species":["緑化道路・複合植栽"],"count":null,"route":"","alias":"","manager":"大田区"}},{"type":"Feature","geometry":{"type":"LineString","coordinates":[[139.671168,35.595206],[139.672223,35.595437]]},"properties":{"ward":"大田区","species":["サクラ類"],"count":null,"route":"","alias":"","manager":"大田区"}},{"type":"Feature","geometry":{"type":"LineString","coordinates":[[139.671168,35.595206],[139.672864,35.592723]]},"properties":{"ward":"大田区","species":["サクラ類"],"count":null,"route":"","alias":"","manager":"大田区"}},{"type":"Feature","geometry":{"type":"LineString","coordinates":[[139.670038,35.593856],[139.670292,35.593807],[139.670477,35.593538]]},"properties":{"ward":"大田区","species":["サクラ類"],"count":null,"route":"","alias":"","manager":"大田区"}},{"type":"Feature","geometry":{"type":"LineString","coordinates":[[139.672223,35.595437],[139.672964,35.5956]]},"properties":{"ward":"大田区","species":["サクラ類"],"count":null,"route":"","alias":"","manager":"大田区"}},{"type":"Feature","geometry":{"type":"LineString","coordinates":[[139.674661,35.593506],[139.673814,35.593128],[139.673565,35.5935]]},"properties":{"ward":"大田区","species":["サクラ類"],"count":null,"route":"","alias":"","manager":"大田区"}},{"type":"Feature","geometry":{"type":"LineString","coordinates":[[139.673565,35.5935],[139.672223,35.595437]]},"properties":{"ward":"大田区","species":["サクラ類"],"count":null,"route":"","alias":"","manager":"大田区"}},{"type":"Feature","geometry":{"type":"LineString","coordinates":[[139.674729,35.585167],[139.675573,35.586313]]},"properties":{"ward":"大田区","species":["サクラ類"],"count":null,"route":"","alias":"","manager":"大田区"}},{"type":"Feature","geometry":{"type":"LineString","coordinates":[[139.669142,35.586685],[139.669377,35.587099]]},"properties":{"ward":"大田区","species":["サクラ類"],"count":null,"route":"","alias":"","manager":"大田区"}},{"type":"Feature","geometry":{"type":"LineString","coordinates":[[139.669377,35.587099],[139.668967,35.58832]]},"properties":{"ward":"大田区","species":["緑化道路・複合植栽"],"count":null,"route":"","alias":"","manager":"大田区"}},{"type":"Feature","geometry":{"type":"LineString","coordinates":[[139.668195,35.58994],[139.668361,35.589797],[139.668681,35.588466]]},"properties":{"ward":"大田区","species":["プラタナス類"],"count":null,"route":"","alias":"","manager":"大田区"}},{"type":"Feature","geometry":{"type":"LineString","coordinates":[[139.66743,35.593633],[139.66731,35.595233],[139.667204,35.595305],[139.667151,35.595589]]},"properties":{"ward":"大田区","species":["サクラ類"],"count":null,"route":"","alias":"","manager":"大田区"}},{"type":"Feature","geometry":{"type":"LineString","coordinates":[[139.664613,35.595098],[139.666851,35.597022],[139.666839,35.597178]]},"properties":{"ward":"大田区","species":["イチョウ"],"count":null,"route":"","alias":"","manager":"大田区"}},{"type":"Feature","geometry":{"type":"LineString","coordinates":[[139.666839,35.597178],[139.666831,35.59733],[139.665096,35.598682]]},"properties":{"ward":"大田区","species":["イチョウ"],"count":null,"route":"","alias":"","manager":"大田区"}},{"type":"Feature","geometry":{"type":"LineString","coordinates":[[139.665094,35.597151],[139.666839,35.597178]]},"properties":{"ward":"大田区","species":["イチョウ"],"count":null,"route":"","alias":"","manager":"大田区"}},{"type":"Feature","geometry":{"type":"LineString","coordinates":[[139.667628,35.596188],[139.667577,35.597188]]},"properties":{"ward":"大田区","species":["イチョウ"],"count":null,"route":"","alias":"","manager":"大田区"}},{"type":"Feature","geometry":{"type":"LineString","coordinates":[[139.667577,35.597188],[139.667381,35.59813]]},"properties":{"ward":"大田区","species":["イチョウ"],"count":null,"route":"","alias":"","manager":"大田区"}},{"type":"Feature","geometry":{"type":"LineString","coordinates":[[139.667577,35.597188],[139.669302,35.59721]]},"properties":{"ward":"大田区","species":["イチョウ"],"count":null,"route":"","alias":"","manager":"大田区"}},{"type":"Feature","geometry":{"type":"LineString","coordinates":[[139.656295,35.597261],[139.656633,35.596776]]},"properties":{"ward":"大田区","species":["緑化道路・複合植栽"],"count":null,"route":"","alias":"","manager":"大田区"}},{"type":"Feature","geometry":{"type":"LineString","coordinates":[[139.792858,35.540015],[139.794,35.537903]]},"properties":{"ward":"大田区","species":["アオニレ"],"count":null,"route":"","alias":"","manager":""}},{"type":"Feature","geometry":{"type":"LineString","coordinates":[[139.761851,35.573676],[139.760472,35.573678],[139.76046,35.57248]]},"properties":{"ward":"大田区","species":["アキニレ"],"count":null,"route":"","alias":"","manager":"大田区"}},{"type":"Feature","geometry":{"type":"LineString","coordinates":[[139.773672,35.580175],[139.77478,35.579438],[139.776688,35.579504],[139.777186,35.579655],[139.778998,35.581335]]},"properties":{"ward":"大田区","species":["ハナミズキ"],"count":null,"route":"","alias":"","manager":"大田区"}},{"type":"Feature","geometry":{"type":"LineString","coordinates":[[139.740237,35.563677],[139.740392,35.564915]]},"properties":{"ward":"大田区","species":["ハナミズキ"],"count":null,"route":"","alias":"","manager":"大田区"}},{"type":"Feature","geometry":{"type":"LineString","coordinates":[[139.705234,35.575892],[139.70619,35.575828]]},"properties":{"ward":"大田区","species":["サクラ類"],"count":null,"route":"","alias":"","manager":"大田区"}},{"type":"Feature","geometry":{"type":"LineString","coordinates":[[139.707007,35.568009],[139.711545,35.56932]]},"properties":{"ward":"大田区","species":["その他"],"count":null,"route":"","alias":"","manager":"大田区"}},{"type":"Feature","geometry":{"type":"LineString","coordinates":[[139.714476,35.563784],[139.714388,35.562686]]},"properties":{"ward":"大田区","species":["コブシ"],"count":null,"route":"","alias":"","manager":"大田区"}},{"type":"Feature","geometry":{"type":"LineString","coordinates":[[139.7145,35.559612],[139.715069,35.561034],[139.715078,35.561428]]},"properties":{"ward":"大田区","species":["ハクモクレン"],"count":null,"route":"","alias":"","manager":"大田区"}},{"type":"Feature","geometry":{"type":"LineString","coordinates":[[139.708878,35.561376],[139.710475,35.5615]]},"properties":{"ward":"大田区","species":["緑化道路・複合植栽"],"count":null,"route":"","alias":"","manager":"大田区"}},{"type":"Feature","geometry":{"type":"LineString","coordinates":[[139.710475,35.5615],[139.71123,35.561559],[139.713923,35.56151]]},"properties":{"ward":"大田区","species":["緑化道路・複合植栽"],"count":null,"route":"","alias":"","manager":"大田区"}},{"type":"Feature","geometry":{"type":"LineString","coordinates":[[139.710468,35.561419],[139.710524,35.559875]]},"properties":{"ward":"大田区","species":["ハナミズキ"],"count":null,"route":"","alias":"","manager":"大田区"}},{"type":"Feature","geometry":{"type":"LineString","coordinates":[[139.710411,35.562709],[139.710372,35.56469]]},"properties":{"ward":"大田区","species":["マテバシイ"],"count":null,"route":"","alias":"","manager":"大田区"}},{"type":"Feature","geometry":{"type":"LineString","coordinates":[[139.715135,35.562641],[139.715288,35.563168],[139.714703,35.564106]]},"properties":{"ward":"大田区","species":["緑化道路・複合植栽"],"count":null,"route":"","alias":"","manager":"大田区"}},{"type":"Feature","geometry":{"type":"LineString","coordinates":[[139.715135,35.562641],[139.715126,35.562236]]},"properties":{"ward":"大田区","species":["緑化道路・複合植栽"],"count":null,"route":"","alias":"","manager":"大田区"}},{"type":"Feature","geometry":{"type":"LineString","coordinates":[[139.699193,35.584896],[139.69959,35.58412]]},"properties":{"ward":"大田区","species":["クスノキ"],"count":null,"route":"","alias":"","manager":"大田区"}},{"type":"Feature","geometry":{"type":"LineString","coordinates":[[139.660628,35.592876],[139.660967,35.592744]]},"properties":{"ward":"大田区","species":["サクラ類"],"count":null,"route":"","alias":"","manager":"大田区"}},{"type":"Feature","geometry":{"type":"LineString","coordinates":[[139.685851,35.569169],[139.686217,35.570045]]},"properties":{"ward":"大田区","species":["ハナミズキ"],"count":null,"route":"","alias":"","manager":"大田区"}},{"type":"Feature","geometry":{"type":"LineString","coordinates":[[139.69678,35.564621],[139.697508,35.564203],[139.698298,35.563613]]},"properties":{"ward":"大田区","species":["緑化道路・複合植栽"],"count":null,"route":"","alias":"","manager":"大田区"}},{"type":"Feature","geometry":{"type":"LineString","coordinates":[[139.765414,35.570334],[139.766142,35.57132]]},"properties":{"ward":"大田区","species":["コブシ"],"count":null,"route":"","alias":"","manager":"大田区"}},{"type":"Feature","geometry":{"type":"LineString","coordinates":[[139.763204,35.56925],[139.763752,35.569991]]},"properties":{"ward":"大田区","species":["コブシ"],"count":null,"route":"","alias":"","manager":"大田区"}},{"type":"Feature","geometry":{"type":"LineString","coordinates":[[139.783022,35.579966],[139.783861,35.580764]]},"properties":{"ward":"大田区","species":["クロガネモチ"],"count":null,"route":"","alias":"","manager":"大田区"}},{"type":"Feature","geometry":{"type":"LineString","coordinates":[[139.783022,35.579966],[139.781949,35.580719]]},"properties":{"ward":"大田区","species":["クロガネモチ"],"count":null,"route":"","alias":"","manager":"大田区"}},{"type":"Feature","geometry":{"type":"LineString","coordinates":[[139.781949,35.580719],[139.782827,35.581534]]},"properties":{"ward":"大田区","species":["クロガネモチ"],"count":null,"route":"","alias":"","manager":"大田区"}},{"type":"Feature","geometry":{"type":"LineString","coordinates":[[139.781949,35.580719],[139.78134,35.581146]]},"properties":{"ward":"大田区","species":["クロガネモチ"],"count":null,"route":"","alias":"","manager":"大田区"}},{"type":"Feature","geometry":{"type":"LineString","coordinates":[[139.745349,35.584658],[139.749096,35.585784]]},"properties":{"ward":"大田区","species":["緑化道路・複合植栽"],"count":null,"route":"","alias":"","manager":"大田区"}},{"type":"Feature","geometry":{"type":"LineString","coordinates":[[139.730849,35.58472],[139.734686,35.584307],[139.735964,35.584355]]},"properties":{"ward":"大田区","species":["クスノキ"],"count":null,"route":"","alias":"","manager":"大田区"}},{"type":"Feature","geometry":{"type":"LineString","coordinates":[[139.728521,35.584698],[139.730849,35.58472]]},"properties":{"ward":"大田区","species":["クスノキ"],"count":null,"route":"","alias":"","manager":"大田区"}},{"type":"Feature","geometry":{"type":"LineString","coordinates":[[139.738855,35.578661],[139.739056,35.578352],[139.739349,35.578167],[139.739437,35.578],[139.739515,35.576195]]},"properties":{"ward":"大田区","species":["エンジュ"],"count":null,"route":"","alias":"","manager":"大田区"}},{"type":"Feature","geometry":{"type":"LineString","coordinates":[[139.764362,35.570851],[139.764435,35.571136],[139.764392,35.572487]]},"properties":{"ward":"大田区","species":["ハナミズキ"],"count":null,"route":"","alias":"","manager":"大田区"}},{"type":"Feature","geometry":{"type":"LineString","coordinates":[[139.765414,35.570334],[139.768432,35.568851]]},"properties":{"ward":"大田区","species":["カリン"],"count":null,"route":"","alias":"","manager":"大田区"}},{"type":"Feature","geometry":{"type":"LineString","coordinates":[[139.727972,35.579354],[139.730849,35.58472]]},"properties":{"ward":"大田区","species":["クスノキ"],"count":null,"route":"","alias":"","manager":"大田区"}},{"type":"Feature","geometry":{"type":"LineString","coordinates":[[139.72637,35.585137],[139.727345,35.584767],[139.728521,35.584698]]},"properties":{"ward":"大田区","species":["クスノキ"],"count":null,"route":"","alias":"","manager":"大田区"}},{"type":"Feature","geometry":{"type":"LineString","coordinates":[[139.728521,35.584698],[139.729887,35.587164],[139.72959,35.587772],[139.728843,35.588057]]},"properties":{"ward":"大田区","species":["クスノキ"],"count":null,"route":"","alias":"","manager":"大田区"}},{"type":"Feature","geometry":{"type":"LineString","coordinates":[[139.761136,35.572482],[139.770346,35.572497],[139.770266,35.571233],[139.769917,35.570656],[139.766266,35.566226]]},"properties":{"ward":"大田区","species":["クスノキ"],"count":null,"route":"","alias":"","manager":"大田区"}},{"type":"Feature","geometry":{"type":"LineString","coordinates":[[139.730849,35.58472],[139.732211,35.587237]]},"properties":{"ward":"大田区","species":["クスノキ"],"count":null,"route":"","alias":"","manager":"大田区"}},{"type":"Feature","geometry":{"type":"LineString","coordinates":[[139.767152,35.567301],[139.763204,35.56925]]},"properties":{"ward":"大田区","species":["コブシ"],"count":null,"route":"","alias":"","manager":"大田区"}},{"type":"Feature","geometry":{"type":"LineString","coordinates":[[139.763204,35.56925],[139.76248,35.569702],[139.762136,35.570091],[139.761991,35.570448],[139.761921,35.57083],[139.761932,35.572483]]},"properties":{"ward":"大田区","species":["コブシ"],"count":null,"route":"","alias":"","manager":"大田区"}},{"type":"Feature","geometry":{"type":"LineString","coordinates":[[139.764313,35.567238],[139.767365,35.571279],[139.76739,35.572492]]},"properties":{"ward":"大田区","species":["サクラ類"],"count":null,"route":"","alias":"","manager":"大田区"}},{"type":"Feature","geometry":{"type":"LineString","coordinates":[[139.724683,35.581496],[139.726819,35.580908],[139.729652,35.580439],[139.729702,35.578894]]},"properties":{"ward":"大田区","species":["サクラ類"],"count":null,"route":"","alias":"","manager":"大田区"}},{"type":"Feature","geometry":{"type":"LineString","coordinates":[[139.717329,35.57097],[139.718509,35.5703],[139.719076,35.570169],[139.721237,35.575292],[139.717344,35.576011],[139.716238,35.57605]]},"properties":{"ward":"大田区","species":["サクラ類"],"count":null,"route":"","alias":"","manager":"大田区"}},{"type":"Feature","geometry":{"type":"LineString","coordinates":[[139.714843,35.582302],[139.711733,35.584318],[139.708769,35.585404],[139.708603,35.586132],[139.70774,35.588089],[139.707689,35.588836],[139.70759,35.588897]]},"properties":{"ward":"大田区","species":["サクラ類"],"count":null,"route":"","alias":"","manager":"大田区"}},{"type":"Feature","geometry":{"type":"LineString","coordinates":[[139.668972,35.59766],[139.670643,35.595585],[139.670613,35.595085],[139.671168,35.595206]]},"properties":{"ward":"大田区","species":["サクラ類"],"count":null,"route":"","alias":"","manager":"大田区"}},{"type":"Feature","geometry":{"type":"LineString","coordinates":[[139.735663,35.576262],[139.736119,35.57743]]},"properties":{"ward":"大田区","species":["その他"],"count":null,"route":"","alias":"","manager":"大田区"}},{"type":"Feature","geometry":{"type":"LineString","coordinates":[[139.741512,35.550781],[139.743317,35.550677],[139.744908,35.550187],[139.744302,35.549005]]},"properties":{"ward":"大田区","species":["その他"],"count":null,"route":"","alias":"","manager":"大田区"}},{"type":"Feature","geometry":{"type":"LineString","coordinates":[[139.704971,35.574779],[139.705701,35.573254]]},"properties":{"ward":"大田区","species":["その他"],"count":null,"route":"","alias":"","manager":"大田区"}},{"type":"Feature","geometry":{"type":"LineString","coordinates":[[139.752788,35.583719],[139.75516,35.578437],[139.756759,35.578431]]},"properties":{"ward":"大田区","species":["アキニレ"],"count":null,"route":"","alias":"","manager":"大田区"}},{"type":"Feature","geometry":{"type":"LineString","coordinates":[[139.764268,35.572487],[139.764259,35.573672],[139.761851,35.573676]]},"properties":{"ward":"大田区","species":["アキニレ"],"count":null,"route":"","alias":"","manager":"大田区"}},{"type":"Feature","geometry":{"type":"LineString","coordinates":[[139.727948,35.583864],[139.727822,35.585592],[139.728044,35.586239],[139.728145,35.587085],[139.728734,35.588006]]},"properties":{"ward":"大田区","species":["ハナミズキ"],"count":null,"route":"","alias":"","manager":"大田区"}},{"type":"Feature","geometry":{"type":"LineString","coordinates":[[139.760888,35.571323],[139.762944,35.571324]]},"properties":{"ward":"大田区","species":["ハナミズキ"],"count":null,"route":"","alias":"","manager":"大田区"}},{"type":"Feature","geometry":{"type":"LineString","coordinates":[[139.762944,35.571324],[139.768815,35.571317]]},"properties":{"ward":"大田区","species":["ハナミズキ"],"count":null,"route":"","alias":"","manager":"大田区"}},{"type":"Feature","geometry":{"type":"LineString","coordinates":[[139.762944,35.571324],[139.762965,35.570751],[139.763077,35.570471],[139.763301,35.570219],[139.767722,35.56799]]},"properties":{"ward":"大田区","species":["ハナミズキ"],"count":null,"route":"","alias":"","manager":"大田区"}},{"type":"Feature","geometry":{"type":"LineString","coordinates":[[139.762675,35.568534],[139.766582,35.566609]]},"properties":{"ward":"大田区","species":["ハナミズキ"],"count":null,"route":"","alias":"","manager":"大田区"}},{"type":"Feature","geometry":{"type":"LineString","coordinates":[[139.721858,35.576789],[139.71975,35.579465],[139.718575,35.580332]]},"properties":{"ward":"大田区","species":["ハナミズキ"],"count":null,"route":"","alias":"","manager":"大田区"}},{"type":"Feature","geometry":{"type":"LineString","coordinates":[[139.730854,35.587193],[139.733853,35.587249]]},"properties":{"ward":"大田区","species":["ケヤキ"],"count":null,"route":"","alias":"","manager":"大田区"}},{"type":"Feature","geometry":{"type":"LineString","coordinates":[[139.760322,35.572485],[139.761136,35.572482]]},"properties":{"ward":"大田区","species":["ケヤキ"],"count":null,"route":"","alias":"","manager":"大田区"}},{"type":"Feature","geometry":{"type":"LineString","coordinates":[[139.71467,35.543208],[139.715455,35.544227],[139.715811,35.544487],[139.717427,35.544974]]},"properties":{"ward":"大田区","species":["マテバシイ"],"count":null,"route":"","alias":"","manager":"大田区"}},{"type":"Feature","geometry":{"type":"LineString","coordinates":[[139.776613,35.583048],[139.779753,35.580734]]},"properties":{"ward":"大田区","species":["モミジバフウ"],"count":null,"route":"","alias":"","manager":"大田区"}},{"type":"Feature","geometry":{"type":"LineString","coordinates":[[139.735685,35.576311],[139.737946,35.576003],[139.739258,35.575991]]},"properties":{"ward":"大田区","species":["モミジバフウ"],"count":null,"route":"","alias":"","manager":"大田区"}},{"type":"Feature","geometry":{"type":"LineString","coordinates":[[139.739258,35.575991],[139.739515,35.576195],[139.73986,35.576068],[139.74043,35.57608],[139.740799,35.575919],[139.741246,35.575928]]},"properties":{"ward":"大田区","species":["モミジバフウ"],"count":null,"route":"","alias":"","manager":"大田区"}},{"type":"Feature","geometry":{"type":"LineString","coordinates":[[139.739469,35.577147],[139.742073,35.577158]]},"properties":{"ward":"大田区","species":["緑化道路・複合植栽"],"count":null,"route":"","alias":"","manager":"大田区"}},{"type":"Feature","geometry":{"type":"LineString","coordinates":[[139.718498,35.558978],[139.719275,35.560751],[139.72093,35.561635],[139.721315,35.562663]]},"properties":{"ward":"大田区","species":["緑化道路・複合植栽"],"count":null,"route":"","alias":"","manager":"大田区"}},{"type":"Feature","geometry":{"type":"LineString","coordinates":[[139.709734,35.562685],[139.711541,35.56275],[139.715135,35.562641]]},"properties":{"ward":"大田区","species":["緑化道路・複合植栽"],"count":null,"route":"","alias":"","manager":"大田区"}},{"type":"Feature","geometry":{"type":"LineString","coordinates":[[139.681053,35.5648],[139.679587,35.566383],[139.679646,35.566416],[139.678534,35.567988],[139.677745,35.569377],[139.677711,35.569599],[139.676377,35.572196],[139.674008,35.578164]]},"properties":{"ward":"大田区","species":["サクラ類"],"count":null,"route":"","alias":"","manager":""}},{"type":"Feature","geometry":{"type":"LineString","coordinates":[[139.710387,35.662932],[139.706098,35.660251]]},"properties":{"ward":"渋谷区","species":["プラタナス類"],"count":null,"route":"国道246号線","alias":"","manager":"国"}},{"type":"Feature","geometry":{"type":"LineString","coordinates":[[139.705925,35.660075],[139.704179,35.658168],[139.702921,35.658007],[139.698775,35.656643],[139.695293,35.655739],[139.694621,35.655435],[139.693785,35.654387],[139.693232,35.653949]]},"properties":{"ward":"渋谷区","species":["イチョウ"],"count":null,"route":"国道246号線","alias":"","manager":"国"}},{"type":"Feature","geometry":{"type":"LineString","coordinates":[[139.687355,35.681864],[139.684575,35.680139],[139.680134,35.678188],[139.670856,35.675427],[139.661469,35.672761]]},"properties":{"ward":"渋谷区","species":["イチョウ"],"count":null,"route":"国道20号線","alias":"","manager":"国"}},{"type":"Feature","geometry":{"type":"LineString","coordinates":[[139.63232,35.728679],[139.6321,35.72875],[139.632129,35.72887]]},"properties":{"ward":"中野区","species":["樹種不明"],"count":1,"route":"1a_","alias":"武蔵ヶ丘高校正門前","manager":"中野区"}},{"type":"Feature","geometry":{"type":"LineString","coordinates":[[139.657734,35.717178],[139.657751,35.717399]]},"properties":{"ward":"中野区","species":["樹種不明"],"count":1,"route":"1e_","alias":"沼袋3-17（沼袋バス通り）","manager":"中野区"}},{"type":"Feature","geometry":{"type":"LineString","coordinates":[[139.656755,35.709219],[139.65673,35.709684]]},"properties":{"ward":"中野区","species":["樹種不明"],"count":1,"route":"1j_","alias":"中野法務局脇","manager":"中野区"}},{"type":"Feature","geometry":{"type":"LineString","coordinates":[[139.639075,35.720029],[139.639057,35.719841],[139.638793,35.719707]]},"properties":{"ward":"中野区","species":["樹種不明"],"count":1,"route":"1l_","alias":"白鷺1-15（聖ピオ保育園南側）","manager":"中野区"}},{"type":"Feature","geometry":{"type":"LineString","coordinates":[[139.682981,35.7061],[139.683034,35.706325],[139.68311,35.706372],[139.683221,35.706281],[139.683087,35.706061],[139.682983,35.706086]]},"properties":{"ward":"中野区","species":["樹種不明"],"count":1,"route":"2_21","alias":"東中野駅交通広場","manager":"中野区"}},{"type":"Feature","geometry":{"type":"LineString","coordinates":[[139.668309,35.728336],[139.668467,35.728216]]},"properties":{"ward":"中野区","species":["樹種不明"],"count":1,"route":"2C","alias":"西原橋上下流","manager":"中野区"}},{"type":"Feature","geometry":{"type":"LineString","coordinates":[[139.667686,35.707315],[139.667709,35.7068]]},"properties":{"ward":"中野区","species":["樹種不明"],"count":1,"route":"2d_","alias":"中野５－３５－１５先　水路敷内","manager":"中野区"}},{"type":"Feature","geometry":{"type":"LineString","coordinates":[[139.660203,35.711673],[139.660204,35.711852]]},"properties":{"ward":"中野区","species":["樹種不明"],"count":2,"route":"1o_","alias":"野方一丁目バス停前","manager":"中野区"}},{"type":"Feature","geometry":{"type":"LineString","coordinates":[[139.681083,35.696282],[139.681211,35.696524]]},"properties":{"ward":"中野区","species":["樹種不明"],"count":2,"route":"2b_","alias":"本町２-４７先　区道植栽地","manager":"中野区"}},{"type":"Feature","geometry":{"type":"LineString","coordinates":[[139.640233,35.719799],[139.640272,35.719693],[139.64056,35.719658],[139.640955,35.719875]]},"properties":{"ward":"中野区","species":["樹種不明"],"count":3,"route":"1n_","alias":"若宮3-53（若宮小北側）","manager":"中野区"}},{"type":"Feature","geometry":{"type":"LineString","coordinates":[[139.660509,35.716416],[139.660672,35.71589]]},"properties":{"ward":"中野区","species":["樹種不明"],"count":3,"route":"1t_","alias":"新井3-34,35（平和の森西側道路）","manager":"中野区"}},{"type":"Feature","geometry":{"type":"LineString","coordinates":[[139.668882,35.723092],[139.669366,35.723609]]},"properties":{"ward":"中野区","species":["樹種不明"],"count":3,"route":"2L","alias":"大北橋～江古田橋下流","manager":"中野区"}},{"type":"Feature","geometry":{"type":"LineString","coordinates":[[139.648799,35.715902],[139.649462,35.715815]]},"properties":{"ward":"中野区","species":["樹種不明"],"count":4,"route":"1D","alias":"太陽橋下流","manager":"中野区"}},{"type":"Feature","geometry":{"type":"LineString","coordinates":[[139.662565,35.684891],[139.663448,35.687257],[139.663487,35.688005],[139.663707,35.688384],[139.663838,35.68882],[139.664094,35.689138],[139.664833,35.689564]]},"properties":{"ward":"中野区","species":["樹種不明"],"count":4,"route":"2E","alias":"地下鉄車庫沿い","manager":"中野区"}},{"type":"Feature","geometry":{"type":"LineString","coordinates":[[139.683148,35.697853],[139.68398,35.697744]]},"properties":{"ward":"中野区","species":["樹種不明"],"count":5,"route":"2_18","alias":"中央１丁目再開発街路","manager":"中野区"}},{"type":"Feature","geometry":{"type":"LineString","coordinates":[[139.660714,35.712254],[139.660518,35.713208]]},"properties":{"ward":"中野区","species":["樹種不明"],"count":6,"route":"1g_","alias":"新井2-41～51（草の実公園脇）","manager":"中野区"}},{"type":"Feature","geometry":{"type":"LineString","coordinates":[[139.665677,35.705254],[139.665979,35.705261],[139.666096,35.705188],[139.666083,35.70499],[139.665703,35.704943]]},"properties":{"ward":"中野区","species":["樹種不明"],"count":8,"route":"2_20","alias":"中野駅南口広場","manager":"中野区"}},{"type":"Feature","geometry":{"type":"LineString","coordinates":[[139.639845,35.718749],[139.640138,35.71943],[139.63991,35.720669],[139.639932,35.721346]]},"properties":{"ward":"中野区","species":["樹種不明"],"count":9,"route":"1B","alias":"双鷺橋～丸山橋","manager":"中野区"}},{"type":"Feature","geometry":{"type":"LineString","coordinates":[[139.66537,35.706422],[139.666141,35.706429],[139.666139,35.706168]]},"properties":{"ward":"中野区","species":["樹種不明"],"count":10,"route":"1_13","alias":"中野駅北口広場","manager":"中野区"}},{"type":"Feature","geometry":{"type":"LineString","coordinates":[[139.643577,35.715553],[139.64338,35.715883],[139.642903,35.71617],[139.641418,35.716553],[139.640554,35.716921],[139.640071,35.716986],[139.639813,35.71712]]},"properties":{"ward":"中野区","species":["樹種不明"],"count":11,"route":"1C","alias":"弥生橋～美鳩橋","manager":"中野区"}},{"type":"Feature","geometry":{"type":"LineString","coordinates":[[139.665182,35.724188],[139.665567,35.724075]]},"properties":{"ward":"中野区","species":["樹種不明"],"count":11,"route":"2f_","alias":"歴史民俗資料館南側区有通路","manager":"中野区"}},{"type":"Feature","geometry":{"type":"LineString","coordinates":[[139.675446,35.723509],[139.675668,35.722763]]},"properties":{"ward":"中野区","species":["樹種不明"],"count":12,"route":"2_3","alias":"哲学堂グラウンド横","manager":"中野区"}},{"type":"Feature","geometry":{"type":"LineString","coordinates":[[139.667317,35.717392],[139.66774,35.717464],[139.668262,35.717723],[139.668872,35.71836],[139.669133,35.718888],[139.669205,35.71958],[139.668654,35.722512],[139.668729,35.722909],[139.668882,35.723092]]},"properties":{"ward":"中野区","species":["樹種不明"],"count":12,"route":"2A","alias":"薬師橋～大北橋","manager":"中野区"}},{"type":"Feature","geometry":{"type":"LineString","coordinates":[[139.658968,35.719036],[139.659476,35.718699]]},"properties":{"ward":"中野区","species":["樹種不明"],"count":14,"route":"1h_","alias":"沼袋三丁目区営アパート前","manager":"中野区"}},{"type":"Feature","geometry":{"type":"LineString","coordinates":[[139.668468,35.694488],[139.669677,35.695824],[139.670167,35.696695],[139.670785,35.697334]]},"properties":{"ward":"中野区","species":["樹種不明"],"count":14,"route":"2_13","alias":"鍋横通り","manager":"中野区"}},{"type":"Feature","geometry":{"type":"LineString","coordinates":[[139.672451,35.686541],[139.672192,35.687385],[139.674022,35.689872]]},"properties":{"ward":"中野区","species":["樹種不明"],"count":14,"route":"2_15","alias":"川島通り","manager":"中野区"}},{"type":"Feature","geometry":{"type":"LineString","coordinates":[[139.663382,35.681042],[139.663338,35.680928],[139.663453,35.680409],[139.664245,35.680471],[139.66429,35.680788]]},"properties":{"ward":"中野区","species":["樹種不明"],"count":16,"route":"2_17","alias":"南台住宅周辺","manager":"中野区"}},{"type":"Feature","geometry":{"type":"LineString","coordinates":[[139.664145,35.709859],[139.664229,35.708354]]},"properties":{"ward":"中野区","species":["樹種不明"],"count":16,"route":"2_8","alias":"中野四丁目再開発街路","manager":"中野区"}},{"type":"Feature","geometry":{"type":"LineString","coordinates":[[139.671307,35.723092],[139.67215,35.722331]]},"properties":{"ward":"中野区","species":["樹種不明"],"count":17,"route":"2K","alias":"天神橋下流","manager":"中野区"}},{"type":"Feature","geometry":{"type":"LineString","coordinates":[[139.631368,35.731374],[139.634244,35.731912],[139.635142,35.732163]]},"properties":{"ward":"中野区","species":["樹種不明"],"count":18,"route":"1_2","alias":"上鷺宮トチノキ通り","manager":"中野区"}},{"type":"Feature","geometry":{"type":"LineString","coordinates":[[139.63151,35.719457],[139.631623,35.719762],[139.632169,35.719892],[139.632406,35.720184],[139.633001,35.720215]]},"properties":{"ward":"中野区","species":["樹種不明"],"count":18,"route":"1_8","alias":"白鷺特養前通り","manager":"中野区"}},{"type":"Feature","geometry":{"type":"LineString","coordinates":[[139.663377,35.708331],[139.664903,35.708373]]},"properties":{"ward":"中野区","species":["樹種不明"],"count":19,"route":"1_12","alias":"庁舎北側通り","manager":"中野区"}},{"type":"Feature","geometry":{"type":"LineString","coordinates":[[139.660861,35.717211],[139.66198,35.718015]]},"properties":{"ward":"中野区","species":["樹種不明"],"count":19,"route":"1F","alias":"平和の森公園北側","manager":"中野区"}},{"type":"Feature","geometry":{"type":"LineString","coordinates":[[139.659751,35.719416],[139.660201,35.719489]]},"properties":{"ward":"中野区","species":["樹種不明"],"count":20,"route":"1i_","alias":"沼袋三丁目24番（西武線沿い）","manager":"中野区"}},{"type":"Feature","geometry":{"type":"LineString","coordinates":[[139.665923,35.723247],[139.66619,35.723903],[139.667962,35.726128],[139.668251,35.726624],[139.668401,35.727054],[139.66889,35.731241],[139.670234,35.732463]]},"properties":{"ward":"中野区","species":["樹種不明"],"count":21,"route":"2_2","alias":"目白通り～新青梅街道","manager":"中野区"}},{"type":"Feature","geometry":{"type":"LineString","coordinates":[[139.679938,35.714079],[139.680779,35.71394],[139.68153,35.714018]]},"properties":{"ward":"中野区","species":["樹種不明"],"count":22,"route":"2B","alias":"水車橋上下流","manager":"中野区"}},{"type":"Feature","geometry":{"type":"LineString","coordinates":[[139.678159,35.718439],[139.678545,35.717928],[139.679273,35.716426],[139.679159,35.715568]]},"properties":{"ward":"中野区","species":["樹種不明"],"count":22,"route":"2I","alias":"水車上橋～北原橋","manager":"中野区"}},{"type":"Feature","geometry":{"type":"LineString","coordinates":[[139.663851,35.702272],[139.663119,35.702256]]},"properties":{"ward":"中野区","species":["樹種不明"],"count":25,"route":"2c_","alias":"中野三丁目イチョウ通り","manager":"中野区"}},{"type":"Feature","geometry":{"type":"LineString","coordinates":[[139.663937,35.702769],[139.663176,35.702759]]},"properties":{"ward":"中野区","species":["樹種不明"],"count":25,"route":"2c_","alias":"中野三丁目イチョウ通り","manager":"中野区"}},{"type":"Feature","geometry":{"type":"LineString","coordinates":[[139.66383,35.701832],[139.664023,35.702798],[139.664489,35.703737]]},"properties":{"ward":"中野区","species":["樹種不明"],"count":25,"route":"2c_","alias":"中野三丁目イチョウ通り","manager":"中野区"}},{"type":"Feature","geometry":{"type":"LineString","coordinates":[[139.664182,35.703248],[139.663149,35.703247]]},"properties":{"ward":"中野区","species":["樹種不明"],"count":25,"route":"2c_","alias":"中野三丁目イチョウ通り","manager":"中野区"}},{"type":"Feature","geometry":{"type":"LineString","coordinates":[[139.632643,35.733898],[139.633296,35.732075],[139.635032,35.729653]]},"properties":{"ward":"中野区","species":["樹種不明"],"count":28,"route":"1_3","alias":"上鷺宮サクラ通り","manager":"中野区"}},{"type":"Feature","geometry":{"type":"LineString","coordinates":[[139.67676,35.694376],[139.676975,35.693107],[139.677079,35.690216]]},"properties":{"ward":"中野区","species":["樹種不明"],"count":35,"route":"2_14","alias":"花見橋通り","manager":"中野区"}},{"type":"Feature","geometry":{"type":"LineString","coordinates":[[139.665239,35.68809],[139.665304,35.685736]]},"properties":{"ward":"中野区","species":["樹種不明"],"count":36,"route":"2_16","alias":"弥生ハナミズキ通り","manager":"中野区"}},{"type":"Feature","geometry":{"type":"LineString","coordinates":[[139.672697,35.704643],[139.671848,35.703727],[139.671809,35.703266],[139.671915,35.70257]]},"properties":{"ward":"中野区","species":["樹種不明"],"count":37,"route":"2_10","alias":"もみじ山通り","manager":"中野区"}},{"type":"Feature","geometry":{"type":"LineString","coordinates":[[139.66463,35.727461],[139.665905,35.727003],[139.66611,35.727463],[139.666118,35.727893],[139.665771,35.729277]]},"properties":{"ward":"中野区","species":["樹種不明"],"count":40,"route":"2_22","alias":"江古田三丁目地区南北道路","manager":"中野区"}},{"type":"Feature","geometry":{"type":"LineString","coordinates":[[139.630786,35.73363],[139.631368,35.731374],[139.631064,35.730577]]},"properties":{"ward":"中野区","species":["樹種不明"],"count":41,"route":"1_1","alias":"上鷺宮アカシア通り","manager":"中野区"}},{"type":"Feature","geometry":{"type":"LineString","coordinates":[[139.637964,35.722543],[139.636206,35.72205],[139.634112,35.721065],[139.632456,35.72064],[139.63214,35.720493],[139.631533,35.719975]]},"properties":{"ward":"中野区","species":["樹種不明"],"count":47,"route":"1A","alias":"杉並区境～鷺宮体育館前","manager":"中野区"}},{"type":"Feature","geometry":{"type":"LineString","coordinates":[[139.663435,35.718221],[139.663559,35.717082]]},"properties":{"ward":"中野区","species":["樹種不明"],"count":62,"route":"1_9","alias":"平和公園通り","manager":"中野区"}},{"type":"Feature","geometry":{"type":"LineString","coordinates":[[139.666189,35.705442],[139.667744,35.705473],[139.672641,35.704655]]},"properties":{"ward":"中野区","species":["樹種不明"],"count":62,"route":"2_9","alias":"千光前通り","manager":"中野区"}},{"type":"Feature","geometry":{"type":"LineString","coordinates":[[139.66159,35.682324],[139.662463,35.684668]]},"properties":{"ward":"中野区","species":["樹種不明"],"count":64,"route":"2D","alias":"向田橋～栄橋","manager":"中野区"}},{"type":"Feature","geometry":{"type":"LineString","coordinates":[[139.668213,35.713109],[139.669281,35.711837],[139.669489,35.711236],[139.670397,35.709752]]},"properties":{"ward":"中野区","species":["樹種不明"],"count":75,"route":"2_7","alias":"薬師柳通り","manager":"中野区"}},{"type":"Feature","geometry":{"type":"LineString","coordinates":[[139.663343,35.70982],[139.663405,35.706751],[139.665152,35.706781]]},"properties":{"ward":"中野区","species":["樹種不明"],"count":90,"route":"1_11","alias":"庁舎南側～ケヤキ通り","manager":"中野区"}},{"type":"Feature","geometry":{"type":"LineString","coordinates":[[139.664229,35.708354],[139.664299,35.706756]]},"properties":{"ward":"中野区","species":["樹種不明"],"count":157,"route":"1_10","alias":"庁舎東側通り","manager":"中野区"}},{"type":"Feature","geometry":{"type":"LineString","coordinates":[[139.686728,35.696568],[139.687092,35.697274],[139.688024,35.698358],[139.688359,35.699123],[139.688369,35.699941],[139.688223,35.70039],[139.687625,35.701371],[139.687457,35.701757],[139.687406,35.702116],[139.68747,35.704016],[139.688266,35.706806],[139.688551,35.707268],[139.68887,35.707505],[139.691001,35.708588],[139.691975,35.709335],[139.692815,35.709517],[139.693482,35.709968],[139.693963,35.710485],[139.694256,35.711043]]},"properties":{"ward":"中野区","species":["樹種不明"],"count":187,"route":"2F","alias":"神田川四季の道","manager":"中野区"}},{"type":"Feature","geometry":{"type":"LineString","coordinates":[[139.613729,35.727122],[139.614231,35.727102]]},"properties":{"ward":"杉並区","species":["イチョウ"],"count":null,"route":"井草森公園","alias":"","manager":"杉並区"}},{"type":"Feature","geometry":{"type":"LineString","coordinates":[[139.656324,35.687551],[139.65959,35.687968],[139.659684,35.686808]]},"properties":{"ward":"杉並区","species":["イチョウ"],"count":null,"route":"佼成学園","alias":"","manager":"杉並区"}},{"type":"Feature","geometry":{"type":"LineString","coordinates":[[139.644087,35.669244],[139.643967,35.669485],[139.643873,35.67002],[139.64403,35.670012],[139.644758,35.670318]]},"properties":{"ward":"杉並区","species":["ケヤキ"],"count":null,"route":"永福学園","alias":"","manager":"杉並区"}},{"type":"Feature","geometry":{"type":"LineString","coordinates":[[139.599428,35.68686],[139.599644,35.68682]]},"properties":{"ward":"杉並区","species":["ケヤキ"],"count":null,"route":"久我山会館","alias":"","manager":"杉並区"}},{"type":"Feature","geometry":{"type":"LineString","coordinates":[[139.618931,35.679757],[139.619066,35.680644]]},"properties":{"ward":"杉並区","species":["ケヤキ"],"count":null,"route":"高井戸東小学校","alias":"","manager":"杉並区"}},{"type":"Feature","geometry":{"type":"LineString","coordinates":[[139.658045,35.709203],[139.658237,35.706578]]},"properties":{"ward":"杉並区","species":["その他"],"count":null,"route":"帝京平成大学","alias":"","manager":"杉並区"}},{"type":"Feature","geometry":{"type":"LineString","coordinates":[[139.653806,35.701535],[139.654532,35.70141]]},"properties":{"ward":"杉並区","species":["トウカエデ"],"count":null,"route":"杉並年金事務所","alias":"","manager":"杉並区"}},{"type":"Feature","geometry":{"type":"LineString","coordinates":[[139.655387,35.69629],[139.656405,35.696167],[139.658101,35.696317],[139.657825,35.697169],[139.657952,35.697914],[139.655643,35.697957],[139.655147,35.695572],[139.654592,35.694659]]},"properties":{"ward":"杉並区","species":["ハナミズキ"],"count":null,"route":"蚕糸の森公園","alias":"","manager":"杉並区"}},{"type":"Feature","geometry":{"type":"LineString","coordinates":[[139.641414,35.667552],[139.639289,35.6674],[139.638141,35.66756],[139.6329,35.669224],[139.62318,35.670648]]},"properties":{"ward":"杉並区","species":["ケヤキ"],"count":null,"route":"国道20号線","alias":"","manager":"国"}},{"type":"Feature","geometry":{"type":"LineString","coordinates":[[139.616627,35.671545],[139.613201,35.671972],[139.609002,35.67283]]},"properties":{"ward":"杉並区","species":["ケヤキ"],"count":null,"route":"国道20号線","alias":"","manager":"国"}},{"type":"Feature","geometry":{"type":"LineString","coordinates":[[139.608102,35.723018],[139.60857,35.719197]]},"properties":{"ward":"杉並区","species":["トウカエデ"],"count":null,"route":"","alias":"","manager":"杉並区"}},{"type":"Feature","geometry":{"type":"LineString","coordinates":[[139.606823,35.72268],[139.606769,35.722962],[139.608088,35.723092]]},"properties":{"ward":"杉並区","species":["その他"],"count":null,"route":"","alias":"","manager":"杉並区"}},{"type":"Feature","geometry":{"type":"LineString","coordinates":[[139.600068,35.723776],[139.600736,35.721856],[139.603051,35.722397],[139.602344,35.724371]]},"properties":{"ward":"杉並区","species":["ハナミズキ"],"count":null,"route":"","alias":"","manager":"杉並区"}},{"type":"Feature","geometry":{"type":"LineString","coordinates":[[139.615817,35.684464],[139.618708,35.684226],[139.619466,35.683988]]},"properties":{"ward":"杉並区","species":["その他"],"count":null,"route":"","alias":"","manager":"杉並区"}},{"type":"Feature","geometry":{"type":"LineString","coordinates":[[139.642594,35.708126],[139.645629,35.707521]]},"properties":{"ward":"杉並区","species":["トウカエデ"],"count":null,"route":"","alias":"","manager":"杉並区"}},{"type":"Feature","geometry":{"type":"LineString","coordinates":[[139.644627,35.707788],[139.644992,35.709156]]},"properties":{"ward":"杉並区","species":["ハナミズキ"],"count":null,"route":"","alias":"","manager":"杉並区"}},{"type":"Feature","geometry":{"type":"LineString","coordinates":[[139.635368,35.705703],[139.636369,35.705935]]},"properties":{"ward":"杉並区","species":["その他"],"count":null,"route":"","alias":"","manager":"杉並区"}},{"type":"Feature","geometry":{"type":"LineString","coordinates":[[139.635678,35.704186],[139.636525,35.704202]]},"properties":{"ward":"杉並区","species":["トウカエデ"],"count":null,"route":"","alias":"","manager":"杉並区"}},{"type":"Feature","geometry":{"type":"LineString","coordinates":[[139.622741,35.704391],[139.623357,35.704337],[139.626546,35.703532]]},"properties":{"ward":"杉並区","species":["その他"],"count":null,"route":"","alias":"","manager":"杉並区"}},{"type":"Feature","geometry":{"type":"LineString","coordinates":[[139.65589,35.687463],[139.656266,35.687542]]},"properties":{"ward":"杉並区","species":["その他"],"count":null,"route":"","alias":"","manager":"杉並区"}},{"type":"Feature","geometry":{"type":"LineString","coordinates":[[139.658255,35.698142],[139.658369,35.698839],[139.658305,35.70062]]},"properties":{"ward":"杉並区","species":["トウカエデ"],"count":null,"route":"","alias":"","manager":"杉並区"}},{"type":"Feature","geometry":{"type":"LineString","coordinates":[[139.612491,35.676022],[139.613252,35.675536],[139.613303,35.675411],[139.613716,35.675361]]},"properties":{"ward":"杉並区","species":["その他"],"count":null,"route":"","alias":"","manager":"杉並区"}},{"type":"Feature","geometry":{"type":"LineString","coordinates":[[139.61617,35.712416],[139.617127,35.712463]]},"properties":{"ward":"杉並区","species":["サクラ"],"count":null,"route":"","alias":"","manager":"杉並区"}},{"type":"Feature","geometry":{"type":"LineString","coordinates":[[139.62433,35.681968],[139.623914,35.678958]]},"properties":{"ward":"杉並区","species":["緑化道路・複合植栽"],"count":null,"route":"","alias":"","manager":"杉並区"}},{"type":"Feature","geometry":{"type":"LineString","coordinates":[[139.614871,35.681584],[139.61361,35.681981],[139.610565,35.68166],[139.608456,35.682118]]},"properties":{"ward":"杉並区","species":["イチョウ"],"count":null,"route":"","alias":"","manager":"杉並区"}},{"type":"Feature","geometry":{"type":"LineString","coordinates":[[139.66392,35.691113],[139.664373,35.690865],[139.664915,35.689579]]},"properties":{"ward":"杉並区","species":["ハナミズキ"],"count":null,"route":"","alias":"","manager":"杉並区"}},{"type":"Feature","geometry":{"type":"LineString","coordinates":[[139.611748,35.69324],[139.612486,35.692905],[139.612802,35.692916],[139.613486,35.69246],[139.615139,35.691789]]},"properties":{"ward":"杉並区","species":["イロハモミジ"],"count":null,"route":"","alias":"","manager":"杉並区"}},{"type":"Feature","geometry":{"type":"LineString","coordinates":[[139.60159,35.7114],[139.601973,35.71057],[139.601827,35.707776],[139.601102,35.705971]]},"properties":{"ward":"杉並区","species":["プラタナス類"],"count":null,"route":"","alias":"","manager":"杉並区"}},{"type":"Feature","geometry":{"type":"LineString","coordinates":[[139.600516,35.719888],[139.601272,35.72025],[139.6036,35.720974],[139.604647,35.721223],[139.604725,35.721303],[139.604512,35.722173],[139.604591,35.722307],[139.605064,35.722485],[139.605156,35.722636],[139.605149,35.722942],[139.605286,35.723152],[139.606977,35.723568],[139.607102,35.723649],[139.607265,35.72431],[139.608423,35.724521],[139.60902,35.725414],[139.609731,35.725495],[139.61004,35.725609],[139.611693,35.725316],[139.611819,35.72522],[139.612051,35.724523],[139.612275,35.724314],[139.612993,35.724261],[139.613547,35.724058],[139.614317,35.724],[139.615924,35.724116],[139.617774,35.724034],[139.618031,35.723884],[139.618137,35.723626],[139.618731,35.723396],[139.618863,35.722999],[139.619239,35.722774],[139.620537,35.722669],[139.620747,35.722562],[139.62082,35.722428],[139.62079,35.721424],[139.620589,35.720269],[139.62026,35.720135],[139.618957,35.720041],[139.61876,35.719944],[139.618655,35.719643],[139.618574,35.717828]]},"properties":{"ward":"杉並区","species":["緑化道路・複合植栽"],"count":null,"route":"","alias":"","manager":"杉並区"}},{"type":"Feature","geometry":{"type":"LineString","coordinates":[[139.612429,35.71908],[139.612386,35.725004]]},"properties":{"ward":"杉並区","species":["トウカエデ"],"count":null,"route":"","alias":"","manager":"杉並区"}},{"type":"Feature","geometry":{"type":"LineString","coordinates":[[139.60927,35.726635],[139.613668,35.726454]]},"properties":{"ward":"杉並区","species":["ハナミズキ"],"count":null,"route":"","alias":"","manager":"杉並区"}},{"type":"Feature","geometry":{"type":"LineString","coordinates":[[139.649485,35.698006],[139.649273,35.699566],[139.649589,35.701677],[139.649678,35.704875],[139.650176,35.704902]]},"properties":{"ward":"杉並区","species":["緑化道路・複合植栽"],"count":null,"route":"","alias":"","manager":"杉並区"}},{"type":"Feature","geometry":{"type":"LineString","coordinates":[[139.648612,35.703275],[139.653306,35.702359],[139.65463,35.702466]]},"properties":{"ward":"杉並区","species":["サルスベリ"],"count":null,"route":"","alias":"","manager":"杉並区"}},{"type":"Feature","geometry":{"type":"LineString","coordinates":[[139.650654,35.707315],[139.650564,35.7064],[139.65039,35.705956]]},"properties":{"ward":"杉並区","species":["エンジュ"],"count":null,"route":"","alias":"","manager":"杉並区"}},{"type":"Feature","geometry":{"type":"LineString","coordinates":[[139.650833,35.705537],[139.654577,35.705593]]},"properties":{"ward":"杉並区","species":["エンジュ"],"count":null,"route":"","alias":"","manager":"杉並区"}},{"type":"Feature","geometry":{"type":"LineString","coordinates":[[139.656702,35.671475],[139.655653,35.671069],[139.654471,35.670787]]},"properties":{"ward":"杉並区","species":["イチョウ"],"count":null,"route":"国道20号線","alias":"","manager":"国"}},{"type":"Feature","geometry":{"type":"LineString","coordinates":[[139.717138,35.730395],[139.718135,35.730691]]},"properties":{"ward":"豊島区","species":["アキニレ"],"count":null,"route":"410220","alias":"トヨタビル通り","manager":"豊島区"}},{"type":"Feature","geometry":{"type":"LineString","coordinates":[[139.721578,35.728961],[139.72041,35.727618]]},"properties":{"ward":"豊島区","species":["アキニレ"],"count":null,"route":"410320","alias":"６０階周辺街区東","manager":"豊島区"}},{"type":"Feature","geometry":{"type":"LineString","coordinates":[[139.722611,35.730188],[139.721578,35.728961]]},"properties":{"ward":"豊島区","species":["アキニレ"],"count":null,"route":"410320","alias":"総合体育場脇","manager":"豊島区"}},{"type":"Feature","geometry":{"type":"LineString","coordinates":[[139.717434,35.729228],[139.72041,35.727618]]},"properties":{"ward":"豊島区","species":["アキニレ"],"count":null,"route":"410460","alias":"６０階周辺街区南","manager":"豊島区"}},{"type":"Feature","geometry":{"type":"LineString","coordinates":[[139.71428,35.730587],[139.714646,35.730595]]},"properties":{"ward":"豊島区","species":["アキニレ他"],"count":null,"route":"410110","alias":"サンシャイン通り","manager":"豊島区"}},{"type":"Feature","geometry":{"type":"LineString","coordinates":[[139.718471,35.730639],[139.721578,35.728961]]},"properties":{"ward":"豊島区","species":["アキニレ他"],"count":null,"route":"410450","alias":"６０階周辺街区北","manager":"豊島区"}},{"type":"Feature","geometry":{"type":"LineString","coordinates":[[139.709238,35.729559],[139.708767,35.728619],[139.709808,35.728255]]},"properties":{"ward":"豊島区","species":["アメリカフウ"],"count":null,"route":"120550","alias":"新池袋駅ビル前２","manager":"豊島区"}},{"type":"Feature","geometry":{"type":"LineString","coordinates":[[139.70934,35.729867],[139.709364,35.730433]]},"properties":{"ward":"豊島区","species":["アメリカフウ"],"count":null,"route":"120550","alias":"新池袋駅ビル前２","manager":"豊島区"}},{"type":"Feature","geometry":{"type":"LineString","coordinates":[[139.708083,35.730701],[139.708334,35.730602],[139.70934,35.730594]]},"properties":{"ward":"豊島区","species":["アメリカフウ"],"count":null,"route":"120560","alias":"西口バスバース","manager":"豊島区"}},{"type":"Feature","geometry":{"type":"LineString","coordinates":[[139.716156,35.734766],[139.717767,35.734681]]},"properties":{"ward":"豊島区","species":["イチョウ"],"count":null,"route":"21020","alias":"山の手線脇","manager":"豊島区"}},{"type":"Feature","geometry":{"type":"LineString","coordinates":[[139.725715,35.731894],[139.72818,35.731266]]},"properties":{"ward":"豊島区","species":["イチョウ"],"count":null,"route":"310800","alias":"大塚街１号線","manager":"豊島区"}},{"type":"Feature","geometry":{"type":"LineString","coordinates":[[139.713819,35.726558],[139.713248,35.725935]]},"properties":{"ward":"豊島区","species":["イチョウ"],"count":null,"route":"420170","alias":"南池袋二丁目駿台脇通り","manager":"豊島区"}},{"type":"Feature","geometry":{"type":"LineString","coordinates":[[139.716559,35.72723],[139.714577,35.725069]]},"properties":{"ward":"豊島区","species":["イチョウ"],"count":null,"route":"420210","alias":"南池袋保険通り","manager":"豊島区"}},{"type":"Feature","geometry":{"type":"LineString","coordinates":[[139.715396,35.730698],[139.716576,35.730727]]},"properties":{"ward":"豊島区","species":["エレガンテシマ"],"count":null,"route":"410110","alias":"サンシャイン通り","manager":"豊島区"}},{"type":"Feature","geometry":{"type":"LineString","coordinates":[[139.710538,35.738577],[139.709866,35.737164],[139.709443,35.734457]]},"properties":{"ward":"豊島区","species":["ケヤキ"],"count":null,"route":"110430","alias":"劇場通り北側線","manager":"豊島区"}},{"type":"Feature","geometry":{"type":"LineString","coordinates":[[139.714093,35.721993],[139.714425,35.72198],[139.714559,35.720708]]},"properties":{"ward":"豊島区","species":["ケヤキ"],"count":null,"route":"420600","alias":"鬼子母神表参道","manager":"豊島区"}},{"type":"Feature","geometry":{"type":"LineString","coordinates":[[139.713228,35.730569],[139.713939,35.730582]]},"properties":{"ward":"豊島区","species":["ゴールドクレスト"],"count":null,"route":"410110","alias":"サンシャイン通り","manager":"豊島区"}},{"type":"Feature","geometry":{"type":"LineString","coordinates":[[139.727936,35.735104],[139.728288,35.734599]]},"properties":{"ward":"豊島区","species":["コブシ"],"count":null,"route":"320310","alias":"北大塚都電脇","manager":"豊島区"}},{"type":"Feature","geometry":{"type":"LineString","coordinates":[[139.713178,35.729274],[139.712667,35.728711]]},"properties":{"ward":"豊島区","species":["サルスベリ他"],"count":null,"route":"42030","alias":"キンカ堂前通り","manager":"豊島区"}},{"type":"Feature","geometry":{"type":"LineString","coordinates":[[139.715221,35.728062],[139.715028,35.727851]]},"properties":{"ward":"豊島区","species":["シダレヤナギ他"],"count":null,"route":"420110","alias":"南池袋公園東北口アプローチ","manager":"豊島区"}},{"type":"Feature","geometry":{"type":"LineString","coordinates":[[139.717338,35.729471],[139.71823,35.730565]]},"properties":{"ward":"豊島区","species":["シマトネリコ"],"count":null,"route":"410260","alias":"６０階周辺街区西","manager":"豊島区"}},{"type":"Feature","geometry":{"type":"LineString","coordinates":[[139.718419,35.730848],[139.719323,35.731977]]},"properties":{"ward":"豊島区","species":["シマトネリコ"],"count":null,"route":"410260","alias":"池袋電話局前","manager":"豊島区"}},{"type":"Feature","geometry":{"type":"LineString","coordinates":[[139.714256,35.729547],[139.716521,35.73021]]},"properties":{"ward":"豊島区","species":["シマトネリコ他"],"count":null,"route":"410150","alias":"サンシャイン６０通り","manager":"豊島区"}},{"type":"Feature","geometry":{"type":"LineString","coordinates":[[139.713583,35.727369],[139.713245,35.72698],[139.714722,35.726072],[139.715109,35.726489]]},"properties":{"ward":"豊島区","species":["シマトネリコ他"],"count":null,"route":"420100","alias":"南池袋寺院脇","manager":"豊島区"}},{"type":"Feature","geometry":{"type":"LineString","coordinates":[[139.717442,35.721503],[139.717678,35.721346],[139.71796,35.72128],[139.718774,35.721209]]},"properties":{"ward":"豊島区","species":["スダジイ他"],"count":null,"route":"420380","alias":"御嶽坂","manager":"豊島区"}},{"type":"Feature","geometry":{"type":"LineString","coordinates":[[139.694,35.72632],[139.694186,35.726096],[139.695013,35.725751]]},"properties":{"ward":"豊島区","species":["ソメイヨシノ"],"count":null,"route":"17020","alias":"椎名町桜並木","manager":"豊島区"}},{"type":"Feature","geometry":{"type":"LineString","coordinates":[[139.729545,35.728263],[139.731884,35.728536]]},"properties":{"ward":"豊島区","species":["ソメイヨシノ"],"count":null,"route":"3101290","alias":"巣鴨信金通り","manager":"豊島区"}},{"type":"Feature","geometry":{"type":"LineString","coordinates":[[139.726435,35.729993],[139.727225,35.729235],[139.727952,35.728734],[139.729104,35.728354]]},"properties":{"ward":"豊島区","species":["ソメイヨシノ"],"count":null,"route":"310880","alias":"西巣鴨中通り","manager":"豊島区"}},{"type":"Feature","geometry":{"type":"LineString","coordinates":[[139.735854,35.732014],[139.738574,35.733158]]},"properties":{"ward":"豊島区","species":["ソメイヨシノ"],"count":null,"route":"320750","alias":"巣鴨桜並木","manager":"豊島区"}},{"type":"Feature","geometry":{"type":"LineString","coordinates":[[139.739733,35.733693],[139.744146,35.735449]]},"properties":{"ward":"豊島区","species":["ソメイヨシノ"],"count":null,"route":"330490","alias":"駒込桜並木","manager":"豊島区"}},{"type":"Feature","geometry":{"type":"LineString","coordinates":[[139.71195,35.714918],[139.712375,35.714726],[139.71378,35.71361],[139.714093,35.713449],[139.71477,35.713198],[139.715503,35.713138]]},"properties":{"ward":"豊島区","species":["ソメイヨシノ"],"count":null,"route":"430101","alias":"神田川側道","manager":"豊島区"}},{"type":"Feature","geometry":{"type":"LineString","coordinates":[[139.726566,35.733702],[139.726216,35.732837],[139.726292,35.732725],[139.728191,35.732249]]},"properties":{"ward":"豊島区","species":["ソメイヨシノ他"],"count":null,"route":"310730","alias":"大塚桜並木","manager":"豊島区"}},{"type":"Feature","geometry":{"type":"LineString","coordinates":[[139.717101,35.713049],[139.717848,35.712932],[139.719834,35.712427],[139.720589,35.712438],[139.721472,35.71263],[139.721967,35.712607]]},"properties":{"ward":"豊島区","species":["ソメイヨシノ他"],"count":null,"route":"430200","alias":"神田川下流","manager":"豊島区"}},{"type":"Feature","geometry":{"type":"LineString","coordinates":[[139.709039,35.732918],[139.708465,35.731768]]},"properties":{"ward":"豊島区","species":["トウカエデ"],"count":null,"route":"110430","alias":"劇場通り北側線","manager":"豊島区"}},{"type":"Feature","geometry":{"type":"LineString","coordinates":[[139.705454,35.731116],[139.705426,35.730912],[139.706111,35.730555],[139.706916,35.730536],[139.707492,35.730327]]},"properties":{"ward":"豊島区","species":["トウカエデ"],"count":null,"route":"120750","alias":"西池袋公園通り","manager":"豊島区"}},{"type":"Feature","geometry":{"type":"LineString","coordinates":[[139.706926,35.72823],[139.708854,35.727558]]},"properties":{"ward":"豊島区","species":["トウカエデ他"],"count":null,"route":"120680","alias":"ビックリガード通り","manager":"豊島区"}},{"type":"Feature","geometry":{"type":"LineString","coordinates":[[139.708161,35.731169],[139.706402,35.727689]]},"properties":{"ward":"豊島区","species":["トウカエデ他"],"count":null,"route":"120730","alias":"劇場通り","manager":"豊島区"}},{"type":"Feature","geometry":{"type":"LineString","coordinates":[[139.725715,35.731894],[139.725077,35.72931]]},"properties":{"ward":"豊島区","species":["トウカエデ他"],"count":null,"route":"310690","alias":"空蝉橋通り２","manager":"豊島区"}},{"type":"Feature","geometry":{"type":"LineString","coordinates":[[139.730804,35.733021],[139.730401,35.73201]]},"properties":{"ward":"豊島区","species":["トウカエデ他"],"count":null,"route":"320620","alias":"巣鴨署入り口","manager":"豊島区"}},{"type":"Feature","geometry":{"type":"LineString","coordinates":[[139.707202,35.733021],[139.709072,35.732969],[139.71165,35.733264]]},"properties":{"ward":"豊島区","species":["ハナミズキ"],"count":null,"route":"110110","alias":"常盤通り","manager":"豊島区"}},{"type":"Feature","geometry":{"type":"LineString","coordinates":[[139.710814,35.733111],[139.710944,35.731732]]},"properties":{"ward":"豊島区","species":["ハナミズキ"],"count":null,"route":"110170","alias":"文化通り","manager":"豊島区"}},{"type":"Feature","geometry":{"type":"LineString","coordinates":[[139.70872,35.731616],[139.71092,35.731636]]},"properties":{"ward":"豊島区","species":["ハナミズキ"],"count":null,"route":"110421","alias":"みずき通り","manager":"豊島区"}},{"type":"Feature","geometry":{"type":"LineString","coordinates":[[139.714204,35.731828],[139.714053,35.729654]]},"properties":{"ward":"豊島区","species":["ハナミズキ"],"count":null,"route":"41050","alias":"三越裏通り","manager":"豊島区"}},{"type":"Feature","geometry":{"type":"LineString","coordinates":[[139.704602,35.738072],[139.705469,35.73745],[139.705858,35.737008],[139.705982,35.736402],[139.706113,35.736163],[139.707369,35.734733],[139.707774,35.73449]]},"properties":{"ward":"豊島区","species":["ハナミズキ他"],"count":null,"route":"","alias":"","manager":"豊島区"}},{"type":"Feature","geometry":{"type":"LineString","coordinates":[[139.707774,35.73449],[139.708283,35.734366],[139.71068,35.734499],[139.710811,35.73322]]},"properties":{"ward":"豊島区","species":["ハナミズキ"],"count":null,"route":"110230","alias":"補助１７３号","manager":"豊島区"}},{"type":"Feature","geometry":{"type":"LineString","coordinates":[[139.712323,35.72878],[139.713928,35.727807]]},"properties":{"ward":"豊島区","species":["ハナミズキ他"],"count":null,"route":"42050","alias":"南池袋パーク通り","manager":"豊島区"}},{"type":"Feature","geometry":{"type":"LineString","coordinates":[[139.731059,35.724498],[139.731609,35.724647]]},"properties":{"ward":"豊島区","species":["ヒマラヤスギ他"],"count":null,"route":"3101421","alias":"巣鴨第２保育園前","manager":"豊島区"}},{"type":"Feature","geometry":{"type":"LineString","coordinates":[[139.730569,35.725381],[139.731609,35.724647]]},"properties":{"ward":"豊島区","species":["プラタナス"],"count":null,"route":"3101420","alias":"大塚病院前","manager":"豊島区"}},{"type":"Feature","geometry":{"type":"LineString","coordinates":[[139.720171,35.732874],[139.719596,35.732255]]},"properties":{"ward":"豊島区","species":["プラタナス"],"count":null,"route":"310240","alias":"西巣鴨橋通り","manager":"豊島区"}},{"type":"Feature","geometry":{"type":"LineString","coordinates":[[139.721678,35.734277],[139.724069,35.735265],[139.724687,35.735758]]},"properties":{"ward":"豊島区","species":["プラタナス"],"count":null,"route":"310240","alias":"西巣鴨橋通り","manager":"豊島区"}},{"type":"Feature","geometry":{"type":"LineString","coordinates":[[139.719196,35.740663],[139.720164,35.74031],[139.720911,35.739939],[139.722158,35.73884]]},"properties":{"ward":"豊島区","species":["プラタナス他"],"count":null,"route":"210440","alias":"北池袋通り","manager":"豊島区"}},{"type":"Feature","geometry":{"type":"LineString","coordinates":[[139.726911,35.735026],[139.725997,35.732713]]},"properties":{"ward":"豊島区","species":["プラタナス他"],"count":null,"route":"310690","alias":"空蝉橋通り","manager":"豊島区"}},{"type":"Feature","geometry":{"type":"LineString","coordinates":[[139.74049,35.730689],[139.74107,35.731027]]},"properties":{"ward":"豊島区","species":["マテバシイ"],"count":null,"route":"320980","alias":"中仙道横","manager":"豊島区"}},{"type":"Feature","geometry":{"type":"LineString","coordinates":[[139.740029,35.733008],[139.741834,35.733791]]},"properties":{"ward":"豊島区","species":["マテバシイ"],"count":null,"route":"330560","alias":"巣鴨駅南口","manager":"豊島区"}},{"type":"Feature","geometry":{"type":"LineString","coordinates":[[139.713772,35.728792],[139.71221,35.727106]]},"properties":{"ward":"豊島区","species":["マテバシイ他"],"count":null,"route":"42080","alias":"都民銀行通り","manager":"豊島区"}},{"type":"Feature","geometry":{"type":"LineString","coordinates":[[139.727816,35.735544],[139.730048,35.735348]]},"properties":{"ward":"豊島区","species":["ヤマモモ他"],"count":null,"route":"320300","alias":"文京高校南側","manager":"豊島区"}},{"type":"Feature","geometry":{"type":"LineString","coordinates":[[139.736839,35.735149],[139.728241,35.744186]]},"properties":{"ward":"豊島区","species":["プラタナス類"],"count":null,"route":"国道17号線","alias":"","manager":"国"}},{"type":"Feature","geometry":{"type":"LineString","coordinates":[[139.729701,35.725961],[139.728217,35.726933]]},"properties":{"ward":"豊島区","species":["プラタナス類"],"count":null,"route":"国道254号線","alias":"","manager":"国"}},{"type":"Feature","geometry":{"type":"LineString","coordinates":[[139.728217,35.726933],[139.724808,35.72921],[139.719454,35.73213]]},"properties":{"ward":"豊島区","species":["カツラ"],"count":null,"route":"国道254号線","alias":"","manager":"国"}},{"type":"Feature","geometry":{"type":"LineString","coordinates":[[139.719454,35.73213],[139.717113,35.733257]]},"properties":{"ward":"豊島区","species":["プラタナス類"],"count":null,"route":"国道254号線","alias":"","manager":"国"}},{"type":"Feature","geometry":{"type":"LineString","coordinates":[[139.716626,35.733802],[139.715309,35.735211],[139.71432,35.736845],[139.71393,35.737211],[139.708373,35.740033],[139.707262,35.740869]]},"properties":{"ward":"豊島区","species":["イチョウ"],"count":null,"route":"国道254号線","alias":"","manager":"国"}},{"type":"Feature","geometry":{"type":"LineString","coordinates":[[139.699773,35.733049],[139.700729,35.732852],[139.703522,35.7329],[139.704063,35.732844],[139.70599,35.732016],[139.708325,35.731453],[139.709486,35.73094]]},"properties":{"ward":"豊島区","species":["ハナミズキ"],"count":null,"route":"11-13","alias":"要町通り","manager":"豊島区"}},{"type":"Feature","geometry":{"type":"LineString","coordinates":[[139.708701,35.728637],[139.708447,35.728725]]},"properties":{"ward":"豊島区","species":["トウカエデ"],"count":null,"route":"120640","alias":"元池袋史跡公園前","manager":"豊島区"}},{"type":"Feature","geometry":{"type":"LineString","coordinates":[[139.706907,35.720729],[139.705997,35.718366]]},"properties":{"ward":"豊島区","species":["ケヤキ他"],"count":null,"route":"14-70","alias":"学習院脇","manager":"豊島区"}},{"type":"Feature","geometry":{"type":"LineString","coordinates":[[139.7106,35.714779],[139.711119,35.714961],[139.711523,35.714986]]},"properties":{"ward":"豊島区","species":["ソメイヨシノ"],"count":null,"route":"14-241","alias":"高田馬場分水路上","manager":"豊島区"}},{"type":"Feature","geometry":{"type":"LineString","coordinates":[[139.709719,35.725685],[139.709866,35.726232]]},"properties":{"ward":"豊島区","species":["ケヤキ"],"count":null,"route":"12-243","alias":"メトロポリタン駐車場前","manager":"豊島区"}},{"type":"Feature","geometry":{"type":"LineString","coordinates":[[139.71386,35.733275],[139.714975,35.733265],[139.716198,35.7334]]},"properties":{"ward":"豊島区","species":["ベニバナ","トキワマンサク"],"count":null,"route":"12-21","alias":"旧東京ガス通り","manager":"豊島区"}},{"type":"Feature","geometry":{"type":"LineString","coordinates":[[139.712984,35.729806],[139.716662,35.727489]]},"properties":{"ward":"豊島区","species":["ユリノキ他"],"count":null,"route":"41-21","alias":"グリーン大通り","manager":"豊島区"}},{"type":"Feature","geometry":{"type":"LineString","coordinates":[[139.715377,35.725086],[139.715704,35.724932]]},"properties":{"ward":"豊島区","species":["マテバシイ"],"count":null,"route":"42-301","alias":"池袋パークタワー脇","manager":"豊島区"}},{"type":"Feature","geometry":{"type":"LineString","coordinates":[[139.72041,35.727618],[139.71921,35.726146]]},"properties":{"ward":"豊島区","species":["ユリノキ"],"count":null,"route":"41-321","alias":"補助１７５号","manager":"豊島区"}},{"type":"Feature","geometry":{"type":"LineString","coordinates":[[139.727682,35.745029],[139.728218,35.744951],[139.728704,35.744981]]},"properties":{"ward":"豊島区","species":["ハナミズキ"],"count":null,"route":"33-12","alias":"中仙道脇側道","manager":"豊島区"}},{"type":"Feature","geometry":{"type":"LineString","coordinates":[[139.729154,35.732501],[139.729051,35.732258],[139.728834,35.732103]]},"properties":{"ward":"豊島区","species":["イチョウ"],"count":null,"route":"31-782","alias":"大塚駅北口","manager":"豊島区"}},{"type":"Feature","geometry":{"type":"LineString","coordinates":[[139.729456,35.731007],[139.72993,35.730938]]},"properties":{"ward":"豊島区","species":["プラタナス"],"count":null,"route":"31-1181","alias":"大塚駅南口（都引き継ぎ）","manager":"豊島区"}},{"type":"Feature","geometry":{"type":"LineString","coordinates":[[139.72918,35.730621],[139.729135,35.729997],[139.729251,35.728802],[139.729455,35.727754],[139.72996,35.726081]]},"properties":{"ward":"豊島区","species":["プラタナス"],"count":null,"route":"31-1180","alias":"南大塚通り","manager":"豊島区"}},{"type":"Feature","geometry":{"type":"LineString","coordinates":[[139.710353,35.714209],[139.710843,35.714435]]},"properties":{"ward":"豊島区","species":["ソメイヨシノ"],"count":null,"route":"14-273","alias":"神田川側道（源水橋高田橋右岸）","manager":"豊島区"}},{"type":"Feature","geometry":{"type":"LineString","coordinates":[[139.709565,35.727471],[139.709873,35.728145]]},"properties":{"ward":"豊島区","species":["アメリカフウ"],"count":null,"route":"120540","alias":"新池袋駅ビル前","manager":"豊島区"}},{"type":"Feature","geometry":{"type":"LineString","coordinates":[[139.741298,35.731155],[139.736756,35.735007],[139.728064,35.744036]]},"properties":{"ward":"豊島区","species":["ハナミズキ"],"count":null,"route":"国道17号線","alias":"","manager":"国"}},{"type":"Feature","geometry":{"type":"LineString","coordinates":[[139.738694,35.73377],[139.739213,35.734016],[139.739412,35.733752]]},"properties":{"ward":"豊島区","species":["ソメイヨシノ"],"count":null,"route":"330500","alias":"巣鴨駅前（北口）","manager":"豊島区"}},{"type":"Feature","geometry":{"type":"LineString","coordinates":[[139.729741,35.73195],[139.729495,35.731568]]},"properties":{"ward":"豊島区","species":["プラタナス"],"count":null,"route":"31-782","alias":"大塚駅北口","manager":"豊島区"}},{"type":"Feature","geometry":{"type":"LineString","coordinates":[[139.727747,35.744545],[139.727931,35.744352]]},"properties":{"ward":"豊島区","species":["サクラ類"],"count":null,"route":"国道17号線","alias":"","manager":"国"}},{"type":"Feature","geometry":{"type":"LineString","coordinates":[[139.725745,35.782404],[139.72571,35.781536]]},"properties":{"ward":"北区","species":["アオギリ","イチョウ"],"count":3,"route":"A043","alias":"","manager":"北区"}},{"type":"Feature","geometry":{"type":"LineString","coordinates":[[139.722685,35.779279],[139.726271,35.77958]]},"properties":{"ward":"北区","species":["アキニレ","クロガネモチほか"],"count":31,"route":"A046","alias":"","manager":"北区"}},{"type":"Feature","geometry":{"type":"LineString","coordinates":[[139.736639,35.754573],[139.736936,35.754654]]},"properties":{"ward":"北区","species":["アメリカハナミズキ"],"count":1,"route":"A060","alias":"","manager":"北区"}},{"type":"Feature","geometry":{"type":"LineString","coordinates":[[139.740007,35.751941],[139.740149,35.751705]]},"properties":{"ward":"北区","species":["アメリカハナミズキ"],"count":2,"route":"A122","alias":"","manager":"北区"}},{"type":"Feature","geometry":{"type":"LineString","coordinates":[[139.722455,35.775729],[139.722493,35.775321]]},"properties":{"ward":"北区","species":["アメリカハナミズキ"],"count":3,"route":"A118","alias":"","manager":"北区"}},{"type":"Feature","geometry":{"type":"LineString","coordinates":[[139.749485,35.751122],[139.749831,35.751114]]},"properties":{"ward":"北区","species":["アメリカハナミズキ"],"count":4,"route":"A099","alias":"","manager":"北区"}},{"type":"Feature","geometry":{"type":"LineString","coordinates":[[139.731257,35.753099],[139.732362,35.752574],[139.732913,35.752509],[139.733579,35.752482],[139.734773,35.752879]]},"properties":{"ward":"北区","species":["アメリカハナミズキ"],"count":7,"route":"A083","alias":"","manager":"北区"}},{"type":"Feature","geometry":{"type":"LineString","coordinates":[[139.728189,35.762781],[139.729201,35.763164]]},"properties":{"ward":"北区","species":["アメリカハナミズキ"],"count":12,"route":"A085","alias":"","manager":"北区"}},{"type":"Feature","geometry":{"type":"LineString","coordinates":[[139.729429,35.768014],[139.729601,35.76661]]},"properties":{"ward":"北区","species":["アメリカハナミズキ"],"count":18,"route":"A094","alias":"","manager":"北区"}},{"type":"Feature","geometry":{"type":"LineString","coordinates":[[139.733411,35.77561],[139.735919,35.775656]]},"properties":{"ward":"北区","species":["アメリカハナミズキ"],"count":20,"route":"A108","alias":"","manager":"北区"}},{"type":"Feature","geometry":{"type":"LineString","coordinates":[[139.729601,35.76661],[139.730016,35.763652]]},"properties":{"ward":"北区","species":["アメリカハナミズキ"],"count":44,"route":"A076","alias":"","manager":"北区"}},{"type":"Feature","geometry":{"type":"LineString","coordinates":[[139.736671,35.763336],[139.737383,35.763746],[139.738012,35.763934],[139.738583,35.763999],[139.741899,35.763965],[139.744958,35.764183],[139.747543,35.764796],[139.748017,35.764827],[139.749445,35.764282]]},"properties":{"ward":"北区","species":["アメリカハナミズキ"],"count":150,"route":"A016","alias":"","manager":"北区"}},{"type":"Feature","geometry":{"type":"LineString","coordinates":[[139.722482,35.773397],[139.722783,35.773414],[139.723159,35.773978],[139.723993,35.774593],[139.724899,35.774906],[139.725388,35.774991],[139.730595,35.775087],[139.733016,35.775051]]},"properties":{"ward":"北区","species":["アメリカハナミズキ","コブシ"],"count":133,"route":"A004","alias":"","manager":"北区"}},{"type":"Feature","geometry":{"type":"LineString","coordinates":[[139.740597,35.768631],[139.740548,35.768566]]},"properties":{"ward":"北区","species":["アメリカハナミズキ","サクラほか"],"count":103,"route":"A107","alias":"","manager":"北区"}},{"type":"Feature","geometry":{"type":"LineString","coordinates":[[139.738842,35.769253],[139.738786,35.76901]]},"properties":{"ward":"北区","species":["アメリカハナミズキ","サクラほか"],"count":103,"route":"A107","alias":"","manager":"北区"}},{"type":"Feature","geometry":{"type":"LineString","coordinates":[[139.735151,35.767881],[139.735782,35.768108],[139.736774,35.768209],[139.737349,35.768038],[139.738535,35.767333],[139.739653,35.767239],[139.740712,35.767014],[139.742157,35.767039]]},"properties":{"ward":"北区","species":["アメリカハナミズキ","サクラほか"],"count":103,"route":"A107","alias":"","manager":"北区"}},{"type":"Feature","geometry":{"type":"LineString","coordinates":[[139.73757,35.769352],[139.737504,35.76908]]},"properties":{"ward":"北区","species":["アメリカハナミズキ","ハクモクレンほか"],"count":50,"route":"A077","alias":"","manager":"北区"}},{"type":"Feature","geometry":{"type":"LineString","coordinates":[[139.735788,35.768213],[139.735553,35.768686],[139.736207,35.768955],[139.736323,35.769244],[139.736145,35.769487],[139.736151,35.769745]]},"properties":{"ward":"北区","species":["アメリカハナミズキ","ハクモクレンほか"],"count":50,"route":"A077","alias":"","manager":"北区"}},{"type":"Feature","geometry":{"type":"LineString","coordinates":[[139.728336,35.749419],[139.728803,35.749442]]},"properties":{"ward":"北区","species":["アメリカハナミズキ","ハナミズキ"],"count":5,"route":"A096","alias":"","manager":"北区"}},{"type":"Feature","geometry":{"type":"LineString","coordinates":[[139.739204,35.751762],[139.740902,35.752468]]},"properties":{"ward":"北区","species":["アメリカハナミズキ","ハナミズキ"],"count":7,"route":"A121","alias":"","manager":"北区"}},{"type":"Feature","geometry":{"type":"LineString","coordinates":[[139.758676,35.73828],[139.759185,35.738668],[139.759325,35.738672],[139.759813,35.73825]]},"properties":{"ward":"北区","species":["アメリカハナミズキ","ハナミズキ"],"count":9,"route":"A098","alias":"","manager":"北区"}},{"type":"Feature","geometry":{"type":"LineString","coordinates":[[139.722226,35.762956],[139.72269,35.762885],[139.724152,35.762887],[139.725443,35.762998]]},"properties":{"ward":"北区","species":["アメリカハナミズキ","ハナミズキ"],"count":41,"route":"A084","alias":"","manager":"北区"}},{"type":"Feature","geometry":{"type":"LineString","coordinates":[[139.731151,35.76563],[139.732611,35.762325]]},"properties":{"ward":"北区","species":["イチョウ"],"count":32,"route":"A038","alias":"","manager":"北区"}},{"type":"Feature","geometry":{"type":"LineString","coordinates":[[139.730291,35.753026],[139.73318,35.75374]]},"properties":{"ward":"北区","species":["イチョウ"],"count":47,"route":"A019","alias":"","manager":"北区"}},{"type":"Feature","geometry":{"type":"LineString","coordinates":[[139.754827,35.739781],[139.755446,35.739008],[139.756102,35.737279]]},"properties":{"ward":"北区","species":["イチョウ"],"count":50,"route":"A023","alias":"","manager":"北区"}},{"type":"Feature","geometry":{"type":"LineString","coordinates":[[139.707158,35.779108],[139.711312,35.779683],[139.711744,35.779833],[139.712112,35.780047],[139.713306,35.781274]]},"properties":{"ward":"北区","species":["イチョウ"],"count":119,"route":"A008","alias":"","manager":"北区"}},{"type":"Feature","geometry":{"type":"LineString","coordinates":[[139.747345,35.743086],[139.750047,35.742389],[139.753404,35.741107],[139.753724,35.740908]]},"properties":{"ward":"北区","species":["イチョウ"],"count":129,"route":"A022","alias":"","manager":"北区"}},{"type":"Feature","geometry":{"type":"LineString","coordinates":[[139.724186,35.755045],[139.724515,35.75504],[139.724567,35.754709],[139.724636,35.754666],[139.727981,35.754846]]},"properties":{"ward":"北区","species":["イチョウ","アオギリほか"],"count":25,"route":"A042","alias":"","manager":"北区"}},{"type":"Feature","geometry":{"type":"LineString","coordinates":[[139.728509,35.766016],[139.729434,35.764382]]},"properties":{"ward":"北区","species":["イチョウ","クスノキ"],"count":18,"route":"A014","alias":"","manager":"北区"}},{"type":"Feature","geometry":{"type":"LineString","coordinates":[[139.706557,35.769685],[139.711058,35.770918]]},"properties":{"ward":"北区","species":["イチョウ","サクラ"],"count":55,"route":"A010","alias":"","manager":"北区"}},{"type":"Feature","geometry":{"type":"LineString","coordinates":[[139.735085,35.762351],[139.73496,35.76224]]},"properties":{"ward":"北区","species":["エンジュ"],"count":3,"route":"B003","alias":"","manager":"北区"}},{"type":"Feature","geometry":{"type":"LineString","coordinates":[[139.756392,35.73695],[139.757171,35.736183],[139.75859,35.735172]]},"properties":{"ward":"北区","species":["カツラ","ジンダイアケボノほか"],"count":38,"route":"A126","alias":"","manager":"北区"}},{"type":"Feature","geometry":{"type":"LineString","coordinates":[[139.722363,35.775963],[139.722011,35.776903],[139.721453,35.777949]]},"properties":{"ward":"北区","species":["カリン"],"count":35,"route":"A113","alias":"","manager":"北区"}},{"type":"Feature","geometry":{"type":"LineString","coordinates":[[139.722682,35.776547],[139.722111,35.776834]]},"properties":{"ward":"北区","species":["カリン"],"count":35,"route":"A113","alias":"","manager":"北区"}},{"type":"Feature","geometry":{"type":"LineString","coordinates":[[139.726594,35.749363],[139.726928,35.749341]]},"properties":{"ward":"北区","species":["キンモクセイ"],"count":5,"route":"B005","alias":"","manager":"北区"}},{"type":"Feature","geometry":{"type":"LineString","coordinates":[[139.719826,35.758366],[139.720181,35.758255]]},"properties":{"ward":"北区","species":["キンモクセイ","サザンカほか"],"count":8,"route":"B002","alias":"","manager":"北区"}},{"type":"Feature","geometry":{"type":"LineString","coordinates":[[139.745071,35.744401],[139.745414,35.745011]]},"properties":{"ward":"北区","species":["キンモクセイ","シラカシほか"],"count":21,"route":"A073","alias":"","manager":"北区"}},{"type":"Feature","geometry":{"type":"LineString","coordinates":[[139.720884,35.779062],[139.72101,35.778806],[139.72118,35.778877],[139.721242,35.779033]]},"properties":{"ward":"北区","species":["クスノキ","ケヤキ"],"count":3,"route":"B001","alias":"","manager":"北区"}},{"type":"Feature","geometry":{"type":"LineString","coordinates":[[139.717962,35.770833],[139.718293,35.771169],[139.718516,35.771085]]},"properties":{"ward":"北区","species":["クスノキ","ケヤキ"],"count":4,"route":"A072","alias":"","manager":"北区"}},{"type":"Feature","geometry":{"type":"LineString","coordinates":[[139.730195,35.76826],[139.730238,35.768162]]},"properties":{"ward":"北区","species":["クスノキ","ツバキほか"],"count":10,"route":"B020","alias":"","manager":"北区"}},{"type":"Feature","geometry":{"type":"LineString","coordinates":[[139.70207,35.790686],[139.703167,35.79006]]},"properties":{"ward":"北区","species":["ケヤキ"],"count":36,"route":"A058","alias":"","manager":"北区"}},{"type":"Feature","geometry":{"type":"LineString","coordinates":[[139.705445,35.78211],[139.705867,35.782572]]},"properties":{"ward":"北区","species":["ケヤキ"],"count":47,"route":"A056","alias":"","manager":"北区"}},{"type":"Feature","geometry":{"type":"LineString","coordinates":[[139.705637,35.781913],[139.704742,35.782566],[139.70531,35.782824],[139.705877,35.782604],[139.706676,35.782506],[139.706816,35.782614],[139.706352,35.783005]]},"properties":{"ward":"北区","species":["ケヤキ"],"count":47,"route":"A056","alias":"","manager":"北区"}},{"type":"Feature","geometry":{"type":"LineString","coordinates":[[139.728828,35.750941],[139.728837,35.75073],[139.729244,35.750751]]},"properties":{"ward":"北区","species":["ケヤキ","オトメツバキほか"],"count":20,"route":"B004","alias":"","manager":"北区"}},{"type":"Feature","geometry":{"type":"LineString","coordinates":[[139.746969,35.746272],[139.747256,35.746274]]},"properties":{"ward":"北区","species":["ケヤキ","コブシほか"],"count":10,"route":"B006","alias":"","manager":"北区"}},{"type":"Feature","geometry":{"type":"LineString","coordinates":[[139.718066,35.781343],[139.719774,35.778627],[139.719291,35.778364]]},"properties":{"ward":"北区","species":["ケヤキ","ハナミズキ"],"count":35,"route":"A063","alias":"","manager":"北区"}},{"type":"Feature","geometry":{"type":"LineString","coordinates":[[139.700856,35.791729],[139.701378,35.79166],[139.702344,35.791302],[139.704821,35.789849]]},"properties":{"ward":"北区","species":["ケヤキ","モミジバフウ"],"count":166,"route":"A052","alias":"","manager":"北区"}},{"type":"Feature","geometry":{"type":"LineString","coordinates":[[139.693685,35.792166],[139.694866,35.792038]]},"properties":{"ward":"北区","species":["ケヤキ","モミジバフウ"],"count":166,"route":"A052","alias":"","manager":"北区"}},{"type":"Feature","geometry":{"type":"LineString","coordinates":[[139.725993,35.774162],[139.726116,35.774909],[139.726074,35.775193]]},"properties":{"ward":"北区","species":["ケヤキ","モミジバフウほか"],"count":28,"route":"A029","alias":"","manager":"北区"}},{"type":"Feature","geometry":{"type":"LineString","coordinates":[[139.725611,35.771526],[139.725716,35.772234]]},"properties":{"ward":"北区","species":["ケヤキ","モミジバフウほか"],"count":28,"route":"A029","alias":"","manager":"北区"}},{"type":"Feature","geometry":{"type":"LineString","coordinates":[[139.726405,35.758271],[139.726626,35.758202]]},"properties":{"ward":"北区","species":["コナラ","アカシデほか"],"count":9,"route":"B015","alias":"","manager":"北区"}},{"type":"Feature","geometry":{"type":"LineString","coordinates":[[139.76198,35.736588],[139.762525,35.73615]]},"properties":{"ward":"北区","species":["コナラ","ヤマザクラほか"],"count":21,"route":"B016","alias":"","manager":"北区"}},{"type":"Feature","geometry":{"type":"LineString","coordinates":[[139.723205,35.769216],[139.721992,35.768915],[139.721998,35.768009]]},"properties":{"ward":"北区","species":["コブシ","ハナミズキ"],"count":27,"route":"A100","alias":"","manager":"北区"}},{"type":"Feature","geometry":{"type":"LineString","coordinates":[[139.722469,35.783186],[139.722499,35.779293],[139.72313,35.776108]]},"properties":{"ward":"北区","species":["コブシ","プラタナス"],"count":114,"route":"A001","alias":"","manager":"北区"}},{"type":"Feature","geometry":{"type":"LineString","coordinates":[[139.728071,35.751255],[139.727891,35.750646]]},"properties":{"ward":"北区","species":["サクラ"],"count":9,"route":"A031","alias":"","manager":"北区"}},{"type":"Feature","geometry":{"type":"LineString","coordinates":[[139.73201,35.766022],[139.732275,35.765985]]},"properties":{"ward":"北区","species":["サクラ"],"count":11,"route":"A032","alias":"","manager":"北区"}},{"type":"Feature","geometry":{"type":"LineString","coordinates":[[139.722029,35.754044],[139.722009,35.755345],[139.722072,35.755532]]},"properties":{"ward":"北区","species":["サクラ"],"count":14,"route":"A053","alias":"","manager":"北区"}},{"type":"Feature","geometry":{"type":"LineString","coordinates":[[139.760644,35.737241],[139.761527,35.736647]]},"properties":{"ward":"北区","species":["サクラ"],"count":16,"route":"A024","alias":"","manager":"北区"}},{"type":"Feature","geometry":{"type":"LineString","coordinates":[[139.722387,35.744489],[139.72098,35.743313],[139.720086,35.74285]]},"properties":{"ward":"北区","species":["サクラ"],"count":40,"route":"A035","alias":"","manager":"北区"}},{"type":"Feature","geometry":{"type":"LineString","coordinates":[[139.724024,35.743122],[139.723111,35.742377],[139.722106,35.74189],[139.721801,35.741529]]},"properties":{"ward":"北区","species":["サクラ"],"count":40,"route":"A036","alias":"","manager":"北区"}},{"type":"Feature","geometry":{"type":"LineString","coordinates":[[139.754382,35.743907],[139.756165,35.743618],[139.756819,35.743371],[139.75982,35.741408],[139.760412,35.740826]]},"properties":{"ward":"北区","species":["サクラ"],"count":69,"route":"A055","alias":"","manager":"北区"}},{"type":"Feature","geometry":{"type":"LineString","coordinates":[[139.72724,35.76247],[139.727424,35.76258]]},"properties":{"ward":"北区","species":["サクラ","カヤほか"],"count":3,"route":"B026","alias":"","manager":"北区"}},{"type":"Feature","geometry":{"type":"LineString","coordinates":[[139.706442,35.769602],[139.707729,35.766351]]},"properties":{"ward":"北区","species":["サクラ","ジンダイアケボノ"],"count":69,"route":"A044","alias":"","manager":"北区"}},{"type":"Feature","geometry":{"type":"LineString","coordinates":[[139.69668,35.787264],[139.696727,35.783078]]},"properties":{"ward":"北区","species":["サクラ","ジンダイアケボノほか"],"count":93,"route":"A027","alias":"","manager":"北区"}},{"type":"Feature","geometry":{"type":"LineString","coordinates":[[139.725611,35.778171],[139.725524,35.778035]]},"properties":{"ward":"北区","species":["サクラ","ハナミズキ"],"count":4,"route":"A013","alias":"","manager":"北区"}},{"type":"Feature","geometry":{"type":"LineString","coordinates":[[139.719325,35.76255],[139.718589,35.762429],[139.718679,35.761602],[139.718496,35.761109]]},"properties":{"ward":"北区","species":["サクラ","ハナミズキ"],"count":10,"route":"A040","alias":"","manager":"北区"}},{"type":"Feature","geometry":{"type":"LineString","coordinates":[[139.721278,35.746202],[139.720601,35.745578],[139.720358,35.745018],[139.720334,35.74462],[139.720608,35.743867],[139.720971,35.743469],[139.723393,35.741519],[139.72446,35.740794]]},"properties":{"ward":"北区","species":["サクラ","プラタナスほか"],"count":87,"route":"A020","alias":"","manager":"北区"}},{"type":"Feature","geometry":{"type":"LineString","coordinates":[[139.720293,35.745315],[139.7201,35.745438],[139.720267,35.74563],[139.720445,35.74556]]},"properties":{"ward":"北区","species":["サクラ","プラタナスほか"],"count":87,"route":"A020","alias":"","manager":"北区"}},{"type":"Feature","geometry":{"type":"LineString","coordinates":[[139.71011,35.770567],[139.712677,35.764224]]},"properties":{"ward":"北区","species":["サクラ","桜（ジンダイアケボノ）ほか"],"count":51,"route":"A059","alias":"","manager":"北区"}},{"type":"Feature","geometry":{"type":"LineString","coordinates":[[139.74076,35.75066],[139.74169,35.749975],[139.742018,35.74984],[139.742103,35.749645],[139.744203,35.748467],[139.746006,35.74783],[139.74776,35.746899]]},"properties":{"ward":"北区","species":["サザンカ","タイワンフウほか"],"count":115,"route":"A021","alias":"","manager":"北区"}},{"type":"Feature","geometry":{"type":"LineString","coordinates":[[139.721249,35.764695],[139.721307,35.764416]]},"properties":{"ward":"北区","species":["サルスベリ"],"count":2,"route":"B025","alias":"","manager":"北区"}},{"type":"Feature","geometry":{"type":"LineString","coordinates":[[139.737878,35.754516],[139.738777,35.754555]]},"properties":{"ward":"北区","species":["サルスベリ"],"count":11,"route":"A087","alias":"","manager":"北区"}},{"type":"Feature","geometry":{"type":"LineString","coordinates":[[139.713793,35.78679],[139.714296,35.787072],[139.715302,35.787419],[139.715748,35.787527],[139.716646,35.787564]]},"properties":{"ward":"北区","species":["サルスベリ"],"count":31,"route":"A082","alias":"","manager":"北区"}},{"type":"Feature","geometry":{"type":"LineString","coordinates":[[139.745522,35.744211],[139.745983,35.74563],[139.746165,35.745876],[139.746635,35.746156],[139.747207,35.746261]]},"properties":{"ward":"北区","species":["サルスベリ"],"count":45,"route":"A081","alias":"","manager":"北区"}},{"type":"Feature","geometry":{"type":"LineString","coordinates":[[139.726718,35.782276],[139.726378,35.779581],[139.726175,35.77659]]},"properties":{"ward":"北区","species":["サルスベリ"],"count":73,"route":"A116","alias":"","manager":"北区"}},{"type":"Feature","geometry":{"type":"LineString","coordinates":[[139.730259,35.752882],[139.730387,35.752062],[139.730701,35.751049],[139.730697,35.75017],[139.7308,35.749614],[139.731552,35.747043]]},"properties":{"ward":"北区","species":["サルスベリ","イロハモミジほか"],"count":95,"route":"A047","alias":"","manager":"北区"}},{"type":"Feature","geometry":{"type":"LineString","coordinates":[[139.726747,35.7583],[139.726761,35.758077],[139.728332,35.758076]]},"properties":{"ward":"北区","species":["サルスベリ","プラタナスほか"],"count":11,"route":"A066","alias":"","manager":"北区"}},{"type":"Feature","geometry":{"type":"LineString","coordinates":[[139.737262,35.768201],[139.737406,35.768637]]},"properties":{"ward":"北区","species":["シナノキ"],"count":6,"route":"A105","alias":"","manager":"北区"}},{"type":"Feature","geometry":{"type":"LineString","coordinates":[[139.753317,35.736353],[139.754733,35.737283],[139.755438,35.737925]]},"properties":{"ward":"北区","species":["シマサルスベリ"],"count":25,"route":"A065","alias":"","manager":"北区"}},{"type":"Feature","geometry":{"type":"LineString","coordinates":[[139.760665,35.738429],[139.761818,35.739182]]},"properties":{"ward":"北区","species":["シラカシ"],"count":2,"route":"A088","alias":"","manager":"北区"}},{"type":"Feature","geometry":{"type":"LineString","coordinates":[[139.719583,35.78039],[139.718713,35.782069]]},"properties":{"ward":"北区","species":["シラカシ"],"count":6,"route":"A117","alias":"","manager":"北区"}},{"type":"Feature","geometry":{"type":"LineString","coordinates":[[139.719194,35.782385],[139.719984,35.779879],[139.720436,35.779239]]},"properties":{"ward":"北区","species":["シラカシ"],"count":63,"route":"A111","alias":"","manager":"北区"}},{"type":"Feature","geometry":{"type":"LineString","coordinates":[[139.747946,35.766603],[139.747923,35.764917]]},"properties":{"ward":"北区","species":["シラカシ","ケヤキほか"],"count":18,"route":"A120","alias":"","manager":"北区"}},{"type":"Feature","geometry":{"type":"LineString","coordinates":[[139.709798,35.785366],[139.711092,35.78505]]},"properties":{"ward":"北区","species":["シラカシ","サクラ"],"count":4,"route":"A075","alias":"","manager":"北区"}},{"type":"Feature","geometry":{"type":"LineString","coordinates":[[139.763607,35.733852],[139.763586,35.733807]]},"properties":{"ward":"北区","species":["スダジイ","ケヤキ"],"count":2,"route":"B031","alias":"","manager":"北区"}},{"type":"Feature","geometry":{"type":"LineString","coordinates":[[139.719007,35.769673],[139.719081,35.769731]]},"properties":{"ward":"北区","species":["ソメイヨシノ"],"count":1,"route":"B012","alias":"","manager":"北区"}},{"type":"Feature","geometry":{"type":"LineString","coordinates":[[139.713152,35.764842],[139.71373,35.76528]]},"properties":{"ward":"北区","species":["ソメイヨシノ","エノキ"],"count":15,"route":"A028","alias":"","manager":"北区"}},{"type":"Feature","geometry":{"type":"LineString","coordinates":[[139.714838,35.774832],[139.714225,35.774315],[139.713727,35.77472],[139.713234,35.77485]]},"properties":{"ward":"北区","species":["ソメイヨシノ","エンジュほか"],"count":37,"route":"A125","alias":"","manager":"北区"}},{"type":"Feature","geometry":{"type":"LineString","coordinates":[[139.701684,35.790146],[139.702625,35.791831],[139.701689,35.792377]]},"properties":{"ward":"北区","species":["ソメイヨシノ","ケヤキほか"],"count":46,"route":"A057","alias":"","manager":"北区"}},{"type":"Feature","geometry":{"type":"LineString","coordinates":[[139.707211,35.785162],[139.7078,35.784745],[139.708605,35.784438],[139.70968,35.783452],[139.713045,35.781767],[139.713379,35.781524]]},"properties":{"ward":"北区","species":["ソメイヨシノ","サルスベリ"],"count":121,"route":"A007","alias":"","manager":"北区"}},{"type":"Feature","geometry":{"type":"LineString","coordinates":[[139.713534,35.76737],[139.713458,35.767728],[139.713505,35.767851],[139.713092,35.76887]]},"properties":{"ward":"北区","species":["ソメイヨシノ","ジンダイアケボノ"],"count":79,"route":"A011","alias":"","manager":"北区"}},{"type":"Feature","geometry":{"type":"LineString","coordinates":[[139.713092,35.76887],[139.71275,35.769712]]},"properties":{"ward":"北区","species":["ソメイヨシノ","ジンダイアケボノ"],"count":79,"route":"A011","alias":"","manager":"北区"}},{"type":"Feature","geometry":{"type":"LineString","coordinates":[[139.71275,35.769712],[139.712249,35.770988]]},"properties":{"ward":"北区","species":["ソメイヨシノ","ジンダイアケボノ"],"count":79,"route":"A011","alias":"","manager":"北区"}},{"type":"Feature","geometry":{"type":"LineString","coordinates":[[139.712064,35.769525],[139.712228,35.76957]]},"properties":{"ward":"北区","species":["ソメイヨシノ","ジンダイアケボノ"],"count":79,"route":"A011","alias":"","manager":"北区"}},{"type":"Feature","geometry":{"type":"LineString","coordinates":[[139.712228,35.76957],[139.71275,35.769712]]},"properties":{"ward":"北区","species":["ソメイヨシノ","ジンダイアケボノ"],"count":79,"route":"A011","alias":"","manager":"北区"}},{"type":"Feature","geometry":{"type":"LineString","coordinates":[[139.71275,35.769712],[139.713302,35.769862]]},"properties":{"ward":"北区","species":["ソメイヨシノ","ジンダイアケボノ"],"count":79,"route":"A011","alias":"","manager":"北区"}},{"type":"Feature","geometry":{"type":"LineString","coordinates":[[139.713302,35.769862],[139.713822,35.770004]]},"properties":{"ward":"北区","species":["ソメイヨシノ","ジンダイアケボノ"],"count":79,"route":"A011","alias":"","manager":"北区"}},{"type":"Feature","geometry":{"type":"LineString","coordinates":[[139.712541,35.770339],[139.713619,35.770617],[139.714181,35.769164],[139.713092,35.76887]]},"properties":{"ward":"北区","species":["ソメイヨシノ","ジンダイアケボノ"],"count":79,"route":"A011","alias":"","manager":"北区"}},{"type":"Feature","geometry":{"type":"LineString","coordinates":[[139.713092,35.76887],[139.712564,35.768727],[139.712228,35.76957]]},"properties":{"ward":"北区","species":["ソメイヨシノ","ジンダイアケボノ"],"count":79,"route":"A011","alias":"","manager":"北区"}},{"type":"Feature","geometry":{"type":"LineString","coordinates":[[139.712228,35.76957],[139.712007,35.770124]]},"properties":{"ward":"北区","species":["ソメイヨシノ","ジンダイアケボノ"],"count":79,"route":"A011","alias":"","manager":"北区"}},{"type":"Feature","geometry":{"type":"LineString","coordinates":[[139.713091,35.770406],[139.713302,35.769862]]},"properties":{"ward":"北区","species":["ソメイヨシノ","ジンダイアケボノ"],"count":79,"route":"A011","alias":"","manager":"北区"}},{"type":"Feature","geometry":{"type":"LineString","coordinates":[[139.713302,35.769862],[139.713614,35.769058]]},"properties":{"ward":"北区","species":["ソメイヨシノ","ジンダイアケボノ"],"count":79,"route":"A011","alias":"","manager":"北区"}},{"type":"Feature","geometry":{"type":"LineString","coordinates":[[139.697082,35.794856],[139.697135,35.794258],[139.697771,35.791918],[139.697784,35.791237],[139.697645,35.790664]]},"properties":{"ward":"北区","species":["ソメイヨシノ","ジンダイアケボノ"],"count":79,"route":"A026","alias":"","manager":"北区"}},{"type":"Feature","geometry":{"type":"LineString","coordinates":[[139.702798,35.789424],[139.703519,35.790512]]},"properties":{"ward":"北区","species":["ソメイヨシノ","ジンダイアケボノほか"],"count":26,"route":"A050","alias":"","manager":"北区"}},{"type":"Feature","geometry":{"type":"LineString","coordinates":[[139.707837,35.766265],[139.709812,35.767124],[139.71124,35.767552]]},"properties":{"ward":"北区","species":["ソメイヨシノ","ジンダイアケボノほか"],"count":42,"route":"A012","alias":"","manager":"北区"}},{"type":"Feature","geometry":{"type":"LineString","coordinates":[[139.735243,35.752253],[139.735525,35.752339],[139.736068,35.752765],[139.736473,35.753266]]},"properties":{"ward":"北区","species":["ソメイヨシノ","モッコクほか"],"count":24,"route":"A051","alias":"","manager":"北区"}},{"type":"Feature","geometry":{"type":"LineString","coordinates":[[139.708519,35.773793],[139.70998,35.77476],[139.710503,35.774718]]},"properties":{"ward":"北区","species":["ソメイヨシノ","ヤマザクラほか"],"count":18,"route":"A054","alias":"","manager":"北区"}},{"type":"Feature","geometry":{"type":"LineString","coordinates":[[139.732985,35.760655],[139.734832,35.760569],[139.737253,35.761389]]},"properties":{"ward":"北区","species":["タイワンフウ","モミジバフウ"],"count":68,"route":"A015","alias":"","manager":"北区"}},{"type":"Feature","geometry":{"type":"LineString","coordinates":[[139.73596,35.760878],[139.737178,35.759489]]},"properties":{"ward":"北区","species":["タイワンフウ","モミジバフウ"],"count":68,"route":"A015","alias":"","manager":"北区"}},{"type":"Feature","geometry":{"type":"LineString","coordinates":[[139.722006,35.753903],[139.725795,35.752271],[139.726643,35.752183],[139.727249,35.752318]]},"properties":{"ward":"北区","species":["タブノキ","ケヤキほか"],"count":86,"route":"A068","alias":"","manager":"北区"}},{"type":"Feature","geometry":{"type":"LineString","coordinates":[[139.733309,35.761366],[139.733601,35.761665]]},"properties":{"ward":"北区","species":["タブノキ","サクラほか"],"count":45,"route":"A067","alias":"","manager":"北区"}},{"type":"Feature","geometry":{"type":"LineString","coordinates":[[139.733097,35.761431],[139.736294,35.76313]]},"properties":{"ward":"北区","species":["タブノキ","サクラほか"],"count":45,"route":"A067","alias":"","manager":"北区"}},{"type":"Feature","geometry":{"type":"LineString","coordinates":[[139.744821,35.753554],[139.745468,35.753955],[139.745936,35.754058],[139.749408,35.754006],[139.753673,35.753533]]},"properties":{"ward":"北区","species":["トウカエデ"],"count":163,"route":"A018","alias":"","manager":"北区"}},{"type":"Feature","geometry":{"type":"LineString","coordinates":[[139.719771,35.786376],[139.719745,35.786853],[139.721067,35.786763]]},"properties":{"ward":"北区","species":["トチノキ","メタセコイアほか"],"count":14,"route":"A101","alias":"","manager":"北区"}},{"type":"Feature","geometry":{"type":"LineString","coordinates":[[139.761686,35.741921],[139.761693,35.741797]]},"properties":{"ward":"北区","species":["ナンキンハゼ"],"count":1,"route":"B009","alias":"","manager":"北区"}},{"type":"Feature","geometry":{"type":"LineString","coordinates":[[139.71346,35.781445],[139.713824,35.780757],[139.714204,35.780378],[139.715758,35.779426],[139.716913,35.778388],[139.717514,35.778015],[139.718413,35.777681]]},"properties":{"ward":"北区","species":["ノムラモミジ","シラカシほか"],"count":345,"route":"A090","alias":"","manager":"北区"}},{"type":"Feature","geometry":{"type":"LineString","coordinates":[[139.694593,35.787158],[139.69457,35.787009]]},"properties":{"ward":"北区","species":["ハナミズキ"],"count":2,"route":"A109","alias":"","manager":"北区"}},{"type":"Feature","geometry":{"type":"LineString","coordinates":[[139.727493,35.745215],[139.72832,35.745116],[139.729111,35.745163]]},"properties":{"ward":"北区","species":["ハナミズキ"],"count":7,"route":"A115","alias":"","manager":"北区"}},{"type":"Feature","geometry":{"type":"LineString","coordinates":[[139.72725,35.751802],[139.727868,35.752149],[139.728176,35.752026]]},"properties":{"ward":"北区","species":["ハナミズキ"],"count":13,"route":"A062","alias":"","manager":"北区"}},{"type":"Feature","geometry":{"type":"LineString","coordinates":[[139.718158,35.776996],[139.718415,35.777505],[139.719291,35.778364]]},"properties":{"ward":"北区","species":["ハナミズキ"],"count":19,"route":"A106","alias":"","manager":"北区"}},{"type":"Feature","geometry":{"type":"LineString","coordinates":[[139.697532,35.790273],[139.696723,35.787459]]},"properties":{"ward":"北区","species":["ハナミズキ"],"count":28,"route":"A103","alias":"","manager":"北区"}},{"type":"Feature","geometry":{"type":"LineString","coordinates":[[139.706914,35.786373],[139.709158,35.786782],[139.709286,35.786336]]},"properties":{"ward":"北区","species":["ハナミズキ"],"count":37,"route":"A110","alias":"","manager":"北区"}},{"type":"Feature","geometry":{"type":"LineString","coordinates":[[139.707774,35.784898],[139.708522,35.785031]]},"properties":{"ward":"北区","species":["ハナミズキ"],"count":37,"route":"A110","alias":"","manager":"北区"}},{"type":"Feature","geometry":{"type":"LineString","coordinates":[[139.730034,35.763393],[139.731087,35.76192],[139.731665,35.760737]]},"properties":{"ward":"北区","species":["ハナミズキ"],"count":40,"route":"A092","alias":"","manager":"北区"}},{"type":"Feature","geometry":{"type":"LineString","coordinates":[[139.750365,35.745482],[139.753285,35.744091],[139.754382,35.743907]]},"properties":{"ward":"北区","species":["ハナミズキ","アメリカハナミズキ"],"count":30,"route":"A093","alias":"","manager":"北区"}},{"type":"Feature","geometry":{"type":"LineString","coordinates":[[139.762785,35.738694],[139.763631,35.738782],[139.764364,35.738725]]},"properties":{"ward":"北区","species":["ハナミズキ","アメリカハナミズキほか"],"count":21,"route":"A095","alias":"","manager":"北区"}},{"type":"Feature","geometry":{"type":"LineString","coordinates":[[139.727441,35.751628],[139.729443,35.750818],[139.730215,35.750833]]},"properties":{"ward":"北区","species":["ハナミズキ","ケヤキほか"],"count":40,"route":"A069","alias":"","manager":"北区"}},{"type":"Feature","geometry":{"type":"LineString","coordinates":[[139.734706,35.750436],[139.734621,35.749879],[139.734717,35.749305]]},"properties":{"ward":"北区","species":["ハナミズキ","サクラほか"],"count":12,"route":"A112","alias":"","manager":"北区"}},{"type":"Feature","geometry":{"type":"LineString","coordinates":[[139.701067,35.786518],[139.703221,35.788082]]},"properties":{"ward":"北区","species":["ハナミズキ","ソメイヨシノ"],"count":24,"route":"A039","alias":"","manager":"北区"}},{"type":"Feature","geometry":{"type":"LineString","coordinates":[[139.721982,35.771201],[139.721832,35.774937]]},"properties":{"ward":"北区","species":["ハナミズキ","トウネズミモチほか"],"count":30,"route":"A119","alias":"","manager":"北区"}},{"type":"Feature","geometry":{"type":"LineString","coordinates":[[139.717289,35.780266],[139.717628,35.78062],[139.717835,35.781378]]},"properties":{"ward":"北区","species":["ハナミズキ","ヒメシャラ"],"count":16,"route":"A080","alias":"","manager":"北区"}},{"type":"Feature","geometry":{"type":"LineString","coordinates":[[139.724559,35.773346],[139.732972,35.77412]]},"properties":{"ward":"北区","species":["ハナミズキ","プラタナス"],"count":132,"route":"A005","alias":"","manager":"北区"}},{"type":"Feature","geometry":{"type":"LineString","coordinates":[[139.737943,35.759129],[139.742229,35.758974],[139.743428,35.75886],[139.743665,35.758789],[139.744043,35.758494],[139.744622,35.757737]]},"properties":{"ward":"北区","species":["ハナミズキ","プラタナスほか"],"count":92,"route":"A017","alias":"","manager":"北区"}},{"type":"Feature","geometry":{"type":"LineString","coordinates":[[139.735312,35.747089],[139.735518,35.74697],[139.736339,35.746052],[139.737464,35.745028],[139.738479,35.744449],[139.739071,35.743976],[139.741111,35.742945],[139.741635,35.742545],[139.74251,35.742144],[139.742919,35.741821],[139.743801,35.741475],[139.745167,35.740636],[139.746162,35.740222]]},"properties":{"ward":"北区","species":["ハナミズキ","ヤマボウシほか"],"count":115,"route":"A091","alias":"","manager":"北区"}},{"type":"Feature","geometry":{"type":"LineString","coordinates":[[139.691137,35.791201],[139.69282,35.790906],[139.69956,35.790167],[139.70054,35.789944],[139.701452,35.78966],[139.702916,35.788947],[139.704474,35.787765]]},"properties":{"ward":"北区","species":["ハナミズキ","ヤマモモほか"],"count":191,"route":"A070","alias":"","manager":"北区"}},{"type":"Feature","geometry":{"type":"LineString","coordinates":[[139.722007,35.766069],[139.722166,35.766099]]},"properties":{"ward":"北区","species":["ヒメシャラ"],"count":2,"route":"B025-1","alias":"","manager":"北区"}},{"type":"Feature","geometry":{"type":"LineString","coordinates":[[139.733151,35.759247],[139.733648,35.758516]]},"properties":{"ward":"北区","species":["ヒメシャラ","ハナミズキほか"],"count":6,"route":"A104","alias":"","manager":"北区"}},{"type":"Feature","geometry":{"type":"LineString","coordinates":[[139.721516,35.760769],[139.721954,35.760705],[139.721945,35.76059],[139.721768,35.760591],[139.721506,35.760736]]},"properties":{"ward":"北区","species":["ヒメシャラ","ヤマボウシ"],"count":3,"route":"A102","alias":"","manager":"北区"}},{"type":"Feature","geometry":{"type":"LineString","coordinates":[[139.737394,35.755231],[139.738586,35.755128]]},"properties":{"ward":"北区","species":["フウ","ハナミズキほか"],"count":112,"route":"A061","alias":"","manager":"北区"}},{"type":"Feature","geometry":{"type":"LineString","coordinates":[[139.738586,35.755128],[139.739259,35.755269]]},"properties":{"ward":"北区","species":["フウ","ハナミズキほか"],"count":112,"route":"A061","alias":"","manager":"北区"}},{"type":"Feature","geometry":{"type":"LineString","coordinates":[[139.738609,35.757883],[139.73863,35.756091]]},"properties":{"ward":"北区","species":["フウ","ハナミズキほか"],"count":112,"route":"A061","alias":"","manager":"北区"}},{"type":"Feature","geometry":{"type":"LineString","coordinates":[[139.73863,35.756091],[139.738586,35.755128]]},"properties":{"ward":"北区","species":["フウ","ハナミズキほか"],"count":112,"route":"A061","alias":"","manager":"北区"}},{"type":"Feature","geometry":{"type":"LineString","coordinates":[[139.738586,35.755128],[139.738561,35.754673]]},"properties":{"ward":"北区","species":["フウ","ハナミズキほか"],"count":112,"route":"A061","alias":"","manager":"北区"}},{"type":"Feature","geometry":{"type":"LineString","coordinates":[[139.73756,35.756108],[139.73863,35.756091]]},"properties":{"ward":"北区","species":["フウ","ハナミズキほか"],"count":112,"route":"A061","alias":"","manager":"北区"}},{"type":"Feature","geometry":{"type":"LineString","coordinates":[[139.73863,35.756091],[139.740903,35.756128]]},"properties":{"ward":"北区","species":["フウ","ハナミズキほか"],"count":112,"route":"A061","alias":"","manager":"北区"}},{"type":"Feature","geometry":{"type":"LineString","coordinates":[[139.739279,35.756003],[139.739266,35.75531],[139.739473,35.754909]]},"properties":{"ward":"北区","species":["フウ","ハナミズキほか"],"count":112,"route":"A061","alias":"","manager":"北区"}},{"type":"Feature","geometry":{"type":"LineString","coordinates":[[139.720942,35.777046],[139.720176,35.776958],[139.719841,35.776815],[139.719271,35.776904],[139.718693,35.776834],[139.718158,35.776996]]},"properties":{"ward":"北区","species":["フウ","モミジバフウほか"],"count":34,"route":"A071","alias":"","manager":"北区"}},{"type":"Feature","geometry":{"type":"LineString","coordinates":[[139.732954,35.74557],[139.73289,35.745346]]},"properties":{"ward":"北区","species":["プラタナス"],"count":1,"route":"A041","alias":"","manager":"北区"}},{"type":"Feature","geometry":{"type":"LineString","coordinates":[[139.723384,35.776068],[139.72605,35.776504]]},"properties":{"ward":"北区","species":["プラタナス","ハナミズキ"],"count":21,"route":"A003","alias":"","manager":"北区"}},{"type":"Feature","geometry":{"type":"LineString","coordinates":[[139.763333,35.737707],[139.76461,35.736439]]},"properties":{"ward":"北区","species":["プラタナス","ハナミズキ"],"count":21,"route":"A030","alias":"","manager":"北区"}},{"type":"Feature","geometry":{"type":"LineString","coordinates":[[139.7497,35.738409],[139.750971,35.739756]]},"properties":{"ward":"北区","species":["プラタナス","ヤマボウシほか"],"count":21,"route":"A034","alias":"","manager":"北区"}},{"type":"Feature","geometry":{"type":"LineString","coordinates":[[139.748227,35.746687],[139.749152,35.746273],[139.750037,35.745711]]},"properties":{"ward":"北区","species":["マテバシイ","サクラほか"],"count":38,"route":"B007","alias":"","manager":"北区"}},{"type":"Feature","geometry":{"type":"LineString","coordinates":[[139.727252,35.765021],[139.727688,35.764758],[139.728627,35.763468]]},"properties":{"ward":"北区","species":["モッコク","アメリカハナミズキほか"],"count":21,"route":"A079","alias":"","manager":"北区"}},{"type":"Feature","geometry":{"type":"LineString","coordinates":[[139.706154,35.781301],[139.706556,35.781754],[139.708657,35.783675]]},"properties":{"ward":"北区","species":["モミジバフウ"],"count":47,"route":"A033","alias":"","manager":"北区"}},{"type":"Feature","geometry":{"type":"LineString","coordinates":[[139.729862,35.773761],[139.730197,35.77165],[139.730072,35.768531]]},"properties":{"ward":"北区","species":["モミジバフウ"],"count":70,"route":"A037","alias":"","manager":"北区"}},{"type":"Feature","geometry":{"type":"LineString","coordinates":[[139.73444,35.778749],[139.735036,35.77826],[139.735123,35.778011],[139.735627,35.777976]]},"properties":{"ward":"北区","species":["モミジバフウ","フウ"],"count":14,"route":"A006","alias":"","manager":"北区"}},{"type":"Feature","geometry":{"type":"LineString","coordinates":[[139.728175,35.762743],[139.728204,35.762713]]},"properties":{"ward":"北区","species":["ヤマモモ"],"count":1,"route":"B021","alias":"","manager":"北区"}},{"type":"Feature","geometry":{"type":"LineString","coordinates":[[139.727747,35.744545],[139.727087,35.745223],[139.721813,35.748565]]},"properties":{"ward":"北区","species":["サクラ類"],"count":null,"route":"国道17号線","alias":"","manager":"国"}},{"type":"Feature","geometry":{"type":"LineString","coordinates":[[139.738099,35.753414],[139.737131,35.754679],[139.737325,35.756109],[139.737503,35.759139]]},"properties":{"ward":"北区","species":["ヤマモモ"],"count":null,"route":"国道122号線","alias":"","manager":"国"}},{"type":"Feature","geometry":{"type":"LineString","coordinates":[[139.737503,35.759139],[139.737615,35.760635],[139.737452,35.761462],[139.736061,35.764027],[139.735593,35.765721],[139.733269,35.772422],[139.733109,35.773075],[139.733294,35.776341],[139.733239,35.77682],[139.733083,35.777219],[139.731587,35.779307],[139.729642,35.781046],[139.728521,35.781922],[139.727856,35.782223],[139.726756,35.782458]]},"properties":{"ward":"北区","species":["イチョウ"],"count":null,"route":"国道122号線","alias":"","manager":"国"}},{"type":"Feature","geometry":{"type":"LineString","coordinates":[[139.726756,35.782458],[139.722478,35.783386]]},"properties":{"ward":"北区","species":["プラタナス類"],"count":null,"route":"国道122号線","alias":"","manager":"国"}},{"type":"Feature","geometry":{"type":"LineString","coordinates":[[139.722478,35.783386],[139.720617,35.783766],[139.721115,35.784569],[139.721812,35.785964],[139.721989,35.786219],[139.72257,35.786627]]},"properties":{"ward":"北区","species":["イチョウ"],"count":null,"route":"国道122号線","alias":"","manager":"国"}},{"type":"Feature","geometry":{"type":"LineString","coordinates":[[139.78488,35.73487],[139.784776,35.735301],[139.784972,35.73584],[139.784967,35.736147],[139.784601,35.736681],[139.784431,35.737086]]},"properties":{"ward":"荒川区","species":["イチョウ"],"count":36,"route":"ゆいの森通り（サンパール荒川前）","alias":"","manager":"荒川区"}},{"type":"Feature","geometry":{"type":"LineString","coordinates":[[139.797272,35.737536],[139.798354,35.737394],[139.800043,35.737525],[139.800857,35.7377],[139.801382,35.737901],[139.802414,35.738011],[139.80416,35.738487]]},"properties":{"ward":"荒川区","species":["イチョウ","サクラ"],"count":75,"route":"砂尾堤通り","alias":"","manager":"荒川区"}},{"type":"Feature","geometry":{"type":"LineString","coordinates":[[139.772189,35.729697],[139.772597,35.730761]]},"properties":{"ward":"荒川区","species":["カキ","サクラ"],"count":15,"route":"西日暮里二丁目街路","alias":"","manager":"荒川区"}},{"type":"Feature","geometry":{"type":"LineString","coordinates":[[139.811906,35.738536],[139.811775,35.739381],[139.809546,35.739209]]},"properties":{"ward":"荒川区","species":["カツラ"],"count":59,"route":"かつら通り","alias":"","manager":"荒川区"}},{"type":"Feature","geometry":{"type":"LineString","coordinates":[[139.805946,35.734111],[139.806546,35.734211],[139.807377,35.734195],[139.810173,35.733812]]},"properties":{"ward":"荒川区","species":["クスノキ"],"count":55,"route":"くすのき通り","alias":"","manager":"荒川区"}},{"type":"Feature","geometry":{"type":"LineString","coordinates":[[139.781097,35.728543],[139.781112,35.729305]]},"properties":{"ward":"荒川区","species":["クロガネモチ"],"count":8,"route":"御行の松通り（北）","alias":"","manager":"荒川区"}},{"type":"Feature","geometry":{"type":"LineString","coordinates":[[139.791415,35.737379],[139.792048,35.73857]]},"properties":{"ward":"荒川区","species":["クロガネモチ"],"count":11,"route":"若宮八幡通り","alias":"","manager":"荒川区"}},{"type":"Feature","geometry":{"type":"LineString","coordinates":[[139.806746,35.735872],[139.806887,35.73422]]},"properties":{"ward":"荒川区","species":["クロガネモチ"],"count":33,"route":"くろがねもち通り","alias":"","manager":"荒川区"}},{"type":"Feature","geometry":{"type":"LineString","coordinates":[[139.774765,35.744066],[139.775049,35.743949]]},"properties":{"ward":"荒川区","species":["ケヤキ"],"count":1,"route":"満光寺前通り","alias":"","manager":"荒川区"}},{"type":"Feature","geometry":{"type":"LineString","coordinates":[[139.804934,35.736792],[139.806251,35.736997],[139.808769,35.737186],[139.811009,35.737008],[139.811836,35.736891],[139.812475,35.736703]]},"properties":{"ward":"荒川区","species":["ケヤキ"],"count":93,"route":"けやき通り","alias":"","manager":"荒川区"}},{"type":"Feature","geometry":{"type":"LineString","coordinates":[[139.764547,35.749316],[139.764579,35.749442]]},"properties":{"ward":"荒川区","species":["ケヤキ"],"count":1,"route":"八幡堀プロムナード","alias":"","manager":"荒川区"}},{"type":"Feature","geometry":{"type":"LineString","coordinates":[[139.773697,35.73367],[139.775305,35.733461]]},"properties":{"ward":"荒川区","species":["クスノキ","ヤマモモほか"],"count":8,"route":"三河島“せせらぎの小路”","alias":"","manager":"荒川区"}},{"type":"Feature","geometry":{"type":"LineString","coordinates":[[139.773946,35.74868],[139.774329,35.748448]]},"properties":{"ward":"荒川区","species":["モッコク","ケヤキほか"],"count":8,"route":"“ワコーレ町屋”脇緑地","alias":"","manager":"荒川区"}},{"type":"Feature","geometry":{"type":"LineString","coordinates":[[139.772637,35.749409],[139.77294,35.749418]]},"properties":{"ward":"荒川区","species":["ヤマモモ","マテバシイほか"],"count":5,"route":"“ネオコーポ町屋”前緑地","alias":"","manager":"荒川区"}},{"type":"Feature","geometry":{"type":"LineString","coordinates":[[139.77192,35.728476],[139.771298,35.729014],[139.771153,35.728975]]},"properties":{"ward":"荒川区","species":["サクラ","ケヤキ"],"count":2,"route":"日暮里駅前植込地","alias":"","manager":"荒川区"}},{"type":"Feature","geometry":{"type":"LineString","coordinates":[[139.767041,35.727652],[139.767191,35.727641]]},"properties":{"ward":"荒川区","species":["サクラ"],"count":1,"route":"夕やけだんだん","alias":"","manager":"荒川区"}},{"type":"Feature","geometry":{"type":"LineString","coordinates":[[139.754627,35.749969],[139.754613,35.749742],[139.755283,35.749716],[139.755298,35.749936]]},"properties":{"ward":"荒川区","species":["サクラ"],"count":4,"route":"“ジュエル城東”脇緑地","alias":"","manager":"荒川区"}},{"type":"Feature","geometry":{"type":"LineString","coordinates":[[139.786811,35.748973],[139.787468,35.748687]]},"properties":{"ward":"荒川区","species":["サクラ"],"count":4,"route":"“創価学会荒川文化会館”前道路","alias":"","manager":"荒川区"}},{"type":"Feature","geometry":{"type":"LineString","coordinates":[[139.784327,35.738584],[139.784338,35.737776]]},"properties":{"ward":"荒川区","species":["サクラ"],"count":4,"route":"ゆいの森通り（荒川二丁目部分）","alias":"","manager":"荒川区"}},{"type":"Feature","geometry":{"type":"LineString","coordinates":[[139.756048,35.749136],[139.756025,35.748818]]},"properties":{"ward":"荒川区","species":["サクラ"],"count":5,"route":"“ヴェラハイツ西尾久”脇緑地","alias":"","manager":"荒川区"}},{"type":"Feature","geometry":{"type":"LineString","coordinates":[[139.756699,35.753301],[139.757253,35.753155]]},"properties":{"ward":"荒川区","species":["サクラ"],"count":13,"route":"荒川遊園通り","alias":"","manager":"荒川区"}},{"type":"Feature","geometry":{"type":"LineString","coordinates":[[139.756269,35.75216],[139.757528,35.7521]]},"properties":{"ward":"荒川区","species":["サクラ"],"count":13,"route":"荒川遊園通り","alias":"","manager":"荒川区"}},{"type":"Feature","geometry":{"type":"LineString","coordinates":[[139.796621,35.730851],[139.798166,35.731281]]},"properties":{"ward":"荒川区","species":["サクラ"],"count":6,"route":"“都営南千住二丁目アパート”前道路","alias":"","manager":"荒川区"}},{"type":"Feature","geometry":{"type":"LineString","coordinates":[[139.774726,35.731554],[139.777535,35.731642],[139.778651,35.731597]]},"properties":{"ward":"荒川区","species":["サクラ"],"count":8,"route":"七五三通り","alias":"","manager":"荒川区"}},{"type":"Feature","geometry":{"type":"LineString","coordinates":[[139.781241,35.743652],[139.782939,35.743646]]},"properties":{"ward":"荒川区","species":["サクラ"],"count":9,"route":"ゆいの森通り（東西）","alias":"","manager":"荒川区"}},{"type":"Feature","geometry":{"type":"LineString","coordinates":[[139.787599,35.731005],[139.788543,35.729842],[139.789754,35.728886]]},"properties":{"ward":"荒川区","species":["サクラ"],"count":11,"route":"正庭通り","alias":"","manager":"荒川区"}},{"type":"Feature","geometry":{"type":"LineString","coordinates":[[139.807658,35.738237],[139.807475,35.739234]]},"properties":{"ward":"荒川区","species":["サクラ","ユリノキ"],"count":78,"route":"汐入中央通り","alias":"","manager":"荒川区"}},{"type":"Feature","geometry":{"type":"LineString","coordinates":[[139.808246,35.732617],[139.808387,35.732976],[139.808413,35.733364],[139.808034,35.734103],[139.807768,35.737052]]},"properties":{"ward":"荒川区","species":["サクラ","ユリノキ"],"count":78,"route":"汐入中央通り","alias":"","manager":"荒川区"}},{"type":"Feature","geometry":{"type":"LineString","coordinates":[[139.802779,35.729054],[139.802721,35.730883]]},"properties":{"ward":"荒川区","species":["サクラ"],"count":17,"route":"南千住三丁目街路","alias":"","manager":"荒川区"}},{"type":"Feature","geometry":{"type":"LineString","coordinates":[[139.802755,35.730068],[139.805117,35.730142]]},"properties":{"ward":"荒川区","species":["サクラ"],"count":17,"route":"南千住三丁目街路","alias":"","manager":"荒川区"}},{"type":"Feature","geometry":{"type":"LineString","coordinates":[[139.784326,35.740692],[139.784354,35.742721]]},"properties":{"ward":"荒川区","species":["サクラ"],"count":23,"route":"ゆいの森通り（南北）","alias":"","manager":"荒川区"}},{"type":"Feature","geometry":{"type":"LineString","coordinates":[[139.784354,35.742721],[139.784362,35.743298]]},"properties":{"ward":"荒川区","species":["サクラ"],"count":23,"route":"ゆいの森通り（南北）","alias":"","manager":"荒川区"}},{"type":"Feature","geometry":{"type":"LineString","coordinates":[[139.784088,35.742723],[139.784354,35.742721]]},"properties":{"ward":"荒川区","species":["サクラ"],"count":23,"route":"ゆいの森通り（南北）","alias":"","manager":"荒川区"}},{"type":"Feature","geometry":{"type":"LineString","coordinates":[[139.76607,35.735816],[139.769788,35.736795]]},"properties":{"ward":"荒川区","species":["サクラ"],"count":23,"route":"冠新道","alias":"","manager":"荒川区"}},{"type":"Feature","geometry":{"type":"LineString","coordinates":[[139.79999,35.73423],[139.800805,35.736107],[139.801208,35.737434],[139.801224,35.737694]]},"properties":{"ward":"荒川区","species":["サクラ"],"count":34,"route":"中道区道","alias":"","manager":"荒川区"}},{"type":"Feature","geometry":{"type":"LineString","coordinates":[[139.77189,35.728052],[139.771953,35.728391],[139.777523,35.728703],[139.778542,35.72861]]},"properties":{"ward":"荒川区","species":["サクラ"],"count":39,"route":"日暮里中央通り","alias":"","manager":"荒川区"}},{"type":"Feature","geometry":{"type":"LineString","coordinates":[[139.783269,35.72911],[139.783935,35.729012],[139.787634,35.729284],[139.788132,35.729343],[139.78886,35.729592]]},"properties":{"ward":"荒川区","species":["サクラ"],"count":44,"route":"カンカン森通り","alias":"","manager":"荒川区"}},{"type":"Feature","geometry":{"type":"LineString","coordinates":[[139.783875,35.751362],[139.784099,35.751284],[139.784138,35.751169],[139.784334,35.751037],[139.784356,35.75089]]},"properties":{"ward":"荒川区","species":["サクラ","シュロほか"],"count":5,"route":"江川堀プロムナード","alias":"","manager":"荒川区"}},{"type":"Feature","geometry":{"type":"LineString","coordinates":[[139.806764,35.732237],[139.805947,35.734109],[139.805662,35.734649],[139.805143,35.735356],[139.804976,35.736109],[139.804902,35.738376]]},"properties":{"ward":"荒川区","species":["サクラ","シラカシほか"],"count":87,"route":"やまざくら通り","alias":"","manager":"荒川区"}},{"type":"Feature","geometry":{"type":"LineString","coordinates":[[139.771556,35.749582],[139.771543,35.750148],[139.771188,35.751342],[139.771113,35.751944]]},"properties":{"ward":"荒川区","species":["サクラ","タブノキ"],"count":27,"route":"東京都立大学荒川キャンパス西通り","alias":"","manager":"荒川区"}},{"type":"Feature","geometry":{"type":"LineString","coordinates":[[139.758403,35.745286],[139.759038,35.745824]]},"properties":{"ward":"荒川区","species":["サクラ","クスノキほか"],"count":17,"route":"桜通り","alias":"","manager":"荒川区"}},{"type":"Feature","geometry":{"type":"LineString","coordinates":[[139.759038,35.745824],[139.759116,35.746506],[139.759044,35.746582]]},"properties":{"ward":"荒川区","species":["サクラ","クスノキほか"],"count":17,"route":"桜通り","alias":"","manager":"荒川区"}},{"type":"Feature","geometry":{"type":"LineString","coordinates":[[139.758706,35.745981],[139.759038,35.745824]]},"properties":{"ward":"荒川区","species":["サクラ","クスノキほか"],"count":17,"route":"桜通り","alias":"","manager":"荒川区"}},{"type":"Feature","geometry":{"type":"LineString","coordinates":[[139.809739,35.737155],[139.809491,35.739854]]},"properties":{"ward":"荒川区","species":["シナノキ"],"count":52,"route":"しなのき通り","alias":"","manager":"荒川区"}},{"type":"Feature","geometry":{"type":"LineString","coordinates":[[139.788187,35.733044],[139.787847,35.732541]]},"properties":{"ward":"荒川区","species":["シラカシ"],"count":10,"route":"荒川一丁目“アルバタワー”東側道路","alias":"","manager":"荒川区"}},{"type":"Feature","geometry":{"type":"LineString","coordinates":[[139.801217,35.734777],[139.801016,35.735116],[139.800982,35.735394],[139.801313,35.736352],[139.801716,35.736729],[139.801983,35.73682],[139.802664,35.736856]]},"properties":{"ward":"荒川区","species":["シラカシ"],"count":99,"route":"しらかし通り","alias":"","manager":"荒川区"}},{"type":"Feature","geometry":{"type":"LineString","coordinates":[[139.802664,35.736856],[139.802665,35.736064],[139.802932,35.73526]]},"properties":{"ward":"荒川区","species":["シラカシ"],"count":99,"route":"しらかし通り","alias":"","manager":"荒川区"}},{"type":"Feature","geometry":{"type":"LineString","coordinates":[[139.802664,35.736856],[139.803183,35.736885],[139.804919,35.737482]]},"properties":{"ward":"荒川区","species":["シラカシ"],"count":99,"route":"しらかし通り","alias":"","manager":"荒川区"}},{"type":"Feature","geometry":{"type":"LineString","coordinates":[[139.771977,35.727899],[139.773108,35.727076],[139.775245,35.726122]]},"properties":{"ward":"荒川区","species":["トウカエデ"],"count":49,"route":"羽二重通り","alias":"","manager":"荒川区"}},{"type":"Feature","geometry":{"type":"LineString","coordinates":[[139.805054,35.735673],[139.807856,35.736004]]},"properties":{"ward":"荒川区","species":["トチノキ"],"count":33,"route":"とちのき通り","alias":"","manager":"荒川区"}},{"type":"Feature","geometry":{"type":"LineString","coordinates":[[139.780673,35.741324],[139.780921,35.741219]]},"properties":{"ward":"荒川区","species":["ハナミズキ"],"count":1,"route":"“エクセレンス町屋駅前”脇緑地","alias":"","manager":"荒川区"}},{"type":"Feature","geometry":{"type":"LineString","coordinates":[[139.79951,35.738385],[139.799678,35.738395]]},"properties":{"ward":"荒川区","species":["ハナミズキ"],"count":2,"route":"“メゾンエクレール南千住”前緑地","alias":"","manager":"荒川区"}},{"type":"Feature","geometry":{"type":"LineString","coordinates":[[139.781479,35.725848],[139.781796,35.725445]]},"properties":{"ward":"荒川区","species":["ハナミズキ"],"count":6,"route":"御行の松通り（南）","alias":"","manager":"荒川区"}},{"type":"Feature","geometry":{"type":"LineString","coordinates":[[139.786544,35.743646],[139.788387,35.743816]]},"properties":{"ward":"荒川区","species":["ハナミズキ"],"count":8,"route":"沿岸道路","alias":"","manager":"荒川区"}},{"type":"Feature","geometry":{"type":"LineString","coordinates":[[139.790754,35.741041],[139.790443,35.740672],[139.789877,35.73947],[139.79049,35.739244],[139.790703,35.738969],[139.790974,35.738871],[139.794111,35.737971]]},"properties":{"ward":"荒川区","species":["ハナミズキ"],"count":34,"route":"“アクロシティ”周辺街路","alias":"","manager":"荒川区"}},{"type":"Feature","geometry":{"type":"LineString","coordinates":[[139.772596,35.737867],[139.772835,35.738694],[139.773322,35.739369],[139.773974,35.740634],[139.774462,35.742527],[139.775334,35.743875],[139.776064,35.746025],[139.776425,35.747448],[139.776536,35.749474]]},"properties":{"ward":"荒川区","species":["ハナミズキ"],"count":92,"route":"尾久の原防災通り","alias":"","manager":"荒川区"}},{"type":"Feature","geometry":{"type":"LineString","coordinates":[[139.804914,35.737752],[139.806157,35.737818],[139.808161,35.738245],[139.811906,35.738536]]},"properties":{"ward":"荒川区","species":["ハナミズキ"],"count":120,"route":"はなみずき通り","alias":"","manager":"荒川区"}},{"type":"Feature","geometry":{"type":"LineString","coordinates":[[139.800303,35.736002],[139.800816,35.737624]]},"properties":{"ward":"荒川区","species":["サクラ","シラカシほか"],"count":29,"route":"“南千住七丁目ハイツ”前遊歩道","alias":"","manager":"荒川区"}},{"type":"Feature","geometry":{"type":"LineString","coordinates":[[139.78656,35.738674],[139.788383,35.738544],[139.789001,35.738372]]},"properties":{"ward":"荒川区","species":["ヒメリンゴ"],"count":8,"route":"荒川八丁目街路","alias":"","manager":"荒川区"}},{"type":"Feature","geometry":{"type":"LineString","coordinates":[[139.764007,35.732529],[139.764365,35.732269]]},"properties":{"ward":"荒川区","species":["プラタナス","ハナミズキ"],"count":3,"route":"西日暮里四丁目街路","alias":"","manager":"荒川区"}},{"type":"Feature","geometry":{"type":"LineString","coordinates":[[139.762509,35.733117],[139.762609,35.733043]]},"properties":{"ward":"荒川区","species":["プラタナス","ハナミズキ"],"count":3,"route":"西日暮里四丁目街路","alias":"","manager":"荒川区"}},{"type":"Feature","geometry":{"type":"LineString","coordinates":[[139.764365,35.732269],[139.764703,35.732628],[139.764337,35.733366],[139.765097,35.733789]]},"properties":{"ward":"荒川区","species":["サクラ","プラタナス"],"count":6,"route":"向陵稲荷坂","alias":"","manager":"荒川区"}},{"type":"Feature","geometry":{"type":"LineString","coordinates":[[139.749944,35.751086],[139.751841,35.750997]]},"properties":{"ward":"荒川区","species":["マテバシイ","イチョウ"],"count":17,"route":"西尾久八丁目都電通り","alias":"","manager":"荒川区"}},{"type":"Feature","geometry":{"type":"LineString","coordinates":[[139.805397,35.72868],[139.805518,35.729394],[139.805442,35.729807],[139.805254,35.730164],[139.80514,35.731495]]},"properties":{"ward":"荒川区","species":["マテバシイ","サクラ"],"count":35,"route":"東京ガス正門通り","alias":"","manager":"荒川区"}},{"type":"Feature","geometry":{"type":"LineString","coordinates":[[139.754714,35.752227],[139.755349,35.7522]]},"properties":{"ward":"荒川区","species":["マテバシイ","シラカシ"],"count":15,"route":"“グリーンパーク上中里”脇緑地","alias":"","manager":"荒川区"}},{"type":"Feature","geometry":{"type":"LineString","coordinates":[[139.77002,35.749397],[139.777968,35.749609],[139.784991,35.74968]]},"properties":{"ward":"荒川区","species":["トウカエデ","マテバシイ"],"count":192,"route":"旭電化通り","alias":"","manager":"荒川区"}},{"type":"Feature","geometry":{"type":"LineString","coordinates":[[139.783396,35.732052],[139.783364,35.731892]]},"properties":{"ward":"荒川区","species":["マテバシイ","ハナミズキほか"],"count":4,"route":"“ブルックス東日暮里”前緑地","alias":"","manager":"荒川区"}},{"type":"Feature","geometry":{"type":"LineString","coordinates":[[139.778467,35.752445],[139.77836,35.752546]]},"properties":{"ward":"荒川区","species":["マテバシイ","ヤマモモ"],"count":2,"route":"尾久の原公園東通り","alias":"","manager":"荒川区"}},{"type":"Feature","geometry":{"type":"LineString","coordinates":[[139.790732,35.735524],[139.794222,35.734367]]},"properties":{"ward":"荒川区","species":["サクラ","ムクノキ"],"count":19,"route":"千住間道","alias":"","manager":"荒川区"}},{"type":"Feature","geometry":{"type":"LineString","coordinates":[[139.805054,35.735673],[139.803742,35.73545],[139.801583,35.734927],[139.801217,35.734777],[139.800937,35.73459],[139.799947,35.733202]]},"properties":{"ward":"荒川区","species":["モミジバフウ","シラカシほか"],"count":110,"route":"ドナウ通り","alias":"","manager":"荒川区"}},{"type":"Feature","geometry":{"type":"LineString","coordinates":[[139.794222,35.734367],[139.79545,35.733856],[139.797456,35.733925]]},"properties":{"ward":"荒川区","species":["ヤマボウシ","トウネズミモチ"],"count":25,"route":"やなぎ通り","alias":"","manager":"荒川区"}},{"type":"Feature","geometry":{"type":"LineString","coordinates":[[139.785317,35.73714],[139.786391,35.737144]]},"properties":{"ward":"荒川区","species":["ヤマモモ"],"count":7,"route":"“荒川さつき保育園”前道路","alias":"","manager":"荒川区"}},{"type":"Feature","geometry":{"type":"LineString","coordinates":[[139.811009,35.737008],[139.811007,35.73846]]},"properties":{"ward":"荒川区","species":["ヤマモモ"],"count":33,"route":"やまもも通り","alias":"","manager":"荒川区"}},{"type":"Feature","geometry":{"type":"LineString","coordinates":[[139.792307,35.731404],[139.792763,35.732517],[139.794222,35.734367],[139.79653,35.736705],[139.79676,35.737169],[139.797051,35.738539],[139.797461,35.739359]]},"properties":{"ward":"荒川区","species":["イチョウ"],"count":null,"route":"国道4号線","alias":"","manager":"国"}},{"type":"Feature","geometry":{"type":"LineString","coordinates":[[139.792162,35.730994],[139.792253,35.731236]]},"properties":{"ward":"荒川区","species":["プラタナス類"],"count":null,"route":"国道4号線","alias":"","manager":"国"}},{"type":"Feature","geometry":{"type":"LineString","coordinates":[[139.777003,35.72533],[139.777192,35.726353]]},"properties":{"ward":"荒川区","species":["サクラ","ハナミズキほか"],"count":20,"route":"竹台高等学校周辺街路","alias":"","manager":"荒川区"}},{"type":"Feature","geometry":{"type":"LineString","coordinates":[[139.777192,35.726353],[139.777301,35.726484],[139.778295,35.726506],[139.778349,35.725545]]},"properties":{"ward":"荒川区","species":["サクラ","ハナミズキほか"],"count":20,"route":"竹台高等学校周辺街路","alias":"","manager":"荒川区"}},{"type":"Feature","geometry":{"type":"LineString","coordinates":[[139.777192,35.726353],[139.776206,35.726899]]},"properties":{"ward":"荒川区","species":["サクラ","ハナミズキほか"],"count":20,"route":"竹台高等学校周辺街路","alias":"","manager":"荒川区"}},{"type":"Feature","geometry":{"type":"LineString","coordinates":[[139.790639,35.735722],[139.791368,35.7372],[139.792516,35.73684],[139.792875,35.737542],[139.794015,35.737158]]},"properties":{"ward":"荒川区","species":["サクラ"],"count":49,"route":"“スポーツセンター”北側周辺街路","alias":"","manager":"荒川区"}},{"type":"Feature","geometry":{"type":"LineString","coordinates":[[139.808182,35.732461],[139.808027,35.731145],[139.808504,35.730041]]},"properties":{"ward":"荒川区","species":["サクラ"],"count":9,"route":"石浜神社通り","alias":"","manager":"荒川区"}},{"type":"Feature","geometry":{"type":"LineString","coordinates":[[139.804668,35.738498],[139.809294,35.739941]]},"properties":{"ward":"荒川区","species":["サクラ"],"count":52,"route":"さくら堤通り","alias":"","manager":"荒川区"}},{"type":"Feature","geometry":{"type":"LineString","coordinates":[[139.773025,35.752694],[139.776217,35.752889]]},"properties":{"ward":"荒川区","species":["サクラ"],"count":30,"route":"原河岸通り","alias":"","manager":"荒川区"}},{"type":"Feature","geometry":{"type":"LineString","coordinates":[[139.720175,35.748843],[139.714367,35.749426],[139.712211,35.749751],[139.711778,35.74998],[139.709798,35.751667]]},"properties":{"ward":"板橋区","species":["ハナミズキ"],"count":null,"route":"国道17号線","alias":"","manager":"国"}},{"type":"Feature","geometry":{"type":"LineString","coordinates":[[139.709798,35.751667],[139.709139,35.75222],[139.708746,35.752842],[139.707862,35.755373],[139.703131,35.767586],[139.701532,35.769781],[139.699196,35.772337],[139.696952,35.77449],[139.694809,35.77629]]},"properties":{"ward":"板橋区","species":["イチョウ"],"count":null,"route":"国道17号線","alias":"","manager":"国"}},{"type":"Feature","geometry":{"type":"LineString","coordinates":[[139.694809,35.77629],[139.694324,35.776857],[139.690888,35.780092],[139.688404,35.782671]]},"properties":{"ward":"板橋区","species":["プラタナス類"],"count":null,"route":"国道17号線","alias":"","manager":"国"}},{"type":"Feature","geometry":{"type":"LineString","coordinates":[[139.688404,35.782671],[139.686316,35.784862],[139.685177,35.787159],[139.684783,35.788204],[139.68538,35.792087],[139.685536,35.793653],[139.685609,35.795215],[139.685397,35.796306]]},"properties":{"ward":"板橋区","species":["イチョウ"],"count":null,"route":"国道17号線","alias":"","manager":"国"}},{"type":"Feature","geometry":{"type":"LineString","coordinates":[[139.64544,35.796248],[139.643672,35.792087]]},"properties":{"ward":"板橋区","species":["イチョウ"],"count":null,"route":"国道17号線","alias":"","manager":"国"}},{"type":"Feature","geometry":{"type":"LineString","coordinates":[[139.643672,35.792087],[139.643265,35.790673],[139.643174,35.789879],[139.643332,35.788587],[139.643598,35.787793],[139.644073,35.786936],[139.644879,35.785919],[139.648859,35.781748],[139.649816,35.780365]]},"properties":{"ward":"板橋区","species":["緑化道路・複合植栽"],"count":null,"route":"国道17号線","alias":"","manager":"国"}},{"type":"Feature","geometry":{"type":"LineString","coordinates":[[139.649816,35.780365],[139.650383,35.778719],[139.650695,35.77561]]},"properties":{"ward":"板橋区","species":["エンジュ"],"count":null,"route":"国道17号線","alias":"","manager":"国"}},{"type":"Feature","geometry":{"type":"LineString","coordinates":[[139.650695,35.77561],[139.650934,35.773142],[139.651352,35.771562]]},"properties":{"ward":"板橋区","species":["ユリノキ"],"count":null,"route":"国道17号線","alias":"","manager":"国"}},{"type":"Feature","geometry":{"type":"LineString","coordinates":[[139.706595,35.74137],[139.695398,35.750064]]},"properties":{"ward":"板橋区","species":["ハナミズキ"],"count":null,"route":"国道254号線","alias":"","manager":"国"}},{"type":"Feature","geometry":{"type":"LineString","coordinates":[[139.701974,35.74508],[139.695476,35.750144],[139.689921,35.753887]]},"properties":{"ward":"板橋区","species":["プラタナス類"],"count":null,"route":"国道254号線","alias":"","manager":"国"}},{"type":"Feature","geometry":{"type":"LineString","coordinates":[[139.689921,35.753887],[139.688103,35.755166],[139.686774,35.755947],[139.682767,35.758232],[139.680149,35.759581],[139.670705,35.762246]]},"properties":{"ward":"板橋区","species":["イチョウ"],"count":null,"route":"国道254号線","alias":"","manager":"国"}},{"type":"Feature","geometry":{"type":"LineString","coordinates":[[139.642685,35.770743],[139.642193,35.770967],[139.638742,35.771757],[139.638264,35.771956],[139.636943,35.772688],[139.635648,35.773784]]},"properties":{"ward":"板橋区","species":["プラタナス類"],"count":null,"route":"国道254号線","alias":"","manager":"国"}},{"type":"Feature","geometry":{"type":"LineString","coordinates":[[139.635648,35.773784],[139.634782,35.774716],[139.634121,35.775211],[139.628087,35.778399],[139.625328,35.77952]]},"properties":{"ward":"板橋区","species":["イチョウ"],"count":null,"route":"国道254号線","alias":"","manager":"国"}},{"type":"Feature","geometry":{"type":"LineString","coordinates":[[139.715769,35.747217],[139.716627,35.746894],[139.718596,35.746592],[139.719443,35.746259],[139.719141,35.745812],[139.71894,35.745687]]},"properties":{"ward":"板橋区","species":["サルスベリ"],"count":37,"route":"20","alias":"","manager":"板橋区"}},{"type":"Feature","geometry":{"type":"LineString","coordinates":[[139.719629,35.748643],[139.719756,35.748285],[139.720114,35.748005]]},"properties":{"ward":"板橋区","species":["ヤマボウシ"],"count":5,"route":"22","alias":"","manager":"板橋区"}},{"type":"Feature","geometry":{"type":"LineString","coordinates":[[139.704926,35.754287],[139.704642,35.754912]]},"properties":{"ward":"板橋区","species":["ハナミズキ"],"count":1,"route":"16","alias":"","manager":"板橋区"}},{"type":"Feature","geometry":{"type":"LineString","coordinates":[[139.702073,35.74462],[139.702071,35.744301]]},"properties":{"ward":"板橋区","species":["ハナミズキ"],"count":1,"route":"8","alias":"","manager":"板橋区"}},{"type":"Feature","geometry":{"type":"LineString","coordinates":[[139.686955,35.741647],[139.687179,35.74175],[139.687439,35.741626]]},"properties":{"ward":"板橋区","species":["カツラ"],"count":4,"route":"5","alias":"","manager":"板橋区"}},{"type":"Feature","geometry":{"type":"LineString","coordinates":[[139.687855,35.742072],[139.687666,35.742459]]},"properties":{"ward":"板橋区","species":["ハナミズキ"],"count":6,"route":"222","alias":"","manager":"板橋区"}},{"type":"Feature","geometry":{"type":"LineString","coordinates":[[139.683623,35.745465],[139.683677,35.745595]]},"properties":{"ward":"板橋区","species":["ヒマラヤスギ"],"count":3,"route":"205","alias":"","manager":"板橋区"}},{"type":"Feature","geometry":{"type":"LineString","coordinates":[[139.679469,35.739719],[139.679954,35.73991],[139.679962,35.74008],[139.680101,35.740201],[139.679864,35.740578],[139.679021,35.740357]]},"properties":{"ward":"板橋区","species":["マテバシイ","ハウクンボク"],"count":20,"route":"1","alias":"","manager":"板橋区"}},{"type":"Feature","geometry":{"type":"LineString","coordinates":[[139.676888,35.745851],[139.678716,35.745539],[139.680732,35.744568]]},"properties":{"ward":"板橋区","species":["イチョウ"],"count":72,"route":"3","alias":"","manager":"板橋区"}},{"type":"Feature","geometry":{"type":"LineString","coordinates":[[139.700882,35.780427],[139.701405,35.780568]]},"properties":{"ward":"板橋区","species":["ハナミズキ"],"count":7,"route":"41","alias":"","manager":"板橋区"}},{"type":"Feature","geometry":{"type":"LineString","coordinates":[[139.716826,35.756508],[139.717646,35.758335]]},"properties":{"ward":"板橋区","species":["クスノキ"],"count":7,"route":"33","alias":"","manager":"板橋区"}},{"type":"Feature","geometry":{"type":"LineString","coordinates":[[139.715784,35.758067],[139.71619,35.757481],[139.716435,35.75687]]},"properties":{"ward":"板橋区","species":["ハナミズキ"],"count":8,"route":"707","alias":"","manager":"板橋区"}},{"type":"Feature","geometry":{"type":"LineString","coordinates":[[139.684009,35.74607],[139.683657,35.745659]]},"properties":{"ward":"板橋区","species":["ケヤキ","イチョウ"],"count":8,"route":"706","alias":"","manager":"板橋区"}},{"type":"Feature","geometry":{"type":"LineString","coordinates":[[139.691474,35.766787],[139.691851,35.766555]]},"properties":{"ward":"板橋区","species":["カツラ"],"count":2,"route":"52","alias":"","manager":"板橋区"}},{"type":"Feature","geometry":{"type":"LineString","coordinates":[[139.689826,35.759214],[139.689438,35.75909],[139.689452,35.758899],[139.689918,35.758744],[139.690169,35.75878],[139.690043,35.759117],[139.689826,35.759214]]},"properties":{"ward":"板橋区","species":["ヒマラヤスギ","ケヤキ"],"count":16,"route":"55","alias":"","manager":"板橋区"}},{"type":"Feature","geometry":{"type":"LineString","coordinates":[[139.686829,35.763596],[139.688377,35.763585]]},"properties":{"ward":"板橋区","species":["クスノキ"],"count":11,"route":"65","alias":"","manager":"板橋区"}},{"type":"Feature","geometry":{"type":"LineString","coordinates":[[139.685025,35.763654],[139.68616,35.763605]]},"properties":{"ward":"板橋区","species":["クスノキ"],"count":17,"route":"66","alias":"","manager":"板橋区"}},{"type":"Feature","geometry":{"type":"LineString","coordinates":[[139.685193,35.764268],[139.685778,35.764324]]},"properties":{"ward":"板橋区","species":["ハナミズキ"],"count":10,"route":"66","alias":"","manager":"板橋区"}},{"type":"Feature","geometry":{"type":"LineString","coordinates":[[139.68302,35.765054],[139.682643,35.764239],[139.683974,35.763736]]},"properties":{"ward":"板橋区","species":["クスノキ","ハナミズキ"],"count":27,"route":"73","alias":"","manager":"板橋区"}},{"type":"Feature","geometry":{"type":"LineString","coordinates":[[139.683509,35.770044],[139.68325,35.770233],[139.683497,35.770852]]},"properties":{"ward":"板橋区","species":["カツラ"],"count":2,"route":"76","alias":"","manager":"板橋区"}},{"type":"Feature","geometry":{"type":"LineString","coordinates":[[139.677601,35.773845],[139.677764,35.774487],[139.677717,35.774869],[139.676911,35.775748]]},"properties":{"ward":"板橋区","species":["ハクウンボク"],"count":13,"route":"86","alias":"","manager":"板橋区"}},{"type":"Feature","geometry":{"type":"LineString","coordinates":[[139.684378,35.76794],[139.684861,35.767805],[139.684696,35.767373]]},"properties":{"ward":"板橋区","species":["カツラ"],"count":3,"route":"196","alias":"","manager":"板橋区"}},{"type":"Feature","geometry":{"type":"LineString","coordinates":[[139.682871,35.773988],[139.682728,35.773315],[139.6826,35.773343]]},"properties":{"ward":"板橋区","species":["イチョウ"],"count":18,"route":"251","alias":"","manager":"板橋区"}},{"type":"Feature","geometry":{"type":"LineString","coordinates":[[139.677834,35.776319],[139.685261,35.77436],[139.686568,35.773806]]},"properties":{"ward":"板橋区","species":["アキニレ","ケヤキ"],"count":93,"route":"260","alias":"","manager":"板橋区"}},{"type":"Feature","geometry":{"type":"LineString","coordinates":[[139.70146,35.764829],[139.700812,35.765315],[139.70021,35.765094],[139.700299,35.764937],[139.701009,35.764488]]},"properties":{"ward":"板橋区","species":["ケヤキ"],"count":36,"route":"44","alias":"","manager":"板橋区"}},{"type":"Feature","geometry":{"type":"LineString","coordinates":[[139.686568,35.773806],[139.693227,35.772186],[139.693827,35.77192],[139.694273,35.771587],[139.694639,35.771158],[139.695317,35.769976],[139.69559,35.769602],[139.695945,35.76929],[139.698641,35.767685],[139.699717,35.767255],[139.702445,35.766864],[139.70296,35.766736],[139.703348,35.766531]]},"properties":{"ward":"板橋区","species":["ケヤキ","サクラ"],"count":18,"route":"46","alias":"","manager":"板橋区"}},{"type":"Feature","geometry":{"type":"LineString","coordinates":[[139.693405,35.763846],[139.693155,35.763244]]},"properties":{"ward":"板橋区","species":["エンジュ"],"count":7,"route":"51","alias":"","manager":"板橋区"}},{"type":"Feature","geometry":{"type":"LineString","coordinates":[[139.693686,35.760712],[139.693527,35.760205],[139.693361,35.760009],[139.692586,35.759532],[139.692359,35.759495],[139.690367,35.760191],[139.688484,35.760324],[139.687994,35.760565],[139.687826,35.76076],[139.687655,35.761239],[139.68764,35.761852],[139.687879,35.762255],[139.688365,35.762507],[139.690947,35.762282],[139.691803,35.762045],[139.692714,35.76161],[139.693068,35.761573]]},"properties":{"ward":"板橋区","species":["トチノキ","プラタナス"],"count":91,"route":"59","alias":"","manager":"板橋区"}},{"type":"Feature","geometry":{"type":"LineString","coordinates":[[139.677972,35.756089],[139.67795,35.753538]]},"properties":{"ward":"板橋区","species":["サクラ"],"count":14,"route":"92","alias":"","manager":"板橋区"}},{"type":"Feature","geometry":{"type":"LineString","coordinates":[[139.676951,35.752127],[139.676946,35.752306],[139.678973,35.752214]]},"properties":{"ward":"板橋区","species":["サクラ"],"count":27,"route":"95","alias":"","manager":"板橋区"}},{"type":"Feature","geometry":{"type":"LineString","coordinates":[[139.679299,35.76328],[139.679211,35.763829],[139.679867,35.763821],[139.679969,35.763204],[139.67988,35.763059]]},"properties":{"ward":"板橋区","species":["ケヤキ","サクラ"],"count":2,"route":"230","alias":"","manager":"板橋区"}},{"type":"Feature","geometry":{"type":"LineString","coordinates":[[139.682359,35.767568],[139.682914,35.767628],[139.683681,35.767149]]},"properties":{"ward":"板橋区","species":["サクラ"],"count":4,"route":"258","alias":"","manager":"板橋区"}},{"type":"Feature","geometry":{"type":"LineString","coordinates":[[139.675285,35.755583],[139.677903,35.755348]]},"properties":{"ward":"板橋区","species":["サクラ"],"count":32,"route":"277","alias":"","manager":"板橋区"}},{"type":"Feature","geometry":{"type":"LineString","coordinates":[[139.701824,35.761327],[139.702418,35.760984],[139.702436,35.762087]]},"properties":{"ward":"板橋区","species":["ハナミズキ"],"count":11,"route":"43","alias":"","manager":"板橋区"}},{"type":"Feature","geometry":{"type":"LineString","coordinates":[[139.698564,35.763987],[139.698846,35.764142]]},"properties":{"ward":"板橋区","species":["ハナミズキ"],"count":5,"route":"45","alias":"","manager":"板橋区"}},{"type":"Feature","geometry":{"type":"LineString","coordinates":[[139.690255,35.763124],[139.689801,35.759349]]},"properties":{"ward":"板橋区","species":["サルスベリ"],"count":25,"route":"54","alias":"","manager":"板橋区"}},{"type":"Feature","geometry":{"type":"LineString","coordinates":[[139.69076,35.759472],[139.690824,35.759612]]},"properties":{"ward":"板橋区","species":["ヒマラヤスギ"],"count":1,"route":"57","alias":"","manager":"板橋区"}},{"type":"Feature","geometry":{"type":"LineString","coordinates":[[139.692985,35.760567],[139.693092,35.760585],[139.693078,35.760665],[139.692972,35.760656],[139.692978,35.76057]]},"properties":{"ward":"板橋区","species":["マツ"],"count":1,"route":"60","alias":"","manager":"板橋区"}},{"type":"Feature","geometry":{"type":"LineString","coordinates":[[139.690139,35.763296],[139.690278,35.763178],[139.690417,35.763282]]},"properties":{"ward":"板橋区","species":["サクラ"],"count":1,"route":"64","alias":"","manager":"板橋区"}},{"type":"Feature","geometry":{"type":"LineString","coordinates":[[139.68683,35.765794],[139.68671,35.76525],[139.687885,35.765418],[139.687862,35.766061]]},"properties":{"ward":"板橋区","species":["ハナミズキ"],"count":27,"route":"67","alias":"","manager":"板橋区"}},{"type":"Feature","geometry":{"type":"LineString","coordinates":[[139.679771,35.760903],[139.681581,35.760818],[139.681896,35.760734],[139.684372,35.759516],[139.68725,35.758365],[139.689687,35.756395]]},"properties":{"ward":"板橋区","species":["ハクモクレン"],"count":116,"route":"70","alias":"","manager":"板橋区"}},{"type":"Feature","geometry":{"type":"LineString","coordinates":[[139.680343,35.764873],[139.68113,35.76465],[139.681244,35.76496]]},"properties":{"ward":"板橋区","species":["イチョウ"],"count":16,"route":"74","alias":"","manager":"板橋区"}},{"type":"Feature","geometry":{"type":"LineString","coordinates":[[139.680857,35.772099],[139.681199,35.772309],[139.681767,35.773383],[139.681865,35.77417],[139.681753,35.774472]]},"properties":{"ward":"板橋区","species":["ポプラ"],"count":23,"route":"80","alias":"","manager":"板橋区"}},{"type":"Feature","geometry":{"type":"LineString","coordinates":[[139.678266,35.768347],[139.678382,35.768157],[139.678794,35.768303],[139.67927,35.768714],[139.679234,35.76881],[139.678937,35.768812]]},"properties":{"ward":"板橋区","species":["サルスベリ"],"count":9,"route":"84","alias":"","manager":"板橋区"}},{"type":"Feature","geometry":{"type":"LineString","coordinates":[[139.677633,35.773796],[139.678976,35.773369],[139.678809,35.772978]]},"properties":{"ward":"板橋区","species":["ハクウンボク"],"count":2,"route":"85","alias":"","manager":"板橋区"}},{"type":"Feature","geometry":{"type":"LineString","coordinates":[[139.670967,35.766824],[139.671166,35.766743],[139.671748,35.767159]]},"properties":{"ward":"板橋区","species":["ハナミズキ"],"count":7,"route":"88","alias":"","manager":"板橋区"}},{"type":"Feature","geometry":{"type":"LineString","coordinates":[[139.67807,35.755334],[139.678873,35.755269]]},"properties":{"ward":"板橋区","species":["イチョウ","エンジュ"],"count":5,"route":"96","alias":"","manager":"板橋区"}},{"type":"Feature","geometry":{"type":"LineString","coordinates":[[139.68532,35.770271],[139.685688,35.770205],[139.68574,35.769645],[139.684857,35.769678]]},"properties":{"ward":"板橋区","species":["ハナミズキ"],"count":9,"route":"220","alias":"","manager":"板橋区"}},{"type":"Feature","geometry":{"type":"LineString","coordinates":[[139.694668,35.765013],[139.694453,35.764724]]},"properties":{"ward":"板橋区","species":["ハナミズキ"],"count":2,"route":"225","alias":"","manager":"板橋区"}},{"type":"Feature","geometry":{"type":"LineString","coordinates":[[139.673672,35.755173],[139.673348,35.754952]]},"properties":{"ward":"板橋区","species":["サクラ"],"count":9,"route":"701","alias":"","manager":"板橋区"}},{"type":"Feature","geometry":{"type":"LineString","coordinates":[[139.647232,35.795578],[139.652274,35.793993]]},"properties":{"ward":"板橋区","species":["ソメイヨシノ"],"count":null,"route":"127","alias":"","manager":"板橋区"}},{"type":"Feature","geometry":{"type":"LineString","coordinates":[[139.645944,35.795955],[139.649327,35.794799],[139.653647,35.793528]]},"properties":{"ward":"板橋区","species":["カツラ","コブシほか"],"count":null,"route":"128","alias":"","manager":"板橋区"}},{"type":"Feature","geometry":{"type":"LineString","coordinates":[[139.65268,35.794513],[139.654816,35.793959],[139.65617,35.793701],[139.658139,35.793459],[139.659733,35.793364]]},"properties":{"ward":"板橋区","species":["サクラ"],"count":null,"route":"502","alias":"","manager":"板橋区"}},{"type":"Feature","geometry":{"type":"LineString","coordinates":[[139.659733,35.793364],[139.65964,35.79722]]},"properties":{"ward":"板橋区","species":["ソメイヨシノ"],"count":null,"route":"122","alias":"","manager":"板橋区"}},{"type":"Feature","geometry":{"type":"LineString","coordinates":[[139.65964,35.79722],[139.654292,35.796289],[139.652584,35.796153]]},"properties":{"ward":"板橋区","species":["サトザクラ","サンゴジュ"],"count":null,"route":"123","alias":"","manager":"板橋区"}},{"type":"Feature","geometry":{"type":"LineString","coordinates":[[139.645722,35.796166],[139.651006,35.794438],[139.654492,35.79349],[139.657585,35.79297],[139.661932,35.792744]]},"properties":{"ward":"板橋区","species":["サクラ"],"count":null,"route":"503","alias":"","manager":"板橋区"}},{"type":"Feature","geometry":{"type":"LineString","coordinates":[[139.653852,35.793375],[139.653029,35.790628]]},"properties":{"ward":"板橋区","species":["コブシ"],"count":null,"route":"131","alias":"","manager":"板橋区"}},{"type":"Feature","geometry":{"type":"LineString","coordinates":[[139.64939,35.791386],[139.649765,35.792632],[139.660318,35.790563]]},"properties":{"ward":"板橋区","species":["ニセアカシア","エンジュほか"],"count":null,"route":"129","alias":"","manager":"板橋区"}},{"type":"Feature","geometry":{"type":"LineString","coordinates":[[139.651201,35.791],[139.65159,35.792272]]},"properties":{"ward":"板橋区","species":["シラカシ"],"count":null,"route":"130","alias":"","manager":"板橋区"}},{"type":"Feature","geometry":{"type":"LineString","coordinates":[[139.659693,35.795052],[139.661722,35.795099],[139.66401,35.794955]]},"properties":{"ward":"板橋区","species":["エンジュ"],"count":null,"route":"121","alias":"","manager":"板橋区"}},{"type":"Feature","geometry":{"type":"LineString","coordinates":[[139.66381,35.793287],[139.664335,35.797528]]},"properties":{"ward":"板橋区","species":["ソメイヨシノ"],"count":null,"route":"120","alias":"","manager":"板橋区"}},{"type":"Feature","geometry":{"type":"LineString","coordinates":[[139.663889,35.793238],[139.666871,35.793022],[139.669601,35.792448]]},"properties":{"ward":"板橋区","species":["サクラ"],"count":null,"route":"504","alias":"","manager":"板橋区"}},{"type":"Feature","geometry":{"type":"LineString","coordinates":[[139.663856,35.792688],[139.664984,35.792651]]},"properties":{"ward":"板橋区","species":["サトザクラ"],"count":null,"route":"249","alias":"","manager":"板橋区"}},{"type":"Feature","geometry":{"type":"LineString","coordinates":[[139.674766,35.789793],[139.675991,35.789901]]},"properties":{"ward":"板橋区","species":["サルスベリ","ヤマザクラほか"],"count":null,"route":"108","alias":"","manager":"板橋区"}},{"type":"Feature","geometry":{"type":"LineString","coordinates":[[139.676111,35.789791],[139.679849,35.78949]]},"properties":{"ward":"板橋区","species":["ケヤキ"],"count":null,"route":"107","alias":"","manager":"板橋区"}},{"type":"Feature","geometry":{"type":"LineString","coordinates":[[139.679935,35.789401],[139.679478,35.786088]]},"properties":{"ward":"板橋区","species":["コブシ"],"count":null,"route":"106","alias":"","manager":"板橋区"}},{"type":"Feature","geometry":{"type":"LineString","coordinates":[[139.679619,35.786556],[139.681879,35.786352]]},"properties":{"ward":"板橋区","species":["ケヤキ"],"count":null,"route":"500","alias":"","manager":"板橋区"}},{"type":"Feature","geometry":{"type":"LineString","coordinates":[[139.683121,35.786826],[139.683258,35.787918],[139.682257,35.788005],[139.682197,35.787599],[139.683198,35.787509]]},"properties":{"ward":"板橋区","species":["ヤマザクラ"],"count":null,"route":"103","alias":"","manager":"板橋区"}},{"type":"Feature","geometry":{"type":"LineString","coordinates":[[139.682383,35.788934],[139.68242,35.789235]]},"properties":{"ward":"板橋区","species":["ハナミズキ"],"count":null,"route":"104","alias":"","manager":"板橋区"}},{"type":"Feature","geometry":{"type":"LineString","coordinates":[[139.68341,35.788542],[139.683722,35.788501],[139.684036,35.788269],[139.684066,35.787888]]},"properties":{"ward":"板橋区","species":["ヤマザクラ"],"count":null,"route":"102","alias":"","manager":"板橋区"}},{"type":"Feature","geometry":{"type":"LineString","coordinates":[[139.675531,35.785809],[139.675662,35.786727],[139.676255,35.786664]]},"properties":{"ward":"板橋区","species":["ヤマザクラ"],"count":null,"route":"110","alias":"","manager":"板橋区"}},{"type":"Feature","geometry":{"type":"LineString","coordinates":[[139.678026,35.785281],[139.677834,35.783822],[139.677373,35.783871]]},"properties":{"ward":"板橋区","species":["ハナミズキ","モミジバフウ"],"count":null,"route":"281","alias":"","manager":"板橋区"}},{"type":"Feature","geometry":{"type":"LineString","coordinates":[[139.676489,35.783951],[139.674008,35.784168]]},"properties":{"ward":"板橋区","species":["ハナミズキ"],"count":null,"route":"280","alias":"","manager":"板橋区"}},{"type":"Feature","geometry":{"type":"LineString","coordinates":[[139.685974,35.778988],[139.68394,35.782934],[139.683788,35.783699],[139.683934,35.784717]]},"properties":{"ward":"板橋区","species":["イチョウ"],"count":null,"route":"101","alias":"","manager":"板橋区"}},{"type":"Feature","geometry":{"type":"LineString","coordinates":[[139.687389,35.783933],[139.687747,35.783885]]},"properties":{"ward":"板橋区","species":["クスノキ"],"count":null,"route":"111","alias":"","manager":"板橋区"}},{"type":"Feature","geometry":{"type":"LineString","coordinates":[[139.692784,35.780941],[139.692847,35.780731]]},"properties":{"ward":"板橋区","species":["カツラ"],"count":null,"route":"197","alias":"","manager":"板橋区"}},{"type":"Feature","geometry":{"type":"LineString","coordinates":[[139.696505,35.781824],[139.696463,35.781586]]},"properties":{"ward":"板橋区","species":["ソメイヨシノ"],"count":null,"route":"233","alias":"","manager":"板橋区"}},{"type":"Feature","geometry":{"type":"LineString","coordinates":[[139.697223,35.781176],[139.697302,35.781717]]},"properties":{"ward":"板橋区","species":["ソメイヨシノ"],"count":null,"route":"229","alias":"","manager":"板橋区"}},{"type":"Feature","geometry":{"type":"LineString","coordinates":[[139.686656,35.784704],[139.689558,35.785623]]},"properties":{"ward":"板橋区","species":["トウカエデ"],"count":null,"route":"210","alias":"","manager":"板橋区"}},{"type":"Feature","geometry":{"type":"LineString","coordinates":[[139.685403,35.789821],[139.685644,35.789792],[139.686102,35.790199]]},"properties":{"ward":"板橋区","species":["ソメイヨシノ","サザンカ"],"count":null,"route":"238","alias":"","manager":"板橋区"}},{"type":"Feature","geometry":{"type":"LineString","coordinates":[[139.687989,35.78925],[139.686568,35.790753],[139.685412,35.791452],[139.684148,35.791962],[139.683028,35.792214],[139.681267,35.792251],[139.680049,35.792139],[139.678421,35.791835]]},"properties":{"ward":"板橋区","species":["サクラ"],"count":null,"route":"505","alias":"","manager":"板橋区"}},{"type":"Feature","geometry":{"type":"LineString","coordinates":[[139.680049,35.792139],[139.679917,35.793184],[139.679979,35.793431],[139.680254,35.79376]]},"properties":{"ward":"板橋区","species":["ハクモクレン"],"count":null,"route":"301","alias":"","manager":"板橋区"}},{"type":"Feature","geometry":{"type":"LineString","coordinates":[[139.681912,35.791748],[139.683517,35.791578],[139.684267,35.791355],[139.684938,35.79105]]},"properties":{"ward":"板橋区","species":["サクラ"],"count":null,"route":"506","alias":"","manager":"板橋区"}},{"type":"Feature","geometry":{"type":"LineString","coordinates":[[139.685892,35.795682],[139.685958,35.796153],[139.686046,35.79627]]},"properties":{"ward":"板橋区","species":["樹種不明"],"count":null,"route":"234","alias":"","manager":"板橋区"}},{"type":"Feature","geometry":{"type":"LineString","coordinates":[[139.688539,35.795163],[139.688378,35.793534]]},"properties":{"ward":"板橋区","species":["カリン"],"count":null,"route":"221","alias":"","manager":"板橋区"}},{"type":"Feature","geometry":{"type":"LineString","coordinates":[[139.687462,35.791074],[139.689729,35.789921]]},"properties":{"ward":"板橋区","species":["ハナミズキ"],"count":null,"route":"112","alias":"","manager":"板橋区"}},{"type":"Feature","geometry":{"type":"LineString","coordinates":[[139.690055,35.791388],[139.690907,35.791056]]},"properties":{"ward":"板橋区","species":["ハナミズキ"],"count":null,"route":"235","alias":"","manager":"板橋区"}},{"type":"Feature","geometry":{"type":"LineString","coordinates":[[139.69125,35.791364],[139.69031,35.791664],[139.689441,35.792075],[139.688292,35.792905],[139.687798,35.793426]]},"properties":{"ward":"板橋区","species":["サトザクラ"],"count":null,"route":"208","alias":"","manager":"板橋区"}},{"type":"Feature","geometry":{"type":"LineString","coordinates":[[139.687318,35.793463],[139.688184,35.792541]]},"properties":{"ward":"板橋区","species":["サマザクラ"],"count":null,"route":"232","alias":"","manager":"板橋区"}},{"type":"Feature","geometry":{"type":"LineString","coordinates":[[139.640789,35.797599],[139.640541,35.797239],[139.640414,35.796705]]},"properties":{"ward":"板橋区","species":["ソメイヨシノ"],"count":null,"route":"286","alias":"","manager":"板橋区"}},{"type":"Feature","geometry":{"type":"LineString","coordinates":[[139.641293,35.797701],[139.64086,35.797398],[139.640687,35.797095],[139.639977,35.793907]]},"properties":{"ward":"板橋区","species":["ソメイヨシノ","エノキ"],"count":null,"route":"132","alias":"","manager":"板橋区"}},{"type":"Feature","geometry":{"type":"LineString","coordinates":[[139.638821,35.792107],[139.639199,35.792475]]},"properties":{"ward":"板橋区","species":["シダレザクラ","サザンカ"],"count":null,"route":"271","alias":"","manager":"板橋区"}},{"type":"Feature","geometry":{"type":"LineString","coordinates":[[139.636026,35.790155],[139.636955,35.790625]]},"properties":{"ward":"板橋区","species":["ソメイヨシノ"],"count":null,"route":"300","alias":"","manager":"板橋区"}},{"type":"Feature","geometry":{"type":"LineString","coordinates":[[139.635653,35.790561],[139.637099,35.789],[139.637568,35.788598]]},"properties":{"ward":"板橋区","species":["ケヤキ","サクラほか"],"count":null,"route":"142","alias":"","manager":"板橋区"}},{"type":"Feature","geometry":{"type":"LineString","coordinates":[[139.635366,35.78764],[139.637099,35.789]]},"properties":{"ward":"板橋区","species":["ハナミズキ"],"count":null,"route":"144","alias":"","manager":"板橋区"}},{"type":"Feature","geometry":{"type":"LineString","coordinates":[[139.635086,35.787555],[139.634287,35.787441],[139.632406,35.786623]]},"properties":{"ward":"板橋区","species":["ソメイヨシノ","サルスベリ"],"count":null,"route":"145","alias":"","manager":"板橋区"}},{"type":"Feature","geometry":{"type":"LineString","coordinates":[[139.632406,35.786623],[139.632055,35.78686],[139.632148,35.786944]]},"properties":{"ward":"板橋区","species":["サルスベリ"],"count":null,"route":"288","alias":"","manager":"板橋区"}},{"type":"Feature","geometry":{"type":"LineString","coordinates":[[139.632094,35.788211],[139.632764,35.788759]]},"properties":{"ward":"板橋区","species":["サルスベリ"],"count":null,"route":"288","alias":"","manager":"板橋区"}},{"type":"Feature","geometry":{"type":"LineString","coordinates":[[139.637099,35.789],[139.639533,35.790964],[139.64046,35.792346]]},"properties":{"ward":"板橋区","species":["ハナミズキ","ナナカマド"],"count":null,"route":"191","alias":"","manager":"板橋区"}},{"type":"Feature","geometry":{"type":"LineString","coordinates":[[139.641806,35.791871],[139.641959,35.792096]]},"properties":{"ward":"板橋区","species":["ヤマボウシ"],"count":null,"route":"190","alias":"","manager":"板橋区"}},{"type":"Feature","geometry":{"type":"LineString","coordinates":[[139.640152,35.791336],[139.642037,35.790499]]},"properties":{"ward":"板橋区","species":["ハクモクレン"],"count":null,"route":"141","alias":"","manager":"板橋区"}},{"type":"Feature","geometry":{"type":"LineString","coordinates":[[139.642936,35.7906],[139.64219,35.790213],[139.641904,35.790178],[139.641284,35.789855],[139.639518,35.789179],[139.637568,35.788598]]},"properties":{"ward":"板橋区","species":["ハナミズキ","サクラほか"],"count":null,"route":"140","alias":"","manager":"板橋区"}},{"type":"Feature","geometry":{"type":"LineString","coordinates":[[139.63894,35.789957],[139.639672,35.789365]]},"properties":{"ward":"板橋区","species":["ヤマザクラ"],"count":null,"route":"143","alias":"","manager":"板橋区"}},{"type":"Feature","geometry":{"type":"LineString","coordinates":[[139.639216,35.787921],[139.641094,35.788746],[139.642939,35.788512]]},"properties":{"ward":"板橋区","species":["サルスベリ"],"count":null,"route":"139","alias":"","manager":"板橋区"}},{"type":"Feature","geometry":{"type":"LineString","coordinates":[[139.639698,35.787556],[139.638632,35.788137],[139.638302,35.788232],[139.637833,35.788126]]},"properties":{"ward":"板橋区","species":["サルスベリ"],"count":null,"route":"146","alias":"","manager":"板橋区"}},{"type":"Feature","geometry":{"type":"LineString","coordinates":[[139.63899,35.786687],[139.639303,35.786677]]},"properties":{"ward":"板橋区","species":["イチョウ"],"count":null,"route":"218","alias":"","manager":"板橋区"}},{"type":"Feature","geometry":{"type":"LineString","coordinates":[[139.633688,35.782476],[139.634296,35.782566],[139.634363,35.782431],[139.634719,35.782546]]},"properties":{"ward":"板橋区","species":["サルスベリ"],"count":null,"route":"192","alias":"","manager":"板橋区"}},{"type":"Feature","geometry":{"type":"LineString","coordinates":[[139.633297,35.78218],[139.633339,35.782025]]},"properties":{"ward":"板橋区","species":["サルスベリ"],"count":null,"route":"192","alias":"","manager":"板橋区"}},{"type":"Feature","geometry":{"type":"LineString","coordinates":[[139.631604,35.78255],[139.631883,35.78273],[139.631953,35.782434]]},"properties":{"ward":"板橋区","species":["ヤマザクラ","エゴノキほか"],"count":null,"route":"148","alias":"","manager":"板橋区"}},{"type":"Feature","geometry":{"type":"LineString","coordinates":[[139.63089,35.782247],[139.631438,35.781818]]},"properties":{"ward":"板橋区","species":["ヤマザクラ","エゴノキほか"],"count":null,"route":"148","alias":"","manager":"板橋区"}},{"type":"Feature","geometry":{"type":"LineString","coordinates":[[139.631588,35.780739],[139.631619,35.781085]]},"properties":{"ward":"板橋区","species":["ヤマザクラ","エゴノキほか"],"count":null,"route":"148","alias":"","manager":"板橋区"}},{"type":"Feature","geometry":{"type":"LineString","coordinates":[[139.635101,35.776647],[139.634985,35.776845],[139.63535,35.777409],[139.635328,35.777639],[139.63522,35.777722]]},"properties":{"ward":"板橋区","species":["ソメイヨシノ","ハナミズキほか"],"count":null,"route":"159","alias":"","manager":"板橋区"}},{"type":"Feature","geometry":{"type":"LineString","coordinates":[[139.636608,35.778443],[139.635946,35.77758]]},"properties":{"ward":"板橋区","species":["ソメイヨシノ","ハナミズキほか"],"count":null,"route":"159","alias":"","manager":"板橋区"}},{"type":"Feature","geometry":{"type":"LineString","coordinates":[[139.639698,35.779625],[139.639967,35.779139],[139.641326,35.778139],[139.641752,35.777543]]},"properties":{"ward":"板橋区","species":["ハナミズキ","ケヤキ"],"count":null,"route":"291","alias":"","manager":"板橋区"}},{"type":"Feature","geometry":{"type":"LineString","coordinates":[[139.645475,35.769295],[139.645425,35.769986],[139.645601,35.770747],[139.645804,35.771493],[139.646356,35.772547],[139.646906,35.775225],[139.647238,35.778398],[139.647435,35.779107],[139.647262,35.779842]]},"properties":{"ward":"板橋区","species":["ハナミズキ"],"count":null,"route":"163","alias":"","manager":"板橋区"}},{"type":"Feature","geometry":{"type":"LineString","coordinates":[[139.643483,35.776492],[139.643648,35.776796]]},"properties":{"ward":"板橋区","species":["トウカエデ"],"count":null,"route":"263","alias":"","manager":"板橋区"}},{"type":"Feature","geometry":{"type":"LineString","coordinates":[[139.644567,35.777688],[139.644492,35.777598]]},"properties":{"ward":"板橋区","species":["トウカエデ"],"count":null,"route":"263","alias":"","manager":"板橋区"}},{"type":"Feature","geometry":{"type":"LineString","coordinates":[[139.644917,35.783256],[139.645638,35.783331],[139.647571,35.784004],[139.650496,35.783995],[139.650874,35.784179],[139.651286,35.78476]]},"properties":{"ward":"板橋区","species":["ユリノキ","プラタナス"],"count":null,"route":"231","alias":"","manager":"板橋区"}},{"type":"Feature","geometry":{"type":"LineString","coordinates":[[139.652501,35.780837],[139.652373,35.781827],[139.652396,35.782134],[139.652528,35.782394],[139.653007,35.782757],[139.65368,35.782998],[139.654101,35.783539],[139.654235,35.78391]]},"properties":{"ward":"板橋区","species":["ハナミズキ"],"count":null,"route":"243","alias":"","manager":"板橋区"}},{"type":"Feature","geometry":{"type":"LineString","coordinates":[[139.654511,35.780872],[139.654829,35.779896]]},"properties":{"ward":"板橋区","species":["ハナミズキ"],"count":null,"route":"265","alias":"","manager":"板橋区"}},{"type":"Feature","geometry":{"type":"LineString","coordinates":[[139.654873,35.779687],[139.654718,35.778584],[139.654689,35.777015],[139.654856,35.776461]]},"properties":{"ward":"板橋区","species":["コブシ"],"count":null,"route":"178","alias":"","manager":"板橋区"}},{"type":"Feature","geometry":{"type":"LineString","coordinates":[[139.651537,35.77775],[139.654709,35.777963],[139.658396,35.777955]]},"properties":{"ward":"板橋区","species":["ラカンマキ","カツラ"],"count":null,"route":"179","alias":"","manager":"板橋区"}},{"type":"Feature","geometry":{"type":"LineString","coordinates":[[139.658542,35.777962],[139.66091,35.778146],[139.660754,35.779104],[139.66033,35.780098],[139.660244,35.780532],[139.660335,35.780975],[139.660867,35.782321]]},"properties":{"ward":"板橋区","species":["ラカンマキ"],"count":null,"route":"172","alias":"","manager":"板橋区"}},{"type":"Feature","geometry":{"type":"LineString","coordinates":[[139.657419,35.779499],[139.657714,35.77919]]},"properties":{"ward":"板橋区","species":["イチョウ","エノキほか"],"count":null,"route":"173","alias":"","manager":"板橋区"}},{"type":"Feature","geometry":{"type":"LineString","coordinates":[[139.652138,35.775215],[139.654082,35.776167],[139.654911,35.776338],[139.65628,35.776272],[139.659615,35.775668]]},"properties":{"ward":"板橋区","species":["コブシ","モモノキ"],"count":null,"route":"176","alias":"","manager":"板橋区"}},{"type":"Feature","geometry":{"type":"LineString","coordinates":[[139.65982,35.775641],[139.664215,35.775935],[139.664946,35.775862],[139.665341,35.775593],[139.665645,35.775085],[139.66588,35.774441],[139.666216,35.774084],[139.669629,35.772182],[139.670423,35.771856]]},"properties":{"ward":"板橋区","species":["サルスベリ"],"count":null,"route":"170","alias":"","manager":"板橋区"}},{"type":"Feature","geometry":{"type":"LineString","coordinates":[[139.670521,35.77188],[139.671138,35.771849],[139.671348,35.771918],[139.671612,35.772179],[139.671831,35.77261],[139.672171,35.772637],[139.672323,35.772524]]},"properties":{"ward":"板橋区","species":["クロガネモチ"],"count":null,"route":"501","alias":"","manager":"板橋区"}},{"type":"Feature","geometry":{"type":"LineString","coordinates":[[139.66449,35.76848],[139.665996,35.768047],[139.66799,35.767332]]},"properties":{"ward":"板橋区","species":["ソメイヨシノ"],"count":null,"route":"240","alias":"","manager":"板橋区"}},{"type":"Feature","geometry":{"type":"LineString","coordinates":[[139.66643,35.769033],[139.666495,35.768858]]},"properties":{"ward":"板橋区","species":["ハナミズキ"],"count":null,"route":"193","alias":"","manager":"板橋区"}},{"type":"Feature","geometry":{"type":"LineString","coordinates":[[139.668315,35.767946],[139.668527,35.76795]]},"properties":{"ward":"板橋区","species":["ハナミズキ"],"count":null,"route":"204","alias":"","manager":"板橋区"}},{"type":"Feature","geometry":{"type":"LineString","coordinates":[[139.668557,35.769366],[139.668563,35.76996],[139.66908,35.770829]]},"properties":{"ward":"板橋区","species":["オオヤマザクラ"],"count":null,"route":"241","alias":"","manager":"板橋区"}},{"type":"Feature","geometry":{"type":"LineString","coordinates":[[139.66931,35.780445],[139.669857,35.78072]]},"properties":{"ward":"板橋区","species":["ケヤキ","サザンカ"],"count":null,"route":"270","alias":"","manager":"板橋区"}},{"type":"Feature","geometry":{"type":"LineString","coordinates":[[139.667531,35.779856],[139.667552,35.779764],[139.667347,35.779791]]},"properties":{"ward":"板橋区","species":["ハナミズキ"],"count":null,"route":"276","alias":"","manager":"板橋区"}},{"type":"Feature","geometry":{"type":"LineString","coordinates":[[139.665653,35.779518],[139.666029,35.779439]]},"properties":{"ward":"板橋区","species":["ハナミズキ"],"count":null,"route":"276","alias":"","manager":"板橋区"}},{"type":"Feature","geometry":{"type":"LineString","coordinates":[[139.665446,35.781346],[139.664479,35.775937]]},"properties":{"ward":"板橋区","species":["ハナミズキ","ハクウンボク"],"count":null,"route":"171","alias":"","manager":"板橋区"}},{"type":"Feature","geometry":{"type":"LineString","coordinates":[[139.664479,35.775937],[139.663917,35.774121],[139.662787,35.771795],[139.663,35.76981],[139.662942,35.769107]]},"properties":{"ward":"板橋区","species":["ハナミズキ"],"count":null,"route":"167","alias":"","manager":"板橋区"}},{"type":"Feature","geometry":{"type":"LineString","coordinates":[[139.645795,35.770693],[139.647683,35.770229],[139.650881,35.770168]]},"properties":{"ward":"板橋区","species":["ハナミズキ"],"count":null,"route":"164","alias":"","manager":"板橋区"}},{"type":"Feature","geometry":{"type":"LineString","coordinates":[[139.652115,35.77016],[139.656447,35.770075],[139.660476,35.769399]]},"properties":{"ward":"板橋区","species":["ハナミズキ"],"count":null,"route":"290","alias":"","manager":"板橋区"}},{"type":"Feature","geometry":{"type":"LineString","coordinates":[[139.660227,35.772882],[139.660018,35.772627],[139.660195,35.772516]]},"properties":{"ward":"板橋区","species":["ハナミズキ"],"count":null,"route":"166","alias":"","manager":"板橋区"}},{"type":"Feature","geometry":{"type":"LineString","coordinates":[[139.651131,35.77358],[139.651468,35.773582]]},"properties":{"ward":"板橋区","species":["ソメイヨシノ"],"count":null,"route":"297","alias":"","manager":"板橋区"}},{"type":"Feature","geometry":{"type":"LineString","coordinates":[[139.649455,35.772512],[139.649919,35.77325]]},"properties":{"ward":"板橋区","species":["キンモクセイ"],"count":null,"route":"242","alias":"","manager":"板橋区"}},{"type":"Feature","geometry":{"type":"LineString","coordinates":[[139.626771,35.779122],[139.627961,35.77861]]},"properties":{"ward":"板橋区","species":["樹種不明"],"count":null,"route":"513","alias":"","manager":"板橋区"}},{"type":"Feature","geometry":{"type":"LineString","coordinates":[[139.625846,35.781125],[139.625918,35.780787]]},"properties":{"ward":"板橋区","species":["カツラ","ハナミズキ"],"count":null,"route":"147","alias":"","manager":"板橋区"}},{"type":"Feature","geometry":{"type":"LineString","coordinates":[[139.632613,35.779283],[139.632667,35.778807],[139.632883,35.778583]]},"properties":{"ward":"板橋区","species":["カツラ","ケヤキ"],"count":null,"route":"508","alias":"","manager":"板橋区"}},{"type":"Feature","geometry":{"type":"LineString","coordinates":[[139.632627,35.778414],[139.632925,35.778237],[139.63294,35.778056],[139.633138,35.777921],[139.633065,35.777765],[139.632301,35.778287],[139.632476,35.778498],[139.633487,35.778782]]},"properties":{"ward":"板橋区","species":["カツラ","ケヤキ"],"count":null,"route":"508","alias":"","manager":"板橋区"}},{"type":"Feature","geometry":{"type":"LineString","coordinates":[[139.632281,35.77629],[139.632851,35.777034],[139.632521,35.777262],[139.632349,35.777085],[139.6327,35.776819]]},"properties":{"ward":"板橋区","species":["ケヤキ"],"count":null,"route":"158","alias":"","manager":"板橋区"}},{"type":"Feature","geometry":{"type":"LineString","coordinates":[[139.633704,35.773134],[139.633884,35.773034],[139.63431,35.773574],[139.634094,35.773703]]},"properties":{"ward":"板橋区","species":["ウバメガシ"],"count":null,"route":"151","alias":"","manager":"板橋区"}},{"type":"Feature","geometry":{"type":"LineString","coordinates":[[139.634482,35.770108],[139.635204,35.770197],[139.635598,35.770335],[139.636132,35.770945]]},"properties":{"ward":"板橋区","species":["ウメ","エゴノキほか"],"count":null,"route":"157","alias":"","manager":"板橋区"}},{"type":"Feature","geometry":{"type":"LineString","coordinates":[[139.635452,35.768822],[139.635493,35.769805],[139.635569,35.77001],[139.63736,35.772269]]},"properties":{"ward":"板橋区","species":["コブシ","エンジュほか"],"count":null,"route":"156","alias":"","manager":"板橋区"}},{"type":"Feature","geometry":{"type":"LineString","coordinates":[[139.634317,35.770006],[139.635569,35.77001]]},"properties":{"ward":"板橋区","species":["クスノキ","ヤマモモほか"],"count":null,"route":"152","alias":"","manager":"板橋区"}},{"type":"Feature","geometry":{"type":"LineString","coordinates":[[139.635592,35.768682],[139.637161,35.768654],[139.63844,35.768905],[139.64096,35.768943]]},"properties":{"ward":"板橋区","species":["アカシデ","エゴノキほか"],"count":null,"route":"153","alias":"","manager":"板橋区"}},{"type":"Feature","geometry":{"type":"LineString","coordinates":[[139.64102,35.768943],[139.641072,35.769045],[139.641033,35.770083],[139.637923,35.770049],[139.636484,35.770762]]},"properties":{"ward":"板橋区","species":["ケヤキ"],"count":null,"route":"154","alias":"","manager":"板橋区"}},{"type":"Feature","geometry":{"type":"LineString","coordinates":[[139.644772,35.79136],[139.644685,35.790408],[139.644886,35.789457],[139.645194,35.788657],[139.646165,35.787239],[139.646741,35.786777],[139.647126,35.786569],[139.6479,35.786337],[139.654527,35.78504]]},"properties":{"ward":"板橋区","species":["サルスベリ"],"count":null,"route":"138","alias":"","manager":"板橋区"}},{"type":"Feature","geometry":{"type":"LineString","coordinates":[[139.645827,35.79117],[139.645774,35.790172],[139.645862,35.789827],[139.646251,35.789094],[139.64686,35.7885],[139.647305,35.788214],[139.647902,35.787965],[139.666406,35.78433],[139.673546,35.78369]]},"properties":{"ward":"板橋区","species":["トウカエデ","モミジバフウほか"],"count":null,"route":"133","alias":"","manager":"板橋区"}},{"type":"Feature","geometry":{"type":"LineString","coordinates":[[139.643782,35.788653],[139.646882,35.78975],[139.652444,35.788664]]},"properties":{"ward":"板橋区","species":["エンジュ","ニセアカシアほか"],"count":null,"route":"136","alias":"","manager":"板橋区"}},{"type":"Feature","geometry":{"type":"LineString","coordinates":[[139.647795,35.785989],[139.649129,35.790518]]},"properties":{"ward":"板橋区","species":["ヤマザクラ"],"count":null,"route":"137","alias":"","manager":"板橋区"}},{"type":"Feature","geometry":{"type":"LineString","coordinates":[[139.651422,35.78515],[139.652779,35.789784]]},"properties":{"ward":"板橋区","species":["コブシ"],"count":null,"route":"135","alias":"","manager":"板橋区"}},{"type":"Feature","geometry":{"type":"LineString","coordinates":[[139.654316,35.784271],[139.655777,35.789208]]},"properties":{"ward":"板橋区","species":["スズカケノキ"],"count":null,"route":"134","alias":"","manager":"板橋区"}},{"type":"Feature","geometry":{"type":"LineString","coordinates":[[139.652908,35.789827],[139.658194,35.788789]]},"properties":{"ward":"板橋区","species":["サクラ"],"count":null,"route":"267","alias":"","manager":"板橋区"}},{"type":"Feature","geometry":{"type":"LineString","coordinates":[[139.659253,35.787247],[139.657852,35.78752],[139.658045,35.788171]]},"properties":{"ward":"板橋区","species":["ソメイヨシノ"],"count":null,"route":"211","alias":"","manager":"板橋区"}},{"type":"Feature","geometry":{"type":"LineString","coordinates":[[139.645916,35.786259],[139.646331,35.78621]]},"properties":{"ward":"板橋区","species":["イチョウ","マテバシイほか"],"count":null,"route":"262","alias":"","manager":"板橋区"}},{"type":"Feature","geometry":{"type":"LineString","coordinates":[[139.660095,35.788376],[139.667213,35.786837]]},"properties":{"ward":"板橋区","species":["ナナカマド"],"count":null,"route":"254","alias":"","manager":"板橋区"}},{"type":"Feature","geometry":{"type":"LineString","coordinates":[[139.664032,35.787526],[139.663968,35.787031],[139.664027,35.786732],[139.665695,35.783504],[139.665825,35.783003]]},"properties":{"ward":"板橋区","species":["ソメイヨシノ"],"count":null,"route":"183","alias":"","manager":"板橋区"}},{"type":"Feature","geometry":{"type":"LineString","coordinates":[[139.661497,35.785299],[139.662277,35.787907]]},"properties":{"ward":"板橋区","species":["ヤマザクラ"],"count":null,"route":"180","alias":"","manager":"板橋区"}},{"type":"Feature","geometry":{"type":"LineString","coordinates":[[139.661828,35.78641],[139.664436,35.785904]]},"properties":{"ward":"板橋区","species":["イチョウ","サザンカ"],"count":null,"route":"181","alias":"","manager":"板橋区"}},{"type":"Feature","geometry":{"type":"LineString","coordinates":[[139.662341,35.785133],[139.662676,35.786246]]},"properties":{"ward":"板橋区","species":["ハナミズキ"],"count":null,"route":"182","alias":"","manager":"板橋区"}},{"type":"Feature","geometry":{"type":"LineString","coordinates":[[139.658679,35.784319],[139.665949,35.782902],[139.673365,35.782238]]},"properties":{"ward":"板橋区","species":["ハナミズキ"],"count":null,"route":"187","alias":"","manager":"板橋区"}},{"type":"Feature","geometry":{"type":"LineString","coordinates":[[139.662054,35.783295],[139.662158,35.78364]]},"properties":{"ward":"板橋区","species":["ソメイヨシノ"],"count":null,"route":"264","alias":"","manager":"板橋区"}},{"type":"Feature","geometry":{"type":"LineString","coordinates":[[139.662158,35.78364],[139.662591,35.785078]]},"properties":{"ward":"板橋区","species":["コブシ"],"count":null,"route":"253","alias":"","manager":"板橋区"}},{"type":"Feature","geometry":{"type":"LineString","coordinates":[[139.665576,35.781833],[139.667285,35.78705]]},"properties":{"ward":"板橋区","species":["スズカケノキ","ハナミズキ"],"count":null,"route":"184","alias":"","manager":"板橋区"}},{"type":"Feature","geometry":{"type":"LineString","coordinates":[[139.666233,35.781618],[139.665975,35.782647]]},"properties":{"ward":"板橋区","species":["ハナミズキ"],"count":null,"route":"188","alias":"","manager":"板橋区"}},{"type":"Feature","geometry":{"type":"LineString","coordinates":[[139.669724,35.781419],[139.670402,35.786402]]},"properties":{"ward":"板橋区","species":["サルスベリ"],"count":null,"route":"185","alias":"","manager":"板橋区"}},{"type":"Feature","geometry":{"type":"LineString","coordinates":[[139.666965,35.785443],[139.673721,35.78484]]},"properties":{"ward":"板橋区","species":["サルスベリ","サザンカ"],"count":null,"route":"186","alias":"","manager":"板橋区"}},{"type":"Feature","geometry":{"type":"LineString","coordinates":[[139.670456,35.786782],[139.670511,35.787178],[139.673749,35.786847]]},"properties":{"ward":"板橋区","species":["ケヤキ","マテバシイ"],"count":null,"route":"124","alias":"","manager":"板橋区"}},{"type":"Feature","geometry":{"type":"LineString","coordinates":[[139.673952,35.786509],[139.673703,35.786537],[139.673749,35.786847],[139.67411,35.786804]]},"properties":{"ward":"板橋区","species":["ケヤキ","マテバシイ"],"count":null,"route":"124","alias":"","manager":"板橋区"}},{"type":"Feature","geometry":{"type":"LineString","coordinates":[[139.660652,35.790946],[139.660201,35.789342]]},"properties":{"ward":"板橋区","species":["アキニレ"],"count":null,"route":"126","alias":"","manager":"板橋区"}},{"type":"Feature","geometry":{"type":"LineString","coordinates":[[139.660525,35.790517],[139.663515,35.789932],[139.669445,35.789388],[139.673621,35.789758]]},"properties":{"ward":"板橋区","species":["トウカエデ"],"count":null,"route":"115","alias":"","manager":"板橋区"}},{"type":"Feature","geometry":{"type":"LineString","coordinates":[[139.660353,35.789272],[139.663094,35.788672]]},"properties":{"ward":"板橋区","species":["カツラ"],"count":null,"route":"217","alias":"","manager":"板橋区"}},{"type":"Feature","geometry":{"type":"LineString","coordinates":[[139.663094,35.788672],[139.663515,35.789932],[139.663791,35.792672]]},"properties":{"ward":"板橋区","species":["ハナミズキ"],"count":null,"route":"118","alias":"","manager":"板橋区"}},{"type":"Feature","geometry":{"type":"LineString","coordinates":[[139.664396,35.788419],[139.665085,35.792626]]},"properties":{"ward":"板橋区","species":["ソメイヨシノ","ハナミズキ"],"count":null,"route":"117","alias":"","manager":"板橋区"}},{"type":"Feature","geometry":{"type":"LineString","coordinates":[[139.667457,35.789641],[139.667699,35.790835],[139.668158,35.792165]]},"properties":{"ward":"板橋区","species":["トチノキ"],"count":null,"route":"116","alias":"","manager":"板橋区"}},{"type":"Feature","geometry":{"type":"LineString","coordinates":[[139.669996,35.789338],[139.670383,35.789257]]},"properties":{"ward":"板橋区","species":["イスノキ"],"count":null,"route":"125","alias":"","manager":"板橋区"}},{"type":"Feature","geometry":{"type":"LineString","coordinates":[[139.688406,35.740821],[139.689531,35.741203],[139.691679,35.742685],[139.692523,35.74339]]},"properties":{"ward":"板橋区","species":["サクラ"],"count":44,"route":"6","alias":"","manager":"板橋区"}},{"type":"Feature","geometry":{"type":"LineString","coordinates":[[139.692135,35.748427],[139.692284,35.74881],[139.692276,35.749337],[139.692515,35.749904],[139.692314,35.750387]]},"properties":{"ward":"板橋区","species":["コブシ","ハクモクレン"],"count":23,"route":"11","alias":"","manager":"板橋区"}},{"type":"Feature","geometry":{"type":"LineString","coordinates":[[139.689598,35.749802],[139.689632,35.752297]]},"properties":{"ward":"板橋区","species":["コブシ"],"count":16,"route":"12","alias":"","manager":"板橋区"}},{"type":"Feature","geometry":{"type":"LineString","coordinates":[[139.704358,35.749067],[139.704027,35.750467]]},"properties":{"ward":"板橋区","species":["クスノキ","イヌマキ"],"count":18,"route":"14","alias":"","manager":"板橋区"}},{"type":"Feature","geometry":{"type":"LineString","coordinates":[[139.69958,35.75346],[139.700364,35.752215],[139.701609,35.749861]]},"properties":{"ward":"板橋区","species":["ケヤキ","サクラ"],"count":3,"route":"18","alias":"","manager":"板橋区"}},{"type":"Feature","geometry":{"type":"LineString","coordinates":[[139.71541,35.746267],[139.716219,35.746056],[139.717551,35.746074]]},"properties":{"ward":"板橋区","species":["サクラ"],"count":15,"route":"19","alias":"","manager":"板橋区"}},{"type":"Feature","geometry":{"type":"LineString","coordinates":[[139.71506,35.746405],[139.716234,35.748103],[139.717048,35.748946]]},"properties":{"ward":"板橋区","species":["サクラ"],"count":18,"route":"21","alias":"","manager":"板橋区"}},{"type":"Feature","geometry":{"type":"LineString","coordinates":[[139.708645,35.749544],[139.711321,35.749746]]},"properties":{"ward":"板橋区","species":["ヤマボウシ","ケヤキほか"],"count":15,"route":"23","alias":"","manager":"板橋区"}},{"type":"Feature","geometry":{"type":"LineString","coordinates":[[139.711156,35.749215],[139.711393,35.749181],[139.711233,35.749062]]},"properties":{"ward":"板橋区","species":["ハナミズキ"],"count":9,"route":"24","alias":"","manager":"板橋区"}},{"type":"Feature","geometry":{"type":"LineString","coordinates":[[139.707847,35.750763],[139.707855,35.751032]]},"properties":{"ward":"板橋区","species":["カツラ"],"count":1,"route":"25","alias":"","manager":"板橋区"}},{"type":"Feature","geometry":{"type":"LineString","coordinates":[[139.719622,35.746335],[139.719982,35.746768]]},"properties":{"ward":"板橋区","species":["ケヤキ"],"count":3,"route":"26","alias":"","manager":"板橋区"}},{"type":"Feature","geometry":{"type":"LineString","coordinates":[[139.71004,35.751798],[139.710871,35.752205]]},"properties":{"ward":"板橋区","species":["トチノキ"],"count":5,"route":"28","alias":"","manager":"板橋区"}},{"type":"Feature","geometry":{"type":"LineString","coordinates":[[139.717023,35.75958],[139.715318,35.758236]]},"properties":{"ward":"板橋区","species":["クスノキ"],"count":7,"route":"33","alias":"","manager":"板橋区"}},{"type":"Feature","geometry":{"type":"LineString","coordinates":[[139.713287,35.758738],[139.714582,35.758219]]},"properties":{"ward":"板橋区","species":["サクラ"],"count":6,"route":"34","alias":"","manager":"板橋区"}},{"type":"Feature","geometry":{"type":"LineString","coordinates":[[139.707667,35.75954],[139.707949,35.759587]]},"properties":{"ward":"板橋区","species":["ケヤキ","エノキ"],"count":5,"route":"35","alias":"","manager":"板橋区"}},{"type":"Feature","geometry":{"type":"LineString","coordinates":[[139.713337,35.762939],[139.714396,35.761391]]},"properties":{"ward":"板橋区","species":["サクラ"],"count":36,"route":"36","alias":"","manager":"板橋区"}},{"type":"Feature","geometry":{"type":"LineString","coordinates":[[139.712637,35.763006],[139.713154,35.763013]]},"properties":{"ward":"板橋区","species":["キンモクセイ"],"count":8,"route":"37","alias":"","manager":"板橋区"}},{"type":"Feature","geometry":{"type":"LineString","coordinates":[[139.709282,35.76248],[139.707804,35.766168]]},"properties":{"ward":"板橋区","species":["サクラ"],"count":16,"route":"38","alias":"","manager":"板橋区"}},{"type":"Feature","geometry":{"type":"LineString","coordinates":[[139.69864,35.773142],[139.701318,35.774464],[139.7037,35.774842]]},"properties":{"ward":"板橋区","species":["トウカエデ"],"count":63,"route":"39","alias":"","manager":"板橋区"}},{"type":"Feature","geometry":{"type":"LineString","coordinates":[[139.702161,35.773509],[139.698681,35.778715],[139.69844,35.778956],[139.697729,35.779338],[139.697008,35.779861],[139.696757,35.780203],[139.696497,35.780815]]},"properties":{"ward":"板橋区","species":["トウカエデ"],"count":156,"route":"40","alias":"","manager":"板橋区"}},{"type":"Feature","geometry":{"type":"LineString","coordinates":[[139.69499,35.776334],[139.698433,35.777973],[139.69895,35.778149]]},"properties":{"ward":"板橋区","species":["サクラ"],"count":20,"route":"42","alias":"","manager":"板橋区"}},{"type":"Feature","geometry":{"type":"LineString","coordinates":[[139.698454,35.769113],[139.699465,35.769321],[139.699241,35.769782]]},"properties":{"ward":"板橋区","species":["イチョウ"],"count":18,"route":"47","alias":"","manager":"板橋区"}},{"type":"Feature","geometry":{"type":"LineString","coordinates":[[139.684485,35.776984],[139.684864,35.777081],[139.684964,35.776884]]},"properties":{"ward":"板橋区","species":["カツラ"],"count":6,"route":"79","alias":"","manager":"板橋区"}},{"type":"Feature","geometry":{"type":"LineString","coordinates":[[139.69716,35.770562],[139.6927,35.775267],[139.689371,35.77683],[139.688792,35.776943],[139.687731,35.776953],[139.687233,35.777076],[139.686809,35.77739],[139.686108,35.77873]]},"properties":{"ward":"板橋区","species":["イチョウ"],"count":185,"route":"97","alias":"","manager":"板橋区"}},{"type":"Feature","geometry":{"type":"LineString","coordinates":[[139.715152,35.753707],[139.715709,35.753253]]},"properties":{"ward":"板橋区","species":["ケヤキ"],"count":12,"route":"201","alias":"","manager":"板橋区"}},{"type":"Feature","geometry":{"type":"LineString","coordinates":[[139.681532,35.746904],[139.681626,35.746909],[139.681568,35.747873]]},"properties":{"ward":"板橋区","species":["サクラ"],"count":5,"route":"212","alias":"","manager":"板橋区"}},{"type":"Feature","geometry":{"type":"LineString","coordinates":[[139.699126,35.778207],[139.703087,35.779526]]},"properties":{"ward":"板橋区","species":["ハナミズキ"],"count":51,"route":"224","alias":"","manager":"板橋区"}},{"type":"Feature","geometry":{"type":"LineString","coordinates":[[139.69238,35.777966],[139.692571,35.777364],[139.69277,35.777167],[139.693006,35.777076]]},"properties":{"ward":"板橋区","species":["サルスベリ"],"count":5,"route":"244","alias":"","manager":"板橋区"}},{"type":"Feature","geometry":{"type":"LineString","coordinates":[[139.715269,35.760127],[139.717537,35.75839]]},"properties":{"ward":"板橋区","species":["サクラ"],"count":20,"route":"250","alias":"","manager":"板橋区"}},{"type":"Feature","geometry":{"type":"LineString","coordinates":[[139.680653,35.77582],[139.680736,35.77602],[139.680295,35.777208]]},"properties":{"ward":"板橋区","species":["ハクモクレン"],"count":19,"route":"259","alias":"","manager":"板橋区"}},{"type":"Feature","geometry":{"type":"LineString","coordinates":[[139.70228,35.773351],[139.702412,35.773147]]},"properties":{"ward":"板橋区","species":["ヤナギ","クスノキ"],"count":3,"route":"285","alias":"","manager":"板橋区"}},{"type":"Feature","geometry":{"type":"LineString","coordinates":[[139.692936,35.757201],[139.693293,35.757456],[139.693733,35.757512],[139.70147,35.756233],[139.70299,35.75644],[139.703341,35.756146],[139.703866,35.755472],[139.704419,35.755299],[139.70495,35.755446],[139.706789,35.757001],[139.707187,35.757128],[139.709115,35.757265],[139.709478,35.75746],[139.710202,35.758247],[139.710467,35.758438],[139.711682,35.758959],[139.71213,35.758952]]},"properties":{"ward":"板橋区","species":["サクラ"],"count":287,"route":"309","alias":"","manager":"板橋区"}},{"type":"Feature","geometry":{"type":"LineString","coordinates":[[139.691416,35.755922],[139.692806,35.757384],[139.693163,35.757654],[139.693555,35.757713],[139.701436,35.756433],[139.702965,35.756639],[139.7034,35.756424],[139.703963,35.755675],[139.704467,35.75549],[139.704807,35.755601],[139.706679,35.757168],[139.707353,35.757347],[139.708684,35.757382],[139.709091,35.757477],[139.709383,35.757685],[139.709997,35.758411],[139.710839,35.75885]]},"properties":{"ward":"板橋区","species":["サクラ"],"count":287,"route":"309","alias":"","manager":"板橋区"}},{"type":"Feature","geometry":{"type":"LineString","coordinates":[[139.712586,35.759174],[139.715199,35.761398]]},"properties":{"ward":"板橋区","species":["ハナミズキ"],"count":37,"route":"705","alias":"","manager":"板橋区"}},{"type":"Feature","geometry":{"type":"LineString","coordinates":[[139.707262,35.740869],[139.706929,35.741134]]},"properties":{"ward":"板橋区","species":["イチョウ"],"count":null,"route":"国道254号線","alias":"","manager":"国"}},{"type":"Feature","geometry":{"type":"LineString","coordinates":[[139.680409,35.793858],[139.680671,35.793844]]},"properties":{"ward":"板橋区","species":["エノキ","カクレミノほか"],"count":null,"route":"113","alias":"","manager":"板橋区"}},{"type":"Feature","geometry":{"type":"LineString","coordinates":[[139.67148,35.772975],[139.671824,35.77295]]},"properties":{"ward":"板橋区","species":["ナツツバキ"],"count":null,"route":"510","alias":"","manager":"板橋区"}},{"type":"Feature","geometry":{"type":"LineString","coordinates":[[139.666765,35.767906],[139.666688,35.768282],[139.666978,35.768257]]},"properties":{"ward":"板橋区","species":["ナツツバキ"],"count":null,"route":"168","alias":"","manager":"板橋区"}},{"type":"Feature","geometry":{"type":"LineString","coordinates":[[139.672877,35.793387],[139.671712,35.793738],[139.668927,35.794393],[139.664122,35.794942]]},"properties":{"ward":"板橋区","species":["サザンカ"],"count":null,"route":"198","alias":"","manager":"板橋区"}},{"type":"Feature","geometry":{"type":"LineString","coordinates":[[139.631919,35.778501],[139.632301,35.778287]]},"properties":{"ward":"板橋区","species":["カツラ","ケヤキ"],"count":null,"route":"508","alias":"","manager":"板橋区"}},{"type":"Feature","geometry":{"type":"LineString","coordinates":[[139.630406,35.776614],[139.630323,35.77646],[139.630979,35.77616]]},"properties":{"ward":"板橋区","species":["サザンカ"],"count":null,"route":"149","alias":"","manager":"板橋区"}},{"type":"Feature","geometry":{"type":"LineString","coordinates":[[139.631393,35.776483],[139.631253,35.776221]]},"properties":{"ward":"板橋区","species":["サザンカ"],"count":null,"route":"509","alias":"","manager":"板橋区"}},{"type":"Feature","geometry":{"type":"LineString","coordinates":[[139.634597,35.775057],[139.634843,35.775128]]},"properties":{"ward":"板橋区","species":["サザンカ"],"count":null,"route":"269","alias":"","manager":"板橋区"}},{"type":"Feature","geometry":{"type":"LineString","coordinates":[[139.69167,35.746415],[139.691469,35.746076]]},"properties":{"ward":"板橋区","species":["クスノキ"],"count":27,"route":"213","alias":"","manager":"板橋区"}},{"type":"Feature","geometry":{"type":"LineString","coordinates":[[139.639043,35.756887],[139.639706,35.757049]]},"properties":{"ward":"練馬区","species":["イチョウ"],"count":null,"route":"W15","alias":"田柄三丁目いちょう緑道","manager":"練馬区"}},{"type":"Feature","geometry":{"type":"LineString","coordinates":[[139.590716,35.743063],[139.591206,35.741698],[139.59189,35.740797],[139.592097,35.740341]]},"properties":{"ward":"練馬区","species":["カリン","ハナミズキ"],"count":null,"route":"W34","alias":"石神井台三丁目緑道","manager":"練馬区"}},{"type":"Feature","geometry":{"type":"LineString","coordinates":[[139.606389,35.744785],[139.606843,35.743911]]},"properties":{"ward":"練馬区","species":["コブシ"],"count":null,"route":"W32","alias":"石神井町二丁目緑道","manager":"練馬区"}},{"type":"Feature","geometry":{"type":"LineString","coordinates":[[139.607004,35.741388],[139.607216,35.742548],[139.607755,35.743529],[139.607922,35.744832],[139.607981,35.747379],[139.607441,35.750185]]},"properties":{"ward":"練馬区","species":["カワヅザクラ","コブシ"],"count":null,"route":"B06","alias":"石神井町二丁目緑道","manager":"練馬区"}},{"type":"Feature","geometry":{"type":"LineString","coordinates":[[139.654299,35.760422],[139.654985,35.760738],[139.65575,35.760859]]},"properties":{"ward":"練馬区","species":["クロガネモチ"],"count":null,"route":"W13","alias":"北町六丁目緑道","manager":"練馬区"}},{"type":"Feature","geometry":{"type":"LineString","coordinates":[[139.582146,35.73052],[139.582223,35.731697]]},"properties":{"ward":"練馬区","species":["ケヤキ"],"count":null,"route":"B07","alias":"石神井台七丁目","manager":"練馬区"}},{"type":"Feature","geometry":{"type":"LineString","coordinates":[[139.581076,35.749576],[139.581646,35.749358]]},"properties":{"ward":"練馬区","species":["ケヤキ","アカマツ"],"count":null,"route":"W33","alias":"東大泉七丁目緑道","manager":"練馬区"}},{"type":"Feature","geometry":{"type":"LineString","coordinates":[[139.66923,35.747992],[139.669708,35.748269],[139.669581,35.749577]]},"properties":{"ward":"練馬区","species":["ケヤキ","カイヅカイブキ"],"count":null,"route":"W01","alias":"桜台三丁目緑道","manager":"練馬区"}},{"type":"Feature","geometry":{"type":"LineString","coordinates":[[139.598388,35.757521],[139.599218,35.762204],[139.599974,35.76501],[139.601127,35.768717],[139.601442,35.769667],[139.601846,35.770526]]},"properties":{"ward":"練馬区","species":["ケヤキ","サクラほか"],"count":null,"route":"B03","alias":"外環側道緑道","manager":"練馬区"}},{"type":"Feature","geometry":{"type":"LineString","coordinates":[[139.643433,35.731223],[139.643378,35.729385],[139.645378,35.729227],[139.645524,35.730287],[139.648168,35.73041],[139.648693,35.730273]]},"properties":{"ward":"練馬区","species":["ケヤキ","ハナミズキ"],"count":null,"route":"W07","alias":"中新井川Ｂ緑道","manager":"練馬区"}},{"type":"Feature","geometry":{"type":"LineString","coordinates":[[139.649208,35.728505],[139.648693,35.730273]]},"properties":{"ward":"練馬区","species":["ケヤキ","ハナミズキ"],"count":null,"route":"W07","alias":"中新井川Ｂ緑道","manager":"練馬区"}},{"type":"Feature","geometry":{"type":"LineString","coordinates":[[139.648693,35.730273],[139.648602,35.730651],[139.649078,35.732073],[139.649987,35.733802],[139.650073,35.734137],[139.649824,35.734662]]},"properties":{"ward":"練馬区","species":["ケヤキ","ハナミズキ"],"count":null,"route":"W07","alias":"中新井川Ｂ緑道","manager":"練馬区"}},{"type":"Feature","geometry":{"type":"LineString","coordinates":[[139.627466,35.762593],[139.627472,35.758825]]},"properties":{"ward":"練馬区","species":["コブシ"],"count":null,"route":"W20","alias":"光が丘２号線","manager":"練馬区"}},{"type":"Feature","geometry":{"type":"LineString","coordinates":[[139.595072,35.775318],[139.598982,35.773644],[139.600929,35.77326]]},"properties":{"ward":"練馬区","species":["コブシ","ソメイヨシノほか"],"count":null,"route":"W30","alias":"キャンプドレイク緑道","manager":"練馬区"}},{"type":"Feature","geometry":{"type":"LineString","coordinates":[[139.596754,35.776653],[139.595143,35.776961]]},"properties":{"ward":"練馬区","species":["コブシ","ソメイヨシノほか"],"count":null,"route":"W30","alias":"キャンプドレイク緑道","manager":"練馬区"}},{"type":"Feature","geometry":{"type":"LineString","coordinates":[[139.604011,35.729184],[139.604352,35.72947],[139.605201,35.72996],[139.605665,35.730497],[139.605373,35.73072],[139.606964,35.732129],[139.607516,35.732516],[139.607804,35.732625],[139.608408,35.732607]]},"properties":{"ward":"練馬区","species":["コブシ","ハナミズキ"],"count":null,"route":"W35","alias":"下石神井二丁目緑道","manager":"練馬区"}},{"type":"Feature","geometry":{"type":"LineString","coordinates":[[139.608807,35.739719],[139.609231,35.73956],[139.609388,35.739086],[139.609347,35.738755],[139.6094,35.738653],[139.609587,35.738495],[139.610192,35.738308],[139.61059,35.73828],[139.610757,35.738352],[139.611048,35.738664],[139.611931,35.738547],[139.612085,35.73861],[139.612377,35.738934],[139.61241,35.739099]]},"properties":{"ward":"練馬区","species":["サクラ"],"count":null,"route":"W36","alias":"南田中五丁目","manager":"練馬区"}},{"type":"Feature","geometry":{"type":"LineString","coordinates":[[139.647915,35.739881],[139.648418,35.740013],[139.649029,35.740052]]},"properties":{"ward":"練馬区","species":["サラサモクレン"],"count":null,"route":"W04","alias":"練馬3.4丁目緑道","manager":"練馬区"}},{"type":"Feature","geometry":{"type":"LineString","coordinates":[[139.585776,35.751685],[139.586104,35.753118],[139.588811,35.758549],[139.588825,35.758793],[139.585889,35.775436]]},"properties":{"ward":"練馬区","species":["ソメイヨシノ"],"count":null,"route":"B05a","alias":"大泉学園町通り緑道","manager":"練馬区"}},{"type":"Feature","geometry":{"type":"LineString","coordinates":[[139.625514,35.764152],[139.627744,35.762604],[139.628246,35.762442],[139.630414,35.762547],[139.630686,35.762693],[139.632861,35.764498],[139.633128,35.764593],[139.633432,35.764603],[139.63526,35.764232],[139.635731,35.764281]]},"properties":{"ward":"練馬区","species":["ソメイヨシノ"],"count":null,"route":"W17","alias":"光が丘３号線緑道","manager":"練馬区"}},{"type":"Feature","geometry":{"type":"LineString","coordinates":[[139.632943,35.764531],[139.632814,35.764646],[139.632117,35.764612],[139.632504,35.765654],[139.632534,35.766198]]},"properties":{"ward":"練馬区","species":["ケヤキ"],"count":null,"route":"W18","alias":"光が丘３号線緑道","manager":"練馬区"}},{"type":"Feature","geometry":{"type":"LineString","coordinates":[[139.61207,35.768474],[139.611589,35.769504]]},"properties":{"ward":"練馬区","species":["ソメイヨシノ"],"count":null,"route":"W38","alias":"八坂小中学校前緑道","manager":"練馬区"}},{"type":"Feature","geometry":{"type":"LineString","coordinates":[[139.633543,35.770017],[139.626544,35.769955],[139.626283,35.769855],[139.62591,35.769537],[139.625356,35.76847],[139.625235,35.767943],[139.625392,35.757808],[139.625638,35.757438],[139.626324,35.757067],[139.626517,35.75685],[139.62658,35.756584],[139.626613,35.753948]]},"properties":{"ward":"練馬区","species":["ソメイヨシノ","クスノキほか"],"count":null,"route":"B02","alias":"光が丘西大通り,光が丘東大通り","manager":"練馬区"}},{"type":"Feature","geometry":{"type":"LineString","coordinates":[[139.631324,35.75374],[139.631958,35.754902],[139.632242,35.756643],[139.632116,35.75743],[139.631724,35.758195],[139.6316,35.758633],[139.631618,35.760376],[139.631712,35.760594],[139.631935,35.760765],[139.632267,35.760845],[139.63548,35.760882],[139.635425,35.762832],[139.635905,35.763989],[139.635991,35.764385],[139.635678,35.765465],[139.635436,35.767486],[139.635452,35.768822]]},"properties":{"ward":"練馬区","species":["ソメイヨシノ","クスノキほか"],"count":null,"route":"B02","alias":"光が丘西大通り,光が丘東大通り","manager":"練馬区"}},{"type":"Feature","geometry":{"type":"LineString","coordinates":[[139.635512,35.762448],[139.636932,35.762434],[139.640194,35.761862],[139.641043,35.761816],[139.645834,35.76251],[139.650082,35.763652],[139.651418,35.763587],[139.651925,35.763672],[139.652341,35.763859],[139.653029,35.764531]]},"properties":{"ward":"練馬区","species":["タブノキ","シラカシほか"],"count":null,"route":"B01","alias":"田柄川緑道","manager":"練馬区"}},{"type":"Feature","geometry":{"type":"LineString","coordinates":[[139.62665,35.756246],[139.628773,35.756265],[139.629101,35.756362]]},"properties":{"ward":"練馬区","species":["トウカエデ"],"count":null,"route":"W24","alias":"光が丘３丁目","manager":"練馬区"}},{"type":"Feature","geometry":{"type":"LineString","coordinates":[[139.627299,35.760972],[139.624257,35.76096],[139.621767,35.760698],[139.622052,35.75962],[139.622044,35.758735]]},"properties":{"ward":"練馬区","species":["トチノキ"],"count":null,"route":"W21","alias":"光が丘１号線","manager":"練馬区"}},{"type":"Feature","geometry":{"type":"LineString","coordinates":[[139.607723,35.741359],[139.608127,35.74147],[139.608901,35.741377],[139.610021,35.740815],[139.610713,35.740231],[139.612057,35.73994],[139.61249,35.73992],[139.613088,35.740048],[139.61503,35.739779]]},"properties":{"ward":"練馬区","species":["トチノキ"],"count":null,"route":"W37","alias":"石神井町一丁目緑道","manager":"練馬区"}},{"type":"Feature","geometry":{"type":"LineString","coordinates":[[139.617413,35.741019],[139.616533,35.741015],[139.615555,35.741471]]},"properties":{"ward":"練馬区","species":["ナンキンハゼ","カツラほか"],"count":null,"route":"W28","alias":"練馬高野台駅北口","manager":"練馬区"}},{"type":"Feature","geometry":{"type":"LineString","coordinates":[[139.631723,35.758665],[139.633096,35.759245],[139.634457,35.759553],[139.635606,35.759625],[139.637891,35.759506],[139.639869,35.759919],[139.641407,35.760121],[139.643653,35.760128],[139.646009,35.759882],[139.648774,35.75942],[139.650857,35.75935]]},"properties":{"ward":"練馬区","species":["ナンキンハゼ","ハクウンボク"],"count":null,"route":"W14","alias":"田柄１～北町７丁目","manager":"練馬区"}},{"type":"Feature","geometry":{"type":"LineString","coordinates":[[139.65474,35.73753],[139.654129,35.739921],[139.653708,35.739928],[139.653644,35.740449],[139.653897,35.742088],[139.653791,35.7442]]},"properties":{"ward":"練馬区","species":["ハナミズキ"],"count":null,"route":"W03b","alias":"区画街路1号線緑道","manager":"練馬区"}},{"type":"Feature","geometry":{"type":"LineString","coordinates":[[139.640691,35.736515],[139.640824,35.734236]]},"properties":{"ward":"練馬区","species":["ハナミズキ"],"count":null,"route":"W08","alias":"中村北三丁目ハナミズキ","manager":"練馬区"}},{"type":"Feature","geometry":{"type":"LineString","coordinates":[[139.668877,35.754111],[139.673637,35.75897]]},"properties":{"ward":"練馬区","species":["ハナミズキ"],"count":null,"route":"W10","alias":"城北公園通り","manager":"練馬区"}},{"type":"Feature","geometry":{"type":"LineString","coordinates":[[139.664859,35.756148],[139.666983,35.757818],[139.667774,35.758574]]},"properties":{"ward":"練馬区","species":["ハナミズキ"],"count":null,"route":"W11","alias":"平和台一丁目","manager":"練馬区"}},{"type":"Feature","geometry":{"type":"LineString","coordinates":[[139.638193,35.767517],[139.640927,35.767519]]},"properties":{"ward":"練馬区","species":["ハナミズキ"],"count":null,"route":"W16","alias":"田柄四丁目むつみ台団地南","manager":"練馬区"}},{"type":"Feature","geometry":{"type":"LineString","coordinates":[[139.620037,35.763162],[139.62097,35.762906],[139.622399,35.762915],[139.62359,35.763087],[139.624201,35.763332],[139.624803,35.763734],[139.625202,35.763745]]},"properties":{"ward":"練馬区","species":["ハナミズキ"],"count":null,"route":"W19","alias":"旭町一丁目緑道","manager":"練馬区"}},{"type":"Feature","geometry":{"type":"LineString","coordinates":[[139.620793,35.756522],[139.622105,35.756504]]},"properties":{"ward":"練馬区","species":["ハナミズキ"],"count":null,"route":"W22","alias":"高松５丁目北緑道","manager":"練馬区"}},{"type":"Feature","geometry":{"type":"LineString","coordinates":[[139.620418,35.755024],[139.622111,35.755025]]},"properties":{"ward":"練馬区","species":["ハナミズキ"],"count":null,"route":"W23","alias":"高松５丁目南緑道","manager":"練馬区"}},{"type":"Feature","geometry":{"type":"LineString","coordinates":[[139.630922,35.753615],[139.630906,35.751166]]},"properties":{"ward":"練馬区","species":["ハナミズキ"],"count":null,"route":"W27","alias":"高松4丁目東周辺緑道","manager":"練馬区"}},{"type":"Feature","geometry":{"type":"LineString","coordinates":[[139.631508,35.736213],[139.631419,35.7373],[139.63245,35.73735],[139.632437,35.736958],[139.632573,35.736375]]},"properties":{"ward":"練馬区","species":["ハナミズキ","イチョウ"],"count":null,"route":"W09","alias":"中村橋駅前緑道","manager":"練馬区"}},{"type":"Feature","geometry":{"type":"LineString","coordinates":[[139.624237,35.753605],[139.624425,35.753271],[139.624838,35.75282],[139.625225,35.752061],[139.625334,35.751425],[139.625648,35.750391],[139.625657,35.748649]]},"properties":{"ward":"練馬区","species":["ハナミズキ","クロガネモチ"],"count":null,"route":"W26","alias":"高松3～4丁目","manager":"練馬区"}},{"type":"Feature","geometry":{"type":"LineString","coordinates":[[139.585857,35.749087],[139.585979,35.748529],[139.585008,35.748428],[139.585321,35.749589]]},"properties":{"ward":"練馬区","species":["ハナミズキ","ケヤキ"],"count":null,"route":"B05b","alias":"大泉学園駅南口緑道","manager":"練馬区"}},{"type":"Feature","geometry":{"type":"LineString","coordinates":[[139.66826,35.75688],[139.668207,35.757309]]},"properties":{"ward":"練馬区","species":["ヒマラヤスギ"],"count":null,"route":"W12","alias":"氷川台二丁目","manager":"練馬区"}},{"type":"Feature","geometry":{"type":"LineString","coordinates":[[139.65272,35.735881],[139.65276,35.736072],[139.65261,35.7369],[139.652895,35.738374],[139.652704,35.740355],[139.652219,35.740355],[139.651333,35.740195],[139.65164,35.740831],[139.651703,35.741189],[139.651564,35.741468],[139.651768,35.741745],[139.651744,35.742484],[139.651402,35.74326]]},"properties":{"ward":"練馬区","species":["マロニエ"],"count":null,"route":"W05","alias":"豊玉北マロニエ緑道","manager":"練馬区"}},{"type":"Feature","geometry":{"type":"LineString","coordinates":[[139.622047,35.758317],[139.622098,35.75362]]},"properties":{"ward":"練馬区","species":["ユリノキ"],"count":null,"route":"W25","alias":"光が丘１号線緑道","manager":"練馬区"}},{"type":"Feature","geometry":{"type":"LineString","coordinates":[[139.611287,35.744822],[139.612146,35.745189],[139.613611,35.74567],[139.614234,35.745761],[139.615553,35.745765],[139.617082,35.746699]]},"properties":{"ward":"練馬区","species":["ユリノキ"],"count":null,"route":"W29","alias":"高野台三～四丁目緑道","manager":"練馬区"}},{"type":"Feature","geometry":{"type":"LineString","coordinates":[[139.584431,35.763999],[139.588938,35.763486],[139.591012,35.763044],[139.591999,35.762744],[139.593202,35.762311],[139.595496,35.761189],[139.597287,35.759976],[139.597936,35.759442]]},"properties":{"ward":"練馬区","species":["複合"],"count":null,"route":"B04","alias":"関越下側道緑道","manager":"練馬区"}},{"type":"Feature","geometry":{"type":"LineString","coordinates":[[139.675387,35.745273],[139.680239,35.743078]]},"properties":{"ward":"練馬区","species":["複合"],"count":null,"route":"W02","alias":"小竹","manager":"練馬区"}},{"type":"Feature","geometry":{"type":"LineString","coordinates":[[139.651115,35.727337],[139.660529,35.726704],[139.661532,35.726848],[139.662355,35.727208]]},"properties":{"ward":"練馬区","species":["複合"],"count":null,"route":"W06","alias":"徳殿公園あたり","manager":"練馬区"}},{"type":"Feature","geometry":{"type":"LineString","coordinates":[[139.652381,35.768632],[139.652884,35.767338]]},"properties":{"ward":"練馬区","species":["ユリノキ"],"count":null,"route":"国道17号線","alias":"","manager":"国"}},{"type":"Feature","geometry":{"type":"LineString","coordinates":[[139.670705,35.762246],[139.665588,35.763694]]},"properties":{"ward":"練馬区","species":["イチョウ"],"count":null,"route":"国道254号線","alias":"","manager":"国"}},{"type":"Feature","geometry":{"type":"LineString","coordinates":[[139.665588,35.763694],[139.652819,35.767167],[139.646379,35.768806],[139.645431,35.769182]]},"properties":{"ward":"練馬区","species":["エンジュ"],"count":null,"route":"国道254号線","alias":"","manager":"国"}},{"type":"Feature","geometry":{"type":"LineString","coordinates":[[139.645431,35.769182],[139.642685,35.770743]]},"properties":{"ward":"練馬区","species":["プラタナス類"],"count":null,"route":"国道254号線","alias":"","manager":"国"}},{"type":"Feature","geometry":{"type":"LineString","coordinates":[[139.803348,35.777092],[139.804551,35.777273],[139.805198,35.777285],[139.806765,35.777058],[139.80726,35.777058]]},"properties":{"ward":"足立区","species":["アキニレ"],"count":14,"route":"五反野350号線-1","alias":"","manager":"足立区"}},{"type":"Feature","geometry":{"type":"LineString","coordinates":[[139.826318,35.777053],[139.828764,35.776918]]},"properties":{"ward":"足立区","species":["アキニレ"],"count":20,"route":"綾瀬103号線","alias":"","manager":"足立区"}},{"type":"Feature","geometry":{"type":"LineString","coordinates":[[139.836724,35.779707],[139.839449,35.779527]]},"properties":{"ward":"足立区","species":["アキニレ"],"count":37,"route":"大谷田368号線","alias":"","manager":"足立区"}},{"type":"Feature","geometry":{"type":"LineString","coordinates":[[139.769851,35.810362],[139.766182,35.81065],[139.763265,35.810426]]},"properties":{"ward":"足立区","species":["アキニレ"],"count":48,"route":"舎人324号線-1","alias":"","manager":"足立区"}},{"type":"Feature","geometry":{"type":"LineString","coordinates":[[139.833495,35.785363],[139.841425,35.787167]]},"properties":{"ward":"足立区","species":["アキニレ"],"count":95,"route":"大谷田283号線","alias":"","manager":"足立区"}},{"type":"Feature","geometry":{"type":"LineString","coordinates":[[139.806724,35.80847],[139.806541,35.800649],[139.806785,35.797403],[139.80687,35.795108]]},"properties":{"ward":"足立区","species":["アキニレ"],"count":196,"route":"花畑211号線","alias":"","manager":"足立区"}},{"type":"Feature","geometry":{"type":"LineString","coordinates":[[139.779342,35.790167],[139.779192,35.780621]]},"properties":{"ward":"足立区","species":["アキニレ","カリンほか"],"count":171,"route":"足立3号線-2","alias":"","manager":"足立区"}},{"type":"Feature","geometry":{"type":"LineString","coordinates":[[139.763068,35.813782],[139.763116,35.807593],[139.763271,35.806581],[139.763695,35.805612],[139.765005,35.803644],[139.765629,35.80223]]},"properties":{"ward":"足立区","species":["アキニレ","クスノキほか"],"count":178,"route":"舎人300号線-1","alias":"","manager":"足立区"}},{"type":"Feature","geometry":{"type":"LineString","coordinates":[[139.765711,35.801827],[139.765647,35.796313]]},"properties":{"ward":"足立区","species":["アキニレ","トチノキ類ほか"],"count":105,"route":"舎人300号線-2","alias":"","manager":"足立区"}},{"type":"Feature","geometry":{"type":"LineString","coordinates":[[139.779463,35.798298],[139.779342,35.790167]]},"properties":{"ward":"足立区","species":["アキニレ","トチノキ類ほか"],"count":175,"route":"足立3号線-1","alias":"","manager":"足立区"}},{"type":"Feature","geometry":{"type":"LineString","coordinates":[[139.802986,35.788906],[139.804459,35.788828],[139.808913,35.789077],[139.809148,35.78902],[139.810573,35.789074],[139.816338,35.788323]]},"properties":{"ward":"足立区","species":["アキニレ","ユリノキほか"],"count":104,"route":"渕江118号線","alias":"","manager":"足立区"}},{"type":"Feature","geometry":{"type":"LineString","coordinates":[[139.789241,35.803861],[139.79002,35.803325],[139.790506,35.803237],[139.791105,35.803257]]},"properties":{"ward":"足立区","species":["アメリカフウ"],"count":11,"route":"舎人177号線","alias":"","manager":"足立区"}},{"type":"Feature","geometry":{"type":"LineString","coordinates":[[139.780988,35.804593],[139.781568,35.804898],[139.782311,35.804965],[139.783073,35.805313],[139.784915,35.805415],[139.785217,35.805326],[139.785485,35.805064],[139.785931,35.804841],[139.786296,35.80481]]},"properties":{"ward":"足立区","species":["アメリカフウ"],"count":11,"route":"舎人177号線","alias":"","manager":"足立区"}},{"type":"Feature","geometry":{"type":"LineString","coordinates":[[139.802177,35.805709],[139.803733,35.806078]]},"properties":{"ward":"足立区","species":["アメリカフウ"],"count":15,"route":"花畑134号線","alias":"","manager":"足立区"}},{"type":"Feature","geometry":{"type":"LineString","coordinates":[[139.793857,35.797913],[139.793647,35.796048]]},"properties":{"ward":"足立区","species":["イチョウ"],"count":6,"route":"竹の塚139号線","alias":"","manager":"足立区"}},{"type":"Feature","geometry":{"type":"LineString","coordinates":[[139.823925,35.765482],[139.824888,35.765528]]},"properties":{"ward":"足立区","species":["イチョウ"],"count":8,"route":"綾瀬299号線","alias":"","manager":"足立区"}},{"type":"Feature","geometry":{"type":"LineString","coordinates":[[139.757644,35.801608],[139.757021,35.802236],[139.757706,35.802639]]},"properties":{"ward":"足立区","species":["イチョウ"],"count":10,"route":"舎人401号線","alias":"","manager":"足立区"}},{"type":"Feature","geometry":{"type":"LineString","coordinates":[[139.836442,35.764443],[139.837495,35.764433]]},"properties":{"ward":"足立区","species":["イチョウ"],"count":22,"route":"綾瀬321号線","alias":"","manager":"足立区"}},{"type":"Feature","geometry":{"type":"LineString","coordinates":[[139.84353,35.795022],[139.843579,35.794861]]},"properties":{"ward":"足立区","species":["イチョウ"],"count":55,"route":"大谷田254号線","alias":"","manager":"足立区"}},{"type":"Feature","geometry":{"type":"LineString","coordinates":[[139.79148,35.782369],[139.791829,35.785574],[139.791943,35.786016],[139.792287,35.786441]]},"properties":{"ward":"足立区","species":["イチョウ"],"count":62,"route":"竹の塚257号線","alias":"","manager":"足立区"}},{"type":"Feature","geometry":{"type":"LineString","coordinates":[[139.815425,35.782689],[139.810213,35.782663]]},"properties":{"ward":"足立区","species":["イチョウ"],"count":75,"route":"渕江218号線-1","alias":"","manager":"足立区"}},{"type":"Feature","geometry":{"type":"LineString","coordinates":[[139.817498,35.800831],[139.817475,35.799387],[139.817652,35.798985],[139.819983,35.796049],[139.82214,35.794548]]},"properties":{"ward":"足立区","species":["イチョウ"],"count":83,"route":"花畑332号線","alias":"","manager":"足立区"}},{"type":"Feature","geometry":{"type":"LineString","coordinates":[[139.82222,35.79437],[139.82215,35.788034]]},"properties":{"ward":"足立区","species":["イチョウ"],"count":104,"route":"花畑354号線","alias":"","manager":"足立区"}},{"type":"Feature","geometry":{"type":"LineString","coordinates":[[139.802281,35.796681],[139.806045,35.797207],[139.808942,35.798005],[139.813289,35.798491],[139.814548,35.79841]]},"properties":{"ward":"足立区","species":["イチョウ"],"count":124,"route":"足立14号線","alias":"","manager":"足立区"}},{"type":"Feature","geometry":{"type":"LineString","coordinates":[[139.803275,35.782736],[139.805553,35.782739]]},"properties":{"ward":"足立区","species":["イチョウ","クスノキほか"],"count":36,"route":"渕江388号線","alias":"","manager":"足立区"}},{"type":"Feature","geometry":{"type":"LineString","coordinates":[[139.802161,35.800376],[139.812844,35.800992],[139.818884,35.80091]]},"properties":{"ward":"足立区","species":["イチョウ","ケヤキほか"],"count":216,"route":"花畑263号線","alias":"","manager":"足立区"}},{"type":"Feature","geometry":{"type":"LineString","coordinates":[[139.774145,35.773306],[139.774221,35.773351],[139.77425,35.773643],[139.774511,35.773685]]},"properties":{"ward":"足立区","species":["サクラ"],"count":2,"route":"本木363号線","alias":"","manager":"足立区"}},{"type":"Feature","geometry":{"type":"LineString","coordinates":[[139.755184,35.755731],[139.759503,35.755035],[139.762493,35.754733]]},"properties":{"ward":"足立区","species":["イチョウ","サクラ類ほか"],"count":3,"route":"隅田川左岸","alias":"","manager":"足立区"}},{"type":"Feature","geometry":{"type":"LineString","coordinates":[[139.789979,35.753575],[139.790522,35.754414],[139.790942,35.754786]]},"properties":{"ward":"足立区","species":["イチョウ","サクラ類ほか"],"count":23,"route":"元宿掘緑道","alias":"","manager":"足立区"}},{"type":"Feature","geometry":{"type":"LineString","coordinates":[[139.760288,35.755067],[139.760391,35.755746]]},"properties":{"ward":"足立区","species":["イチョウ","サクラ類ほか"],"count":21,"route":"小台172号線","alias":"","manager":"足立区"}},{"type":"Feature","geometry":{"type":"LineString","coordinates":[[139.80355,35.772602],[139.805565,35.772712]]},"properties":{"ward":"足立区","species":["イチョウ","サクラ類ほか"],"count":55,"route":"都住中央本町一丁目","alias":"","manager":"足立区"}},{"type":"Feature","geometry":{"type":"LineString","coordinates":[[139.800723,35.769893],[139.802378,35.769436],[139.803303,35.768952]]},"properties":{"ward":"足立区","species":["イチョウ","サクラ類ほか"],"count":93,"route":"足立35号線","alias":"","manager":"足立区"}},{"type":"Feature","geometry":{"type":"LineString","coordinates":[[139.799175,35.77018],[139.800155,35.769934],[139.800723,35.769893]]},"properties":{"ward":"足立区","species":["イチョウ","サクラ類ほか"],"count":93,"route":"足立35号線","alias":"","manager":"足立区"}},{"type":"Feature","geometry":{"type":"LineString","coordinates":[[139.799175,35.77018],[139.799975,35.770315],[139.800723,35.769893]]},"properties":{"ward":"足立区","species":["イチョウ","サクラ類ほか"],"count":93,"route":"足立35号線","alias":"","manager":"足立区"}},{"type":"Feature","geometry":{"type":"LineString","coordinates":[[139.797657,35.770536],[139.798204,35.770343],[139.799175,35.77018]]},"properties":{"ward":"足立区","species":["イチョウ","サクラ類ほか"],"count":93,"route":"足立35号線","alias":"","manager":"足立区"}},{"type":"Feature","geometry":{"type":"LineString","coordinates":[[139.750505,35.808398],[139.758958,35.80007],[139.759335,35.799545],[139.75962,35.798637]]},"properties":{"ward":"足立区","species":["イチョウ","サクラ類ほか"],"count":208,"route":"山王掘緑道","alias":"","manager":"足立区"}},{"type":"Feature","geometry":{"type":"LineString","coordinates":[[139.78968,35.786693],[139.792368,35.786499],[139.797514,35.789089]]},"properties":{"ward":"足立区","species":["イチョウ","サルスベリほか"],"count":121,"route":"竹の塚242号線","alias":"","manager":"足立区"}},{"type":"Feature","geometry":{"type":"LineString","coordinates":[[139.767318,35.765194],[139.767302,35.766494],[139.765959,35.770564],[139.765273,35.77611]]},"properties":{"ward":"足立区","species":["クロガネモチ"],"count":241,"route":"足立8号線","alias":"東京女子医大通り","manager":"足立区"}},{"type":"Feature","geometry":{"type":"LineString","coordinates":[[139.765073,35.778165],[139.765194,35.783067],[139.765087,35.783364],[139.761763,35.787098],[139.759426,35.789979]]},"properties":{"ward":"足立区","species":["クロガネモチ"],"count":241,"route":"足立8号線","alias":"東京女子医大通り","manager":"足立区"}},{"type":"Feature","geometry":{"type":"LineString","coordinates":[[139.7837,35.782504],[139.770364,35.782963]]},"properties":{"ward":"足立区","species":["イチョウ","サルスベリほか"],"count":164,"route":"足立6号線-3","alias":"","manager":"足立区"}},{"type":"Feature","geometry":{"type":"LineString","coordinates":[[139.802942,35.78935],[139.810549,35.78963],[139.816922,35.788905],[139.824523,35.788985]]},"properties":{"ward":"足立区","species":["イチョウ","トウカエデほか"],"count":331,"route":"足立20号線","alias":"","manager":"足立区"}},{"type":"Feature","geometry":{"type":"LineString","coordinates":[[139.810211,35.763556],[139.810218,35.76373]]},"properties":{"ward":"足立区","species":["イチョウ","ハナミズキほか"],"count":5,"route":"五反野381号線","alias":"","manager":"足立区"}},{"type":"Feature","geometry":{"type":"LineString","coordinates":[[139.84584,35.777525],[139.846037,35.777146]]},"properties":{"ward":"足立区","species":["イチョウ","ハナミズキほか"],"count":6,"route":"大谷田227号線","alias":"","manager":"足立区"}},{"type":"Feature","geometry":{"type":"LineString","coordinates":[[139.758387,35.810029],[139.757204,35.809945],[139.756559,35.809753],[139.750701,35.806599]]},"properties":{"ward":"足立区","species":["イチョウ","ハナミズキほか"],"count":63,"route":"舎人324号線-3","alias":"","manager":"足立区"}},{"type":"Feature","geometry":{"type":"LineString","coordinates":[[139.751409,35.783917],[139.758081,35.783136],[139.762283,35.783025],[139.764562,35.783267],[139.769752,35.782995]]},"properties":{"ward":"足立区","species":["イチョウ","ハナミズキほか"],"count":166,"route":"足立6号線-4","alias":"","manager":"足立区"}},{"type":"Feature","geometry":{"type":"LineString","coordinates":[[139.802736,35.78276],[139.79767,35.782386],[139.794223,35.782436],[139.791481,35.782294],[139.789047,35.782353]]},"properties":{"ward":"足立区","species":["イチョウ","ハナミズキほか"],"count":189,"route":"足立6号線-1","alias":"","manager":"足立区"}},{"type":"Feature","geometry":{"type":"LineString","coordinates":[[139.760446,35.771161],[139.760394,35.771451],[139.760182,35.771328],[139.760504,35.771058]]},"properties":{"ward":"足立区","species":["イチョウ","ハナミズキほか"],"count":23,"route":"神領堀緑道（熊之木ひろば）","alias":"","manager":"足立区"}},{"type":"Feature","geometry":{"type":"LineString","coordinates":[[139.756067,35.77859],[139.75578,35.779761],[139.756109,35.783309],[139.757045,35.788463],[139.757579,35.789078],[139.760347,35.790557],[139.760863,35.790688],[139.77055,35.79022]]},"properties":{"ward":"足立区","species":["イチョウ","ハナミズキほか"],"count":261,"route":"足立7号線","alias":"","manager":"足立区"}},{"type":"Feature","geometry":{"type":"LineString","coordinates":[[139.82069,35.811459],[139.821103,35.810869]]},"properties":{"ward":"足立区","species":["イチョウ","マテバシイほか"],"count":14,"route":"花畑107号線","alias":"","manager":"足立区"}},{"type":"Feature","geometry":{"type":"LineString","coordinates":[[139.840066,35.770019],[139.842268,35.77078],[139.844535,35.771182]]},"properties":{"ward":"足立区","species":["イチョウ","マテバシイほか"],"count":75,"route":"綾瀬195号線","alias":"","manager":"足立区"}},{"type":"Feature","geometry":{"type":"LineString","coordinates":[[139.770943,35.815208],[139.771932,35.815149],[139.772818,35.815226]]},"properties":{"ward":"足立区","species":["イチョウ","マテバシイほか"],"count":103,"route":"毛長緑道","alias":"","manager":"足立区"}},{"type":"Feature","geometry":{"type":"LineString","coordinates":[[139.830232,35.777794],[139.830551,35.781576],[139.825972,35.78231]]},"properties":{"ward":"足立区","species":["イチョウ","マテバシイほか"],"count":154,"route":"足立26号線","alias":"","manager":"足立区"}},{"type":"Feature","geometry":{"type":"LineString","coordinates":[[139.810772,35.808051],[139.810708,35.805802],[139.810616,35.805104],[139.810171,35.803396],[139.809991,35.796316],[139.810549,35.789596],[139.810775,35.782697],[139.811115,35.77893]]},"properties":{"ward":"足立区","species":["イチョウ","マテバシイほか"],"count":439,"route":"足立13号線","alias":"","manager":"足立区"}},{"type":"Feature","geometry":{"type":"LineString","coordinates":[[139.833989,35.78047],[139.836697,35.780596]]},"properties":{"ward":"足立区","species":["イチョウ","モミジ類ほか"],"count":94,"route":"大谷田352号線","alias":"","manager":"足立区"}},{"type":"Feature","geometry":{"type":"LineString","coordinates":[[139.802536,35.794778],[139.813035,35.79499],[139.822149,35.792952],[139.82538,35.791848]]},"properties":{"ward":"足立区","species":["イチョウ","ユリノキほか"],"count":293,"route":"足立16号線","alias":"","manager":"足立区"}},{"type":"Feature","geometry":{"type":"LineString","coordinates":[[139.809313,35.808175],[139.809251,35.805616]]},"properties":{"ward":"足立区","species":["ウバメガシ"],"count":18,"route":"花畑213号線","alias":"","manager":"足立区"}},{"type":"Feature","geometry":{"type":"LineString","coordinates":[[139.803872,35.747023],[139.80405,35.747894],[139.804514,35.749362]]},"properties":{"ward":"足立区","species":["ウメ"],"count":1,"route":"2号街路","alias":"","manager":"足立区"}},{"type":"Feature","geometry":{"type":"LineString","coordinates":[[139.817573,35.799589],[139.819067,35.799757]]},"properties":{"ward":"足立区","species":["エンジュ"],"count":7,"route":"花畑333号線","alias":"","manager":"足立区"}},{"type":"Feature","geometry":{"type":"LineString","coordinates":[[139.772414,35.805124],[139.77048,35.805093]]},"properties":{"ward":"足立区","species":["エンジュ"],"count":22,"route":"舎人430号線","alias":"","manager":"足立区"}},{"type":"Feature","geometry":{"type":"LineString","coordinates":[[139.778546,35.797049],[139.778638,35.803478],[139.779461,35.803466]]},"properties":{"ward":"足立区","species":["エンジュ"],"count":30,"route":"舎人169号線","alias":"","manager":"足立区"}},{"type":"Feature","geometry":{"type":"LineString","coordinates":[[139.797745,35.800298],[139.801604,35.800352]]},"properties":{"ward":"足立区","species":["エンジュ"],"count":42,"route":"竹の塚379号線","alias":"","manager":"足立区"}},{"type":"Feature","geometry":{"type":"LineString","coordinates":[[139.747784,35.768542],[139.750039,35.768696],[139.751644,35.769271],[139.75211,35.769291],[139.752717,35.769147]]},"properties":{"ward":"足立区","species":["カツラ，ヒトツバタゴ"],"count":66,"route":"新田153号線","alias":"","manager":"足立区"}},{"type":"Feature","geometry":{"type":"LineString","coordinates":[[139.792468,35.743782],[139.794944,35.742189],[139.796103,35.741686],[139.797805,35.741177]]},"properties":{"ward":"足立区","species":["カツラ"],"count":77,"route":"千住西265・268号線","alias":"かつら並木通り","manager":"足立区"}},{"type":"Feature","geometry":{"type":"LineString","coordinates":[[139.807909,35.797629],[139.808052,35.795441]]},"properties":{"ward":"足立区","species":["カリン"],"count":21,"route":"花畑246号線","alias":"","manager":"足立区"}},{"type":"Feature","geometry":{"type":"LineString","coordinates":[[139.795902,35.794081],[139.792108,35.79451]]},"properties":{"ward":"足立区","species":["カリン"],"count":30,"route":"竹の塚176号線","alias":"","manager":"足立区"}},{"type":"Feature","geometry":{"type":"LineString","coordinates":[[139.805198,35.774851],[139.80551,35.774783]]},"properties":{"ward":"足立区","species":["キンモクセイ"],"count":4,"route":"五反野131号線","alias":"","manager":"足立区"}},{"type":"Feature","geometry":{"type":"LineString","coordinates":[[139.766704,35.762415],[139.766598,35.762419]]},"properties":{"ward":"足立区","species":["クスノキ"],"count":1,"route":"江北246号線","alias":"","manager":"足立区"}},{"type":"Feature","geometry":{"type":"LineString","coordinates":[[139.790739,35.777548],[139.790515,35.777791],[139.79032,35.777658],[139.790739,35.777549]]},"properties":{"ward":"足立区","species":["クスノキ"],"count":3,"route":"西新井東口","alias":"","manager":"足立区"}},{"type":"Feature","geometry":{"type":"LineString","coordinates":[[139.823345,35.763471],[139.823524,35.76406]]},"properties":{"ward":"足立区","species":["クスノキ"],"count":6,"route":"綾瀬300号線","alias":"","manager":"足立区"}},{"type":"Feature","geometry":{"type":"LineString","coordinates":[[139.803411,35.775574],[139.803988,35.775531],[139.80404,35.775853],[139.80548,35.775785]]},"properties":{"ward":"足立区","species":["クスノキ"],"count":13,"route":"五反野129号線","alias":"","manager":"足立区"}},{"type":"Feature","geometry":{"type":"LineString","coordinates":[[139.794034,35.791796],[139.792906,35.791916],[139.792497,35.792039],[139.791508,35.792999]]},"properties":{"ward":"足立区","species":["クスノキ"],"count":19,"route":"竹の塚178号線","alias":"","manager":"足立区"}},{"type":"Feature","geometry":{"type":"LineString","coordinates":[[139.813284,35.76334],[139.813769,35.762298],[139.815432,35.761403],[139.815922,35.76033]]},"properties":{"ward":"足立区","species":["クスノキ"],"count":30,"route":"五反野364号線","alias":"","manager":"足立区"}},{"type":"Feature","geometry":{"type":"LineString","coordinates":[[139.835522,35.76339],[139.83573,35.768913],[139.835554,35.773072]]},"properties":{"ward":"足立区","species":["クスノキ"],"count":130,"route":"足立40号線","alias":"","manager":"足立区"}},{"type":"Feature","geometry":{"type":"LineString","coordinates":[[139.836563,35.784591],[139.83697,35.781504],[139.836243,35.777263]]},"properties":{"ward":"足立区","species":["クスノキ"],"count":195,"route":"大谷田294号線","alias":"","manager":"足立区"}},{"type":"Feature","geometry":{"type":"LineString","coordinates":[[139.822752,35.755509],[139.822669,35.756972],[139.822892,35.758094],[139.822974,35.759613],[139.823223,35.76114],[139.823374,35.76153]]},"properties":{"ward":"足立区","species":["クスノキ","ザイフリボクほか"],"count":14,"route":"綾瀬344号線","alias":"","manager":"足立区"}},{"type":"Feature","geometry":{"type":"LineString","coordinates":[[139.761933,35.79608],[139.765638,35.796093],[139.769796,35.795892]]},"properties":{"ward":"足立区","species":["クスノキ","プラタナスほか"],"count":32,"route":"舎人420号線","alias":"","manager":"足立区"}},{"type":"Feature","geometry":{"type":"LineString","coordinates":[[139.755727,35.762768],[139.757309,35.763725]]},"properties":{"ward":"足立区","species":["クロガネモチ"],"count":10,"route":"宮城高速下","alias":"","manager":"足立区"}},{"type":"Feature","geometry":{"type":"LineString","coordinates":[[139.815683,35.78449],[139.81541,35.781884]]},"properties":{"ward":"足立区","species":["クロガネモチ"],"count":28,"route":"渕江236号線","alias":"","manager":"足立区"}},{"type":"Feature","geometry":{"type":"LineString","coordinates":[[139.824587,35.787918],[139.825547,35.78798],[139.825538,35.787599],[139.82488,35.785146]]},"properties":{"ward":"足立区","species":["クロガネモチ"],"count":38,"route":"渕江160号線","alias":"","manager":"足立区"}},{"type":"Feature","geometry":{"type":"LineString","coordinates":[[139.803936,35.749957],[139.804474,35.749857]]},"properties":{"ward":"足立区","species":["ケヤキ"],"count":1,"route":"北千住駅西口ロータリー","alias":"","manager":"足立区"}},{"type":"Feature","geometry":{"type":"LineString","coordinates":[[139.782923,35.796469],[139.783844,35.795338]]},"properties":{"ward":"足立区","species":["ケヤキ"],"count":2,"route":"舎人212号線","alias":"","manager":"足立区"}},{"type":"Feature","geometry":{"type":"LineString","coordinates":[[139.747784,35.768542],[139.747854,35.767602]]},"properties":{"ward":"足立区","species":["ケヤキ"],"count":14,"route":"新豊橋付近","alias":"","manager":"足立区"}},{"type":"Feature","geometry":{"type":"LineString","coordinates":[[139.8065,35.746751],[139.806813,35.748614],[139.806762,35.748963]]},"properties":{"ward":"足立区","species":["ケヤキ"],"count":25,"route":"区画12号線","alias":"電大通り","manager":"足立区"}},{"type":"Feature","geometry":{"type":"LineString","coordinates":[[139.743961,35.771329],[139.744648,35.771302],[139.74529,35.771494],[139.745687,35.771511],[139.746207,35.771403],[139.746526,35.771219],[139.747449,35.770265],[139.747655,35.769854],[139.747784,35.768542]]},"properties":{"ward":"足立区","species":["ケヤキ"],"count":43,"route":"新田154号線","alias":"","manager":"足立区"}},{"type":"Feature","geometry":{"type":"LineString","coordinates":[[139.8361,35.773416],[139.843042,35.775837]]},"properties":{"ward":"足立区","species":["ケヤキ"],"count":118,"route":"綾瀬449号線","alias":"","manager":"足立区"}},{"type":"Feature","geometry":{"type":"LineString","coordinates":[[139.815224,35.807584],[139.814868,35.807584]]},"properties":{"ward":"足立区","species":["コナラ"],"count":16,"route":"花畑218号線","alias":"","manager":"足立区"}},{"type":"Feature","geometry":{"type":"LineString","coordinates":[[139.852561,35.770766],[139.852933,35.770415],[139.853733,35.768559],[139.853695,35.768244]]},"properties":{"ward":"足立区","species":["コブシ"],"count":1,"route":"綾瀬222号線","alias":"","manager":"足立区"}},{"type":"Feature","geometry":{"type":"LineString","coordinates":[[139.839125,35.787111],[139.840808,35.787474]]},"properties":{"ward":"足立区","species":["コブシ"],"count":13,"route":"大谷田293号線","alias":"","manager":"足立区"}},{"type":"Feature","geometry":{"type":"LineString","coordinates":[[139.84139,35.781443],[139.841423,35.780043]]},"properties":{"ward":"足立区","species":["コブシ"],"count":18,"route":"大谷田388号線","alias":"","manager":"足立区"}},{"type":"Feature","geometry":{"type":"LineString","coordinates":[[139.817133,35.791765],[139.819371,35.791805]]},"properties":{"ward":"足立区","species":["コブシ"],"count":22,"route":"渕江308号線","alias":"","manager":"足立区"}},{"type":"Feature","geometry":{"type":"LineString","coordinates":[[139.83389,35.778377],[139.836272,35.778272]]},"properties":{"ward":"足立区","species":["コブシ"],"count":32,"route":"大谷田378号線","alias":"","manager":"足立区"}},{"type":"Feature","geometry":{"type":"LineString","coordinates":[[139.839774,35.79737],[139.842213,35.797902]]},"properties":{"ward":"足立区","species":["コブシ"],"count":35,"route":"大谷田239号線","alias":"","manager":"足立区"}},{"type":"Feature","geometry":{"type":"LineString","coordinates":[[139.833956,35.779407],[139.836452,35.779221]]},"properties":{"ward":"足立区","species":["コブシ"],"count":35,"route":"大谷田371号線","alias":"","manager":"足立区"}},{"type":"Feature","geometry":{"type":"LineString","coordinates":[[139.841857,35.796567],[139.84375,35.796998],[139.844269,35.797277],[139.844431,35.797281],[139.844997,35.797633]]},"properties":{"ward":"足立区","species":["コブシ"],"count":43,"route":"大谷田243号線","alias":"","manager":"足立区"}},{"type":"Feature","geometry":{"type":"LineString","coordinates":[[139.811176,35.780048],[139.817141,35.779981]]},"properties":{"ward":"足立区","species":["コブシ"],"count":49,"route":"渕江181号線","alias":"","manager":"足立区"}},{"type":"Feature","geometry":{"type":"LineString","coordinates":[[139.836815,35.780166],[139.838831,35.780047],[139.841295,35.780067]]},"properties":{"ward":"足立区","species":["コブシ"],"count":75,"route":"大谷田364号線","alias":"","manager":"足立区"}},{"type":"Feature","geometry":{"type":"LineString","coordinates":[[139.826288,35.75786],[139.827753,35.757444],[139.828665,35.757423],[139.830067,35.757902],[139.830881,35.758848],[139.830934,35.761427]]},"properties":{"ward":"足立区","species":["コブシ","ヤマボウシほか"],"count":41,"route":"綾瀬366号線","alias":"","manager":"足立区"}},{"type":"Feature","geometry":{"type":"LineString","coordinates":[[139.766942,35.816282],[139.767731,35.816442],[139.770274,35.816324]]},"properties":{"ward":"足立区","species":["サクラ類"],"count":8,"route":"舎人443号線","alias":"","manager":"足立区"}},{"type":"Feature","geometry":{"type":"LineString","coordinates":[[139.826258,35.7662],[139.826246,35.76528]]},"properties":{"ward":"足立区","species":["サクラ類"],"count":8,"route":"武道館東側","alias":"","manager":"足立区"}},{"type":"Feature","geometry":{"type":"LineString","coordinates":[[139.769526,35.755442],[139.767307,35.755995]]},"properties":{"ward":"足立区","species":["サクラ類"],"count":5,"route":"小台186号線","alias":"","manager":"足立区"}},{"type":"Feature","geometry":{"type":"LineString","coordinates":[[139.753765,35.774181],[139.754698,35.7743]]},"properties":{"ward":"足立区","species":["サクラ類"],"count":12,"route":"江北743号線","alias":"","manager":"足立区"}},{"type":"Feature","geometry":{"type":"LineString","coordinates":[[139.765374,35.816475],[139.766003,35.815905]]},"properties":{"ward":"足立区","species":["サクラ類"],"count":13,"route":"舎人102号線","alias":"","manager":"足立区"}},{"type":"Feature","geometry":{"type":"LineString","coordinates":[[139.791447,35.755468],[139.792407,35.755855],[139.793632,35.756127]]},"properties":{"ward":"足立区","species":["サクラ類"],"count":14,"route":"千住西108号線","alias":"","manager":"足立区"}},{"type":"Feature","geometry":{"type":"LineString","coordinates":[[139.811072,35.745695],[139.812365,35.746499],[139.812915,35.746509],[139.8137,35.746291]]},"properties":{"ward":"足立区","species":["サクラ類"],"count":23,"route":"千住東238号線","alias":"","manager":"足立区"}},{"type":"Feature","geometry":{"type":"LineString","coordinates":[[139.823506,35.783995],[139.825718,35.783836]]},"properties":{"ward":"足立区","species":["サクラ類"],"count":23,"route":"渕江174号線","alias":"","manager":"足立区"}},{"type":"Feature","geometry":{"type":"LineString","coordinates":[[139.837701,35.769571],[139.837436,35.769906],[139.837344,35.770172],[139.837182,35.772202],[139.83736,35.772984]]},"properties":{"ward":"足立区","species":["サクラ類"],"count":44,"route":"綾瀬146号線","alias":"","manager":"足立区"}},{"type":"Feature","geometry":{"type":"LineString","coordinates":[[139.826719,35.783016],[139.830631,35.782074]]},"properties":{"ward":"足立区","species":["サクラ類"],"count":51,"route":"大谷田179号線","alias":"","manager":"足立区"}},{"type":"Feature","geometry":{"type":"LineString","coordinates":[[139.784846,35.775821],[139.78908,35.776092]]},"properties":{"ward":"足立区","species":["サクラ類"],"count":58,"route":"梅島163号線","alias":"さくら参道","manager":"足立区"}},{"type":"Feature","geometry":{"type":"LineString","coordinates":[[139.737361,35.770615],[139.740798,35.7697],[139.743114,35.768691]]},"properties":{"ward":"足立区","species":["サクラ類"],"count":34,"route":"新田106号線","alias":"","manager":"足立区"}},{"type":"Feature","geometry":{"type":"LineString","coordinates":[[139.780314,35.799651],[139.780365,35.803487],[139.780449,35.804596]]},"properties":{"ward":"足立区","species":["サクラ類"],"count":69,"route":"舎人173号線","alias":"","manager":"足立区"}},{"type":"Feature","geometry":{"type":"LineString","coordinates":[[139.840332,35.794078],[139.839384,35.799001],[139.839768,35.800483]]},"properties":{"ward":"足立区","species":["サクラ類"],"count":70,"route":"足立27号線-2","alias":"葛西用水桜通り","manager":"足立区"}},{"type":"Feature","geometry":{"type":"LineString","coordinates":[[139.745343,35.78011],[139.745301,35.780566],[139.745406,35.781114],[139.747021,35.78379],[139.747722,35.785177]]},"properties":{"ward":"足立区","species":["サクラ類"],"count":99,"route":"鹿浜105号線","alias":"","manager":"足立区"}},{"type":"Feature","geometry":{"type":"LineString","coordinates":[[139.842016,35.785594],[139.840409,35.793695]]},"properties":{"ward":"足立区","species":["サクラ類"],"count":103,"route":"足立27号線-3","alias":"葛西用水桜通り","manager":"足立区"}},{"type":"Feature","geometry":{"type":"LineString","coordinates":[[139.759589,35.775535],[139.760029,35.776098]]},"properties":{"ward":"足立区","species":["サクラ類","エノキほか"],"count":17,"route":"江北センター付近","alias":"","manager":"足立区"}},{"type":"Feature","geometry":{"type":"LineString","coordinates":[[139.781798,35.807018],[139.782846,35.807185]]},"properties":{"ward":"足立区","species":["サクラ類","カリンほか"],"count":15,"route":"古千谷緑道","alias":"","manager":"足立区"}},{"type":"Feature","geometry":{"type":"LineString","coordinates":[[139.813044,35.76274],[139.812939,35.761395],[139.813018,35.76106],[139.813165,35.760893]]},"properties":{"ward":"足立区","species":["サクラ類","カリンほか"],"count":40,"route":"五反野348号線","alias":"","manager":"足立区"}},{"type":"Feature","geometry":{"type":"LineString","coordinates":[[139.834914,35.76708],[139.835614,35.767077],[139.837909,35.767495],[139.838221,35.767254],[139.839078,35.767555],[139.840329,35.767793],[139.841688,35.767943]]},"properties":{"ward":"足立区","species":["サクラ類","クスノキほか"],"count":20,"route":"内戸越掘コミュニティ","alias":"","manager":"足立区"}},{"type":"Feature","geometry":{"type":"LineString","coordinates":[[139.789047,35.782353],[139.7837,35.782504]]},"properties":{"ward":"足立区","species":["サクラ類","クスノキほか"],"count":101,"route":"足立6号線-2","alias":"","manager":"足立区"}},{"type":"Feature","geometry":{"type":"LineString","coordinates":[[139.817118,35.789951],[139.819326,35.789988]]},"properties":{"ward":"足立区","species":["サクラ類","クロガネモチほか"],"count":23,"route":"渕江313号線","alias":"","manager":"足立区"}},{"type":"Feature","geometry":{"type":"LineString","coordinates":[[139.822197,35.795698],[139.822914,35.795248],[139.824096,35.794907],[139.825226,35.793819],[139.825881,35.793356],[139.826465,35.79332],[139.827295,35.793619],[139.827482,35.79327]]},"properties":{"ward":"足立区","species":["サクラ類","ケヤキほか"],"count":67,"route":"古綾瀬川遊歩道","alias":"","manager":"足立区"}},{"type":"Feature","geometry":{"type":"LineString","coordinates":[[139.843704,35.77624],[139.842016,35.785594]]},"properties":{"ward":"足立区","species":["サクラ類","ケヤキほか"],"count":216,"route":"足立27号線-1","alias":"葛西用水桜通り","manager":"足立区"}},{"type":"Feature","geometry":{"type":"LineString","coordinates":[[139.760247,35.776238],[139.760542,35.776762],[139.760819,35.776849]]},"properties":{"ward":"足立区","species":["サクラ類","サルスベリほか"],"count":10,"route":"江北701号線","alias":"","manager":"足立区"}},{"type":"Feature","geometry":{"type":"LineString","coordinates":[[139.743114,35.768691],[139.744006,35.768291]]},"properties":{"ward":"足立区","species":["サクラ類","サルスベリほか"],"count":15,"route":"新田150号線","alias":"","manager":"足立区"}},{"type":"Feature","geometry":{"type":"LineString","coordinates":[[139.78088,35.792894],[139.777397,35.7929]]},"properties":{"ward":"足立区","species":["サクラ類","サルスベリほか"],"count":43,"route":"西新井105号線","alias":"","manager":"足立区"}},{"type":"Feature","geometry":{"type":"LineString","coordinates":[[139.819533,35.772355],[139.818958,35.772396],[139.818533,35.772322],[139.818977,35.771214],[139.819149,35.771127],[139.819211,35.770936],[139.820109,35.770569]]},"properties":{"ward":"足立区","species":["サクラ類","サルスベリほか"],"count":69,"route":"青井コミュニティ","alias":"","manager":"足立区"}},{"type":"Feature","geometry":{"type":"LineString","coordinates":[[139.80492,35.74693],[139.807136,35.746621],[139.813424,35.747085],[139.815113,35.747097]]},"properties":{"ward":"足立区","species":["サクラ類","ツバキ類ほか"],"count":84,"route":"足立49号線-2","alias":"大踏切通り","manager":"足立区"}},{"type":"Feature","geometry":{"type":"LineString","coordinates":[[139.806762,35.748963],[139.806701,35.74926],[139.806619,35.749331],[139.806378,35.749283],[139.806433,35.749125],[139.806617,35.749113]]},"properties":{"ward":"足立区","species":["サクラ類","ヤマボウシほか"],"count":8,"route":"北千住駅東口ロータリー","alias":"","manager":"足立区"}},{"type":"Feature","geometry":{"type":"LineString","coordinates":[[139.789186,35.775337],[139.790163,35.77545]]},"properties":{"ward":"足立区","species":["サルスベリ"],"count":10,"route":"梅島397号線","alias":"","manager":"足立区"}},{"type":"Feature","geometry":{"type":"LineString","coordinates":[[139.772788,35.781755],[139.770322,35.781767]]},"properties":{"ward":"足立区","species":["サルスベリ"],"count":29,"route":"西新井346号線","alias":"","manager":"足立区"}},{"type":"Feature","geometry":{"type":"LineString","coordinates":[[139.76572,35.776133],[139.76621,35.776139],[139.766223,35.777114],[139.77001,35.777102]]},"properties":{"ward":"足立区","species":["サルスベリ"],"count":43,"route":"江北325号線","alias":"","manager":"足立区"}},{"type":"Feature","geometry":{"type":"LineString","coordinates":[[139.819512,35.793998],[139.819445,35.787525]]},"properties":{"ward":"足立区","species":["サルスベリ"],"count":78,"route":"渕江285号線","alias":"","manager":"足立区"}},{"type":"Feature","geometry":{"type":"LineString","coordinates":[[139.771662,35.785148],[139.772607,35.783352],[139.773049,35.780885],[139.773957,35.778357]]},"properties":{"ward":"足立区","species":["サルスベリ"],"count":131,"route":"足立10号線","alias":"","manager":"足立区"}},{"type":"Feature","geometry":{"type":"LineString","coordinates":[[139.760682,35.802062],[139.767817,35.802014],[139.776911,35.801043]]},"properties":{"ward":"足立区","species":["サルスベリ","アキニレほか"],"count":177,"route":"舎人414号線","alias":"","manager":"足立区"}},{"type":"Feature","geometry":{"type":"LineString","coordinates":[[139.811196,35.76834],[139.811263,35.767888],[139.812092,35.768037],[139.812168,35.768185],[139.812431,35.768199],[139.812381,35.768713]]},"properties":{"ward":"足立区","species":["サルスベリ","エゴノキほか"],"count":16,"route":"都住弘道一丁目第二","alias":"","manager":"足立区"}},{"type":"Feature","geometry":{"type":"LineString","coordinates":[[139.765273,35.77611],[139.765073,35.778165]]},"properties":{"ward":"足立区","species":["サルスベリ","ヤマモモほか"],"count":22,"route":"足立8号線中央緑地帯","alias":"東京女子医大通り","manager":"足立区"}},{"type":"Feature","geometry":{"type":"LineString","coordinates":[[139.800886,35.741264],[139.806318,35.741161],[139.806377,35.741209],[139.806238,35.741683],[139.806355,35.742992]]},"properties":{"ward":"足立区","species":["サルスベリ","クロガネモチほか"],"count":16,"route":"千住東265・279号線","alias":"","manager":"足立区"}},{"type":"Feature","geometry":{"type":"LineString","coordinates":[[139.76996,35.779488],[139.767423,35.779359]]},"properties":{"ward":"足立区","species":["サルスベリ","タイサンボクほか"],"count":40,"route":"鹿浜211号線","alias":"","manager":"足立区"}},{"type":"Feature","geometry":{"type":"LineString","coordinates":[[139.816733,35.769935],[139.821613,35.769217]]},"properties":{"ward":"足立区","species":["サルスベリ","プラタナスほか"],"count":49,"route":"五反野350号線-2","alias":"","manager":"足立区"}},{"type":"Feature","geometry":{"type":"LineString","coordinates":[[139.823613,35.76883],[139.824588,35.76871],[139.837822,35.769029],[139.839939,35.769939],[139.84802,35.770293]]},"properties":{"ward":"足立区","species":["サルスベリ","プラタナスほか"],"count":174,"route":"足立39号線","alias":"環七南通り","manager":"足立区"}},{"type":"Feature","geometry":{"type":"LineString","coordinates":[[139.822887,35.773408],[139.822961,35.773639]]},"properties":{"ward":"足立区","species":["シラカシ"],"count":5,"route":"みどり橋下","alias":"","manager":"足立区"}},{"type":"Feature","geometry":{"type":"LineString","coordinates":[[139.806426,35.753405],[139.806539,35.753674],[139.807424,35.754815]]},"properties":{"ward":"足立区","species":["シラカシ"],"count":10,"route":"4号街路","alias":"","manager":"足立区"}},{"type":"Feature","geometry":{"type":"LineString","coordinates":[[139.805223,35.796493],[139.805533,35.795006]]},"properties":{"ward":"足立区","species":["シラカシ"],"count":10,"route":"花畑323号線","alias":"","manager":"足立区"}},{"type":"Feature","geometry":{"type":"LineString","coordinates":[[139.772103,35.778387],[139.772127,35.779895]]},"properties":{"ward":"足立区","species":["シラカシ"],"count":12,"route":"西新井352号線","alias":"","manager":"足立区"}},{"type":"Feature","geometry":{"type":"LineString","coordinates":[[139.785149,35.771048],[139.789487,35.770685],[139.792538,35.770803]]},"properties":{"ward":"足立区","species":["シラカシ"],"count":16,"route":"梅島199号線","alias":"","manager":"足立区"}},{"type":"Feature","geometry":{"type":"LineString","coordinates":[[139.774251,35.779975],[139.774162,35.781138],[139.774398,35.781625],[139.774596,35.782679]]},"properties":{"ward":"足立区","species":["シラカシ"],"count":22,"route":"西新井382号線","alias":"","manager":"足立区"}},{"type":"Feature","geometry":{"type":"LineString","coordinates":[[139.792764,35.770828],[139.796369,35.770919],[139.797514,35.770583]]},"properties":{"ward":"足立区","species":["シラカシ"],"count":25,"route":"梅島407号線","alias":"","manager":"足立区"}},{"type":"Feature","geometry":{"type":"LineString","coordinates":[[139.831626,35.773453],[139.831996,35.774483],[139.832213,35.775505],[139.832354,35.777207]]},"properties":{"ward":"足立区","species":["シラカシ"],"count":28,"route":"綾瀬411号線","alias":"","manager":"足立区"}},{"type":"Feature","geometry":{"type":"LineString","coordinates":[[139.84146,35.797648],[139.842462,35.79458]]},"properties":{"ward":"足立区","species":["シラカシ"],"count":42,"route":"大谷田246号線","alias":"","manager":"足立区"}},{"type":"Feature","geometry":{"type":"LineString","coordinates":[[139.758629,35.782992],[139.758276,35.780531],[139.758086,35.778488]]},"properties":{"ward":"足立区","species":["シラカシ"],"count":43,"route":"鹿浜144号線","alias":"","manager":"足立区"}},{"type":"Feature","geometry":{"type":"LineString","coordinates":[[139.78908,35.776092],[139.789104,35.775321],[139.788842,35.773118]]},"properties":{"ward":"足立区","species":["シラカシ"],"count":43,"route":"梅島396号線","alias":"","manager":"足立区"}},{"type":"Feature","geometry":{"type":"LineString","coordinates":[[139.828532,35.764704],[139.828459,35.769522],[139.828283,35.770467]]},"properties":{"ward":"足立区","species":["シラカシ"],"count":59,"route":"綾瀬182号線","alias":"","manager":"足立区"}},{"type":"Feature","geometry":{"type":"LineString","coordinates":[[139.845088,35.769303],[139.843753,35.775443]]},"properties":{"ward":"足立区","species":["シラカシ"],"count":67,"route":"綾瀬463号線","alias":"","manager":"足立区"}},{"type":"Feature","geometry":{"type":"LineString","coordinates":[[139.842115,35.798352],[139.842962,35.795791]]},"properties":{"ward":"足立区","species":["シラカシ"],"count":67,"route":"大谷田247号線","alias":"","manager":"足立区"}},{"type":"Feature","geometry":{"type":"LineString","coordinates":[[139.84143,35.766366],[139.843342,35.77568]]},"properties":{"ward":"足立区","species":["シラカシ"],"count":132,"route":"足立42号線","alias":"","manager":"足立区"}},{"type":"Feature","geometry":{"type":"LineString","coordinates":[[139.810422,35.744557],[139.810696,35.74547],[139.810998,35.745614],[139.811232,35.745304],[139.811098,35.744634]]},"properties":{"ward":"足立区","species":["シラカシ","クスノキほか"],"count":32,"route":"千住東二丁目","alias":"","manager":"足立区"}},{"type":"Feature","geometry":{"type":"LineString","coordinates":[[139.7708,35.755235],[139.770699,35.755044],[139.770555,35.755033],[139.770558,35.755253],[139.770763,35.755251]]},"properties":{"ward":"足立区","species":["シラカシ","クロガネモチほか"],"count":7,"route":"足立小台駅","alias":"","manager":"足立区"}},{"type":"Feature","geometry":{"type":"LineString","coordinates":[[139.823458,35.76282],[139.826731,35.763168]]},"properties":{"ward":"足立区","species":["シラカシ","クロガネモチほか"],"count":27,"route":"綾瀬341・348号線","alias":"","manager":"足立区"}},{"type":"Feature","geometry":{"type":"LineString","coordinates":[[139.831916,35.775074],[139.832013,35.776741],[139.831949,35.776743],[139.831948,35.777252]]},"properties":{"ward":"足立区","species":["シラカシ","ケヤキほか"],"count":7,"route":"綾瀬435号線","alias":"","manager":"足立区"}},{"type":"Feature","geometry":{"type":"LineString","coordinates":[[139.844333,35.775004],[139.844513,35.774437]]},"properties":{"ward":"足立区","species":["シラカシ","タイサンボクほか"],"count":6,"route":"八か村落し親水緑道","alias":"","manager":"足立区"}},{"type":"Feature","geometry":{"type":"LineString","coordinates":[[139.811333,35.784786],[139.811388,35.782629],[139.811552,35.781752]]},"properties":{"ward":"足立区","species":["タイサンボク"],"count":9,"route":"渕江230号線","alias":"","manager":"足立区"}},{"type":"Feature","geometry":{"type":"LineString","coordinates":[[139.840538,35.774877],[139.841986,35.770735]]},"properties":{"ward":"足立区","species":["ツバキ類"],"count":33,"route":"綾瀬150号線","alias":"","manager":"足立区"}},{"type":"Feature","geometry":{"type":"LineString","coordinates":[[139.82837,35.78754],[139.828359,35.787323]]},"properties":{"ward":"足立区","species":["ツバキ類"],"count":55,"route":"大谷田149号線-2","alias":"","manager":"足立区"}},{"type":"Feature","geometry":{"type":"LineString","coordinates":[[139.782691,35.794687],[139.783176,35.794115]]},"properties":{"ward":"足立区","species":["トウカエデ"],"count":13,"route":"足立5号線-1","alias":"","manager":"足立区"}},{"type":"Feature","geometry":{"type":"LineString","coordinates":[[139.820247,35.812326],[139.821084,35.812832],[139.821736,35.813028],[139.82396,35.813298]]},"properties":{"ward":"足立区","species":["トウカエデ"],"count":50,"route":"補助263号線","alias":"","manager":"足立区"}},{"type":"Feature","geometry":{"type":"LineString","coordinates":[[139.79465,35.750795],[139.799685,35.750914]]},"properties":{"ward":"足立区","species":["トウカエデ"],"count":66,"route":"足立47号線","alias":"","manager":"足立区"}},{"type":"Feature","geometry":{"type":"LineString","coordinates":[[139.806565,35.805134],[139.804394,35.805136],[139.801729,35.804636]]},"properties":{"ward":"足立区","species":["トウカエデ"],"count":75,"route":"足立12号線-2","alias":"","manager":"足立区"}},{"type":"Feature","geometry":{"type":"LineString","coordinates":[[139.797895,35.769639],[139.803405,35.764049]]},"properties":{"ward":"足立区","species":["トウカエデ"],"count":82,"route":"足立34号線","alias":"","manager":"足立区"}},{"type":"Feature","geometry":{"type":"LineString","coordinates":[[139.799746,35.784803],[139.799811,35.785844]]},"properties":{"ward":"足立区","species":["トウカエデ"],"count":85,"route":"竹の塚383号線","alias":"","manager":"足立区"}},{"type":"Feature","geometry":{"type":"LineString","coordinates":[[139.815775,35.803838],[139.814834,35.804401],[139.814127,35.804644],[139.810603,35.805017]]},"properties":{"ward":"足立区","species":["トウカエデ"],"count":89,"route":"足立12号線-1","alias":"","manager":"足立区"}},{"type":"Feature","geometry":{"type":"LineString","coordinates":[[139.836217,35.783268],[139.84206,35.783654]]},"properties":{"ward":"足立区","species":["トウカエデ"],"count":97,"route":"大谷田323号線","alias":"","manager":"足立区"}},{"type":"Feature","geometry":{"type":"LineString","coordinates":[[139.761881,35.80191],[139.763464,35.796259]]},"properties":{"ward":"足立区","species":["トウカエデ"],"count":121,"route":"舎人421号線","alias":"","manager":"足立区"}},{"type":"Feature","geometry":{"type":"LineString","coordinates":[[139.835812,35.786798],[139.83651,35.784788]]},"properties":{"ward":"足立区","species":["トウカエデ"],"count":123,"route":"大谷田286号線","alias":"","manager":"足立区"}},{"type":"Feature","geometry":{"type":"LineString","coordinates":[[139.803793,35.768565],[139.805497,35.767487],[139.806506,35.766622],[139.808037,35.765681],[139.809093,35.764895],[139.811002,35.76403],[139.812309,35.76354]]},"properties":{"ward":"足立区","species":["トウカエデ","アメリカフウほか"],"count":99,"route":"足立35号線","alias":"","manager":"足立区"}},{"type":"Feature","geometry":{"type":"LineString","coordinates":[[139.765147,35.780589],[139.769926,35.780511]]},"properties":{"ward":"足立区","species":["トウカエデ","キンモクセイほか"],"count":152,"route":"鹿浜208号線","alias":"","manager":"足立区"}},{"type":"Feature","geometry":{"type":"LineString","coordinates":[[139.8033,35.797953],[139.803811,35.797354],[139.803848,35.796971]]},"properties":{"ward":"足立区","species":["トウカエデ","モミジ類ほか"],"count":6,"route":"花畑283号線","alias":"","manager":"足立区"}},{"type":"Feature","geometry":{"type":"LineString","coordinates":[[139.765018,35.806019],[139.7695,35.809401]]},"properties":{"ward":"足立区","species":["トチノキ類"],"count":61,"route":"舎人429号線","alias":"","manager":"足立区"}},{"type":"Feature","geometry":{"type":"LineString","coordinates":[[139.772819,35.805822],[139.77377,35.805892],[139.774578,35.806197],[139.774781,35.806532],[139.774778,35.806715],[139.775437,35.808704]]},"properties":{"ward":"足立区","species":["トチノキ類"],"count":98,"route":"舎人145号線","alias":"","manager":"足立区"}},{"type":"Feature","geometry":{"type":"LineString","coordinates":[[139.820383,35.764261],[139.820573,35.764917]]},"properties":{"ward":"足立区","species":["ハナミズキ"],"count":1,"route":"弘道排水場跡","alias":"","manager":"足立区"}},{"type":"Feature","geometry":{"type":"LineString","coordinates":[[139.818604,35.761853],[139.818564,35.761629]]},"properties":{"ward":"足立区","species":["ハナミズキ"],"count":2,"route":"西綾瀬4-1-3","alias":"","manager":"足立区"}},{"type":"Feature","geometry":{"type":"LineString","coordinates":[[139.840484,35.77508],[139.840342,35.775522],[139.840318,35.776491]]},"properties":{"ward":"足立区","species":["ハナミズキ"],"count":3,"route":"綾瀬116号線","alias":"","manager":"足立区"}},{"type":"Feature","geometry":{"type":"LineString","coordinates":[[139.83157,35.77502],[139.831592,35.774506]]},"properties":{"ward":"足立区","species":["ハナミズキ"],"count":4,"route":"綾瀬138号線","alias":"","manager":"足立区"}},{"type":"Feature","geometry":{"type":"LineString","coordinates":[[139.823901,35.761845],[139.824109,35.761758]]},"properties":{"ward":"足立区","species":["ハナミズキ"],"count":4,"route":"綾瀬駅バスターミナル","alias":"","manager":"足立区"}},{"type":"Feature","geometry":{"type":"LineString","coordinates":[[139.770449,35.774278],[139.770668,35.774278],[139.770822,35.774116],[139.770765,35.773943],[139.770613,35.773938],[139.770567,35.773999],[139.770643,35.774206],[139.770551,35.774222]]},"properties":{"ward":"足立区","species":["ハナミズキ"],"count":4,"route":"江北駅東口","alias":"","manager":"足立区"}},{"type":"Feature","geometry":{"type":"LineString","coordinates":[[139.770133,35.768252],[139.770571,35.76822],[139.770135,35.76821]]},"properties":{"ward":"足立区","species":["ハナミズキ"],"count":5,"route":"高野駅","alias":"","manager":"足立区"}},{"type":"Feature","geometry":{"type":"LineString","coordinates":[[139.783523,35.781208],[139.783368,35.78047]]},"properties":{"ward":"足立区","species":["ハナミズキ"],"count":7,"route":"足立5号線-2","alias":"","manager":"足立区"}},{"type":"Feature","geometry":{"type":"LineString","coordinates":[[139.765796,35.768761],[139.765827,35.768408],[139.765556,35.768253],[139.765462,35.767773],[139.766091,35.767462],[139.76649,35.768102],[139.766527,35.768276],[139.766447,35.768576],[139.766847,35.769259]]},"properties":{"ward":"足立区","species":["ハナミズキ"],"count":8,"route":"江北172号線","alias":"","manager":"足立区"}},{"type":"Feature","geometry":{"type":"LineString","coordinates":[[139.835358,35.795839],[139.835575,35.79553],[139.836002,35.79425]]},"properties":{"ward":"足立区","species":["ハナミズキ"],"count":12,"route":"大谷田106号線","alias":"","manager":"足立区"}},{"type":"Feature","geometry":{"type":"LineString","coordinates":[[139.822307,35.793903],[139.822887,35.793899],[139.822887,35.793197],[139.824642,35.79259]]},"properties":{"ward":"足立区","species":["ハナミズキ"],"count":15,"route":"花畑294号線","alias":"","manager":"足立区"}},{"type":"Feature","geometry":{"type":"LineString","coordinates":[[139.760679,35.793193],[139.76068,35.792222]]},"properties":{"ward":"足立区","species":["ハナミズキ"],"count":15,"route":"鹿浜238号線","alias":"","manager":"足立区"}},{"type":"Feature","geometry":{"type":"LineString","coordinates":[[139.73746,35.771452],[139.73796,35.771053],[139.738963,35.772128]]},"properties":{"ward":"足立区","species":["ハナミズキ"],"count":15,"route":"新田124号線","alias":"","manager":"足立区"}},{"type":"Feature","geometry":{"type":"LineString","coordinates":[[139.779537,35.806074],[139.779736,35.806243],[139.781472,35.806755]]},"properties":{"ward":"足立区","species":["ハナミズキ"],"count":17,"route":"舎人172号線","alias":"","manager":"足立区"}},{"type":"Feature","geometry":{"type":"LineString","coordinates":[[139.839703,35.797872],[139.8421,35.798408],[139.842986,35.799329]]},"properties":{"ward":"足立区","species":["ハナミズキ"],"count":19,"route":"大谷田238号線","alias":"","manager":"足立区"}},{"type":"Feature","geometry":{"type":"LineString","coordinates":[[139.785133,35.77385],[139.785767,35.773611],[139.789699,35.772738]]},"properties":{"ward":"足立区","species":["ハナミズキ"],"count":18,"route":"梅島167号線","alias":"","manager":"足立区"}},{"type":"Feature","geometry":{"type":"LineString","coordinates":[[139.820201,35.761034],[139.82028,35.761421],[139.821129,35.761528],[139.821867,35.761406],[139.821832,35.761206],[139.821279,35.760604]]},"properties":{"ward":"足立区","species":["ハナミズキ"],"count":23,"route":"綾瀬329号線","alias":"","manager":"足立区"}},{"type":"Feature","geometry":{"type":"LineString","coordinates":[[139.810145,35.782679],[139.805635,35.782736]]},"properties":{"ward":"足立区","species":["ハナミズキ"],"count":23,"route":"渕江218号線-2","alias":"","manager":"足立区"}},{"type":"Feature","geometry":{"type":"LineString","coordinates":[[139.802079,35.755947],[139.802391,35.755836],[139.803611,35.754896],[139.804301,35.754707]]},"properties":{"ward":"足立区","species":["ハナミズキ"],"count":24,"route":"足立48号線","alias":"","manager":"足立区"}},{"type":"Feature","geometry":{"type":"LineString","coordinates":[[139.792935,35.774559],[139.792879,35.7744],[139.792967,35.77381],[139.792788,35.773156],[139.79311,35.773091],[139.793126,35.772815],[139.792964,35.772445],[139.793075,35.772325]]},"properties":{"ward":"足立区","species":["ハナミズキほか"],"count":8,"route":"梅島123号線","alias":"","manager":"足立区"}},{"type":"Feature","geometry":{"type":"LineString","coordinates":[[139.751862,35.757971],[139.753753,35.757579]]},"properties":{"ward":"足立区","species":["ハナミズキ"],"count":27,"route":"足立45号線","alias":"","manager":"足立区"}},{"type":"Feature","geometry":{"type":"LineString","coordinates":[[139.747182,35.770737],[139.74757,35.770723],[139.749776,35.769542],[139.749997,35.76923],[139.750027,35.768827]]},"properties":{"ward":"足立区","species":["ハナミズキ"],"count":22,"route":"新田156号線","alias":"","manager":"足立区"}},{"type":"Feature","geometry":{"type":"LineString","coordinates":[[139.836306,35.791409],[139.836591,35.790532],[139.83838,35.789834]]},"properties":{"ward":"足立区","species":["ハナミズキ"],"count":30,"route":"大谷田258号線","alias":"","manager":"足立区"}},{"type":"Feature","geometry":{"type":"LineString","coordinates":[[139.832384,35.793396],[139.839984,35.795069]]},"properties":{"ward":"足立区","species":["ハナミズキ"],"count":33,"route":"大谷田126号線","alias":"","manager":"足立区"}},{"type":"Feature","geometry":{"type":"LineString","coordinates":[[139.809018,35.78874],[139.811829,35.787658],[139.813215,35.787793],[139.814516,35.787793]]},"properties":{"ward":"足立区","species":["ハナミズキ"],"count":37,"route":"渕江327号線","alias":"","manager":"足立区"}},{"type":"Feature","geometry":{"type":"LineString","coordinates":[[139.838761,35.790139],[139.84076,35.790583]]},"properties":{"ward":"足立区","species":["ハナミズキ"],"count":39,"route":"大谷田264号線","alias":"","manager":"足立区"}},{"type":"Feature","geometry":{"type":"LineString","coordinates":[[139.770088,35.767038],[139.770552,35.767012]]},"properties":{"ward":"足立区","species":["ハナミズキ"],"count":50,"route":"江北12号線","alias":"","manager":"足立区"}},{"type":"Feature","geometry":{"type":"LineString","coordinates":[[139.767602,35.76891],[139.768357,35.768936]]},"properties":{"ward":"足立区","species":["ハナミズキ"],"count":50,"route":"江北12号線","alias":"","manager":"足立区"}},{"type":"Feature","geometry":{"type":"LineString","coordinates":[[139.770019,35.768928],[139.770088,35.767038]]},"properties":{"ward":"足立区","species":["ハナミズキ"],"count":50,"route":"江北12号線","alias":"","manager":"足立区"}},{"type":"Feature","geometry":{"type":"LineString","coordinates":[[139.770019,35.768928],[139.770462,35.768926]]},"properties":{"ward":"足立区","species":["ハナミズキ"],"count":50,"route":"江北12号線","alias":"","manager":"足立区"}},{"type":"Feature","geometry":{"type":"LineString","coordinates":[[139.768357,35.768936],[139.768425,35.768107],[139.768655,35.767119],[139.770088,35.767038]]},"properties":{"ward":"足立区","species":["ハナミズキ"],"count":50,"route":"江北12号線","alias":"","manager":"足立区"}},{"type":"Feature","geometry":{"type":"LineString","coordinates":[[139.768357,35.768936],[139.770019,35.768928]]},"properties":{"ward":"足立区","species":["ハナミズキ"],"count":50,"route":"江北12号線","alias":"","manager":"足立区"}},{"type":"Feature","geometry":{"type":"LineString","coordinates":[[139.768323,35.770243],[139.768357,35.768936]]},"properties":{"ward":"足立区","species":["ハナミズキ"],"count":50,"route":"江北12号線","alias":"","manager":"足立区"}},{"type":"Feature","geometry":{"type":"LineString","coordinates":[[139.804427,35.794874],[139.807498,35.795158],[139.807487,35.795353],[139.810006,35.795439]]},"properties":{"ward":"足立区","species":["ハナミズキ"],"count":61,"route":"花畑316号線","alias":"","manager":"足立区"}},{"type":"Feature","geometry":{"type":"LineString","coordinates":[[139.809475,35.766209],[139.813795,35.766422],[139.816621,35.766737],[139.818829,35.767336],[139.821336,35.768205]]},"properties":{"ward":"足立区","species":["ハナミズキ"],"count":77,"route":"足立38号線","alias":"","manager":"足立区"}},{"type":"Feature","geometry":{"type":"LineString","coordinates":[[139.766431,35.812799],[139.768151,35.81262]]},"properties":{"ward":"足立区","species":["ハナミズキ","アオダモほか"],"count":9,"route":"舎人117号線","alias":"","manager":"足立区"}},{"type":"Feature","geometry":{"type":"LineString","coordinates":[[139.755035,35.810451],[139.755096,35.811435],[139.755343,35.812535]]},"properties":{"ward":"足立区","species":["ハナミズキ","アメリカフウほか"],"count":17,"route":"舎人310号線","alias":"","manager":"足立区"}},{"type":"Feature","geometry":{"type":"LineString","coordinates":[[139.81617,35.794807],[139.821382,35.793612]]},"properties":{"ward":"足立区","species":["ハナミズキ","エンジュほか"],"count":43,"route":"花畑343号線","alias":"","manager":"足立区"}},{"type":"Feature","geometry":{"type":"LineString","coordinates":[[139.82021,35.772002],[139.81983,35.77207],[139.81984,35.772194],[139.819993,35.772198],[139.820052,35.772046]]},"properties":{"ward":"足立区","species":["ハナミズキ","クロガネモチほか"],"count":16,"route":"青井駅前広場","alias":"","manager":"足立区"}},{"type":"Feature","geometry":{"type":"LineString","coordinates":[[139.821606,35.770781],[139.821488,35.772912],[139.821266,35.774618],[139.821278,35.775388]]},"properties":{"ward":"足立区","species":["ハナミズキ","クロガネモチほか"],"count":30,"route":"竜井堀親水水路","alias":"","manager":"足立区"}},{"type":"Feature","geometry":{"type":"LineString","coordinates":[[139.766452,35.784137],[139.767426,35.780541]]},"properties":{"ward":"足立区","species":["ハナミズキ","ケヤキほか"],"count":42,"route":"鹿浜388号線","alias":"","manager":"足立区"}},{"type":"Feature","geometry":{"type":"LineString","coordinates":[[139.826558,35.779877],[139.830653,35.779675],[139.830786,35.778831]]},"properties":{"ward":"足立区","species":["ハナミズキ","ケヤキほか"],"count":77,"route":"大谷田188号線-1","alias":"","manager":"足立区"}},{"type":"Feature","geometry":{"type":"LineString","coordinates":[[139.822876,35.77366],[139.821423,35.773893]]},"properties":{"ward":"足立区","species":["ハナミズキ","サクラ類ほか"],"count":4,"route":"都住青井四丁目","alias":"","manager":"足立区"}},{"type":"Feature","geometry":{"type":"LineString","coordinates":[[139.798947,35.746608],[139.803649,35.746817]]},"properties":{"ward":"足立区","species":["ハナミズキ","サクラ類ほか"],"count":13,"route":"足立49号線-1","alias":"","manager":"足立区"}},{"type":"Feature","geometry":{"type":"LineString","coordinates":[[139.744222,35.77365],[139.746016,35.772485]]},"properties":{"ward":"足立区","species":["ハナミズキ","サクラ類ほか"],"count":12,"route":"新田151号線","alias":"","manager":"足立区"}},{"type":"Feature","geometry":{"type":"LineString","coordinates":[[139.812422,35.767727],[139.813923,35.768116],[139.814046,35.768058],[139.814061,35.76773]]},"properties":{"ward":"足立区","species":["ハナミズキ","サクラ類ほか"],"count":22,"route":"都住弘道一丁目第五","alias":"","manager":"足立区"}},{"type":"Feature","geometry":{"type":"LineString","coordinates":[[139.741293,35.774071],[139.744227,35.7719]]},"properties":{"ward":"足立区","species":["ハナミズキ","サクラ類ほか"],"count":17,"route":"新田127号線","alias":"新田緑道","manager":"足立区"}},{"type":"Feature","geometry":{"type":"LineString","coordinates":[[139.744006,35.768291],[139.744469,35.770454]]},"properties":{"ward":"足立区","species":["ハナミズキ","サクラ類ほか"],"count":19,"route":"新田137号線","alias":"","manager":"足立区"}},{"type":"Feature","geometry":{"type":"LineString","coordinates":[[139.837738,35.765106],[139.837728,35.765699],[139.83785,35.765899],[139.838064,35.766016],[139.838844,35.76619],[139.841703,35.766287],[139.841966,35.766368],[139.842175,35.766513],[139.84259,35.767376],[139.842828,35.767651],[139.843708,35.7684],[139.844746,35.768947],[139.844975,35.769163]]},"properties":{"ward":"足立区","species":["ハナミズキ","サクラ類ほか"],"count":76,"route":"古隅田川親水水路","alias":"","manager":"足立区"}},{"type":"Feature","geometry":{"type":"LineString","coordinates":[[139.821075,35.762006],[139.820493,35.762098],[139.820513,35.762164],[139.820634,35.762143],[139.820622,35.76209]]},"properties":{"ward":"足立区","species":["ハナミズキ","サルスベリほか"],"count":5,"route":"伊藤谷排水場跡","alias":"","manager":"足立区"}},{"type":"Feature","geometry":{"type":"LineString","coordinates":[[139.762237,35.772921],[139.762337,35.772352],[139.762636,35.772402],[139.762694,35.772043],[139.76261,35.771769],[139.762684,35.771438],[139.763396,35.771447],[139.763448,35.771603],[139.763572,35.771661],[139.763691,35.77188],[139.763654,35.772166],[139.763804,35.772494],[139.763628,35.773016],[139.763174,35.772956],[139.761932,35.772989]]},"properties":{"ward":"足立区","species":["ハナミズキ","サルスベリほか"],"count":10,"route":"足立137号線","alias":"","manager":"足立区"}},{"type":"Feature","geometry":{"type":"LineString","coordinates":[[139.806603,35.752634],[139.807032,35.753155]]},"properties":{"ward":"足立区","species":["ハナミズキ","サルスベリほか"],"count":19,"route":"千住東136号線","alias":"","manager":"足立区"}},{"type":"Feature","geometry":{"type":"LineString","coordinates":[[139.761379,35.812077],[139.764462,35.812088]]},"properties":{"ward":"足立区","species":["ハナミズキ","サルスベリほか"],"count":25,"route":"舎人304号線","alias":"","manager":"足立区"}},{"type":"Feature","geometry":{"type":"LineString","coordinates":[[139.817017,35.792905],[139.819458,35.792961]]},"properties":{"ward":"足立区","species":["ハナミズキ","サルスベリほか"],"count":33,"route":"渕江268号線","alias":"","manager":"足立区"}},{"type":"Feature","geometry":{"type":"LineString","coordinates":[[139.812644,35.790942],[139.812775,35.789459]]},"properties":{"ward":"足立区","species":["ハナミズキ","サルスベリほか"],"count":36,"route":"渕江303号線","alias":"","manager":"足立区"}},{"type":"Feature","geometry":{"type":"LineString","coordinates":[[139.783383,35.805365],[139.783497,35.804487],[139.783156,35.802129]]},"properties":{"ward":"足立区","species":["ハナミズキ","サルスベリほか"],"count":49,"route":"足立4号線","alias":"","manager":"足立区"}},{"type":"Feature","geometry":{"type":"LineString","coordinates":[[139.801702,35.787093],[139.801426,35.786829],[139.800331,35.786773],[139.800085,35.786635]]},"properties":{"ward":"足立区","species":["ハナミズキ","サルスベリほか"],"count":57,"route":"竹の塚271号線","alias":"","manager":"足立区"}},{"type":"Feature","geometry":{"type":"LineString","coordinates":[[139.790579,35.79326],[139.792124,35.791414],[139.795855,35.78979],[139.797511,35.789294]]},"properties":{"ward":"足立区","species":["ハナミズキ","サルスベリほか"],"count":71,"route":"足立2号線-2","alias":"","manager":"足立区"}},{"type":"Feature","geometry":{"type":"LineString","coordinates":[[139.79026,35.79365],[139.785339,35.799598],[139.780821,35.804515],[139.779233,35.805635]]},"properties":{"ward":"足立区","species":["ハナミズキ","サルスベリほか"],"count":136,"route":"足立2号線-1","alias":"","manager":"足立区"}},{"type":"Feature","geometry":{"type":"LineString","coordinates":[[139.805581,35.806635],[139.819208,35.806382],[139.819781,35.806312],[139.82044,35.806113]]},"properties":{"ward":"足立区","species":["ハナミズキ","サルスベリほか"],"count":160,"route":"花畑143号線","alias":"","manager":"足立区"}},{"type":"Feature","geometry":{"type":"LineString","coordinates":[[139.79492,35.800123],[139.794478,35.798552],[139.794608,35.795075],[139.794,35.790443],[139.794013,35.787525]]},"properties":{"ward":"足立区","species":["ハナミズキ","サルスベリほか"],"count":201,"route":"足立15号線","alias":"竹の塚センター通り","manager":"足立区"}},{"type":"Feature","geometry":{"type":"LineString","coordinates":[[139.746471,35.7697],[139.747566,35.769642]]},"properties":{"ward":"足立区","species":["ハナミズキ","シマトネリコほか"],"count":19,"route":"新田歩専道1号線","alias":"","manager":"足立区"}},{"type":"Feature","geometry":{"type":"LineString","coordinates":[[139.842222,35.799925],[139.842173,35.799698],[139.842986,35.799329]]},"properties":{"ward":"足立区","species":["ハナミズキ","シラカシほか"],"count":3,"route":"大谷田235号線","alias":"","manager":"足立区"}},{"type":"Feature","geometry":{"type":"LineString","coordinates":[[139.78991,35.780067],[139.790249,35.778531]]},"properties":{"ward":"足立区","species":["ハナミズキ","シラカシほか"],"count":31,"route":"足立18号線-2","alias":"","manager":"足立区"}},{"type":"Feature","geometry":{"type":"LineString","coordinates":[[139.793494,35.742942],[139.79305,35.742218]]},"properties":{"ward":"足立区","species":["ハナミズキ","シラカシほか"],"count":101,"route":"千住大橋駅西","alias":"","manager":"足立区"}},{"type":"Feature","geometry":{"type":"LineString","coordinates":[[139.808765,35.78209],[139.810275,35.781673],[139.81541,35.781884]]},"properties":{"ward":"足立区","species":["ハナミズキ","トウカエデほか"],"count":35,"route":"渕江219号線","alias":"","manager":"足立区"}},{"type":"Feature","geometry":{"type":"LineString","coordinates":[[139.814548,35.767066],[139.814482,35.767696],[139.81469,35.76814]]},"properties":{"ward":"足立区","species":["ハナミズキ","ヤマボウシほか"],"count":14,"route":"五反野188号線","alias":"","manager":"足立区"}},{"type":"Feature","geometry":{"type":"LineString","coordinates":[[139.795929,35.74518],[139.795017,35.743402]]},"properties":{"ward":"足立区","species":["ハナミズキ","ヤマボウシほか"],"count":18,"route":"千住西223号線","alias":"","manager":"足立区"}},{"type":"Feature","geometry":{"type":"LineString","coordinates":[[139.844784,35.77126],[139.846889,35.771839]]},"properties":{"ward":"足立区","species":["ハナミズキ","ヤマモモほか"],"count":26,"route":"中川緑道","alias":"","manager":"足立区"}},{"type":"Feature","geometry":{"type":"LineString","coordinates":[[139.761726,35.779455],[139.762127,35.780213],[139.762224,35.781421],[139.762566,35.781752],[139.763335,35.781845]]},"properties":{"ward":"足立区","species":["ハナミズキ","ヤマモモほか"],"count":42,"route":"鹿浜300号線","alias":"","manager":"足立区"}},{"type":"Feature","geometry":{"type":"LineString","coordinates":[[139.810766,35.743846],[139.810645,35.742633],[139.810857,35.741941]]},"properties":{"ward":"足立区","species":["ハナミズキ","ヤマモモほか"],"count":50,"route":"千住関屋船着場","alias":"","manager":"足立区"}},{"type":"Feature","geometry":{"type":"LineString","coordinates":[[139.83698,35.768718],[139.836959,35.769734],[139.837368,35.769878]]},"properties":{"ward":"足立区","species":["ハナミズキ","ヤマモモほか"],"count":55,"route":"綾瀬192号線","alias":"","manager":"足立区"}},{"type":"Feature","geometry":{"type":"LineString","coordinates":[[139.797714,35.773235],[139.801856,35.771758],[139.80322,35.771646]]},"properties":{"ward":"足立区","species":["ハナミズキ","ヤマモモほか"],"count":61,"route":"足立31号線","alias":"","manager":"足立区"}},{"type":"Feature","geometry":{"type":"LineString","coordinates":[[139.797514,35.773537],[139.797217,35.773542],[139.796867,35.773817]]},"properties":{"ward":"足立区","species":["ハナミズキ","ヤマモモほか"],"count":61,"route":"足立31号線","alias":"","manager":"足立区"}},{"type":"Feature","geometry":{"type":"LineString","coordinates":[[139.756087,35.778248],[139.756872,35.774946],[139.757035,35.774566],[139.757248,35.774312],[139.758272,35.773468],[139.758415,35.773218],[139.75844,35.772285]]},"properties":{"ward":"足立区","species":["ハナミズキ","ヤマモモほか"],"count":97,"route":"足立7号線","alias":"","manager":"足立区"}},{"type":"Feature","geometry":{"type":"LineString","coordinates":[[139.791495,35.794039],[139.791638,35.794438],[139.791594,35.794523],[139.791355,35.794523],[139.791219,35.794177],[139.791253,35.794102],[139.793181,35.79311],[139.793552,35.793044],[139.796361,35.792854],[139.802506,35.792774]]},"properties":{"ward":"足立区","species":["ハナミズキ","ヤマモモほか"],"count":164,"route":"足立17号線","alias":"竹の塚けやき大通り","manager":"足立区"}},{"type":"Feature","geometry":{"type":"LineString","coordinates":[[139.852653,35.772121],[139.852428,35.772894],[139.852453,35.773465],[139.85201,35.774513],[139.852024,35.774882],[139.851808,35.775474],[139.850852,35.77514],[139.850608,35.775441],[139.850514,35.775801],[139.85011,35.776487],[139.849116,35.777442]]},"properties":{"ward":"足立区","species":["ハナミズキ","ユリノキほか"],"count":59,"route":"綾瀬118号線","alias":"","manager":"足立区"}},{"type":"Feature","geometry":{"type":"LineString","coordinates":[[139.805635,35.771568],[139.806615,35.771414],[139.808229,35.770991],[139.810294,35.770872]]},"properties":{"ward":"足立区","species":["プラタナス"],"count":22,"route":"五反野170号線","alias":"","manager":"足立区"}},{"type":"Feature","geometry":{"type":"LineString","coordinates":[[139.762887,35.810398],[139.759146,35.810095]]},"properties":{"ward":"足立区","species":["プラタナス"],"count":51,"route":"舎人324号線-2","alias":"","manager":"足立区"}},{"type":"Feature","geometry":{"type":"LineString","coordinates":[[139.835601,35.773233],[139.835586,35.773363]]},"properties":{"ward":"足立区","species":["マテバシイ"],"count":2,"route":"谷中1-31-10","alias":"","manager":"足立区"}},{"type":"Feature","geometry":{"type":"LineString","coordinates":[[139.767927,35.783825],[139.767932,35.783166]]},"properties":{"ward":"足立区","species":["マテバシイ"],"count":5,"route":"鹿浜269号線","alias":"","manager":"足立区"}},{"type":"Feature","geometry":{"type":"LineString","coordinates":[[139.770897,35.775009],[139.771874,35.775803]]},"properties":{"ward":"足立区","species":["マテバシイ"],"count":6,"route":"本木329号線","alias":"","manager":"足立区"}},{"type":"Feature","geometry":{"type":"LineString","coordinates":[[139.762834,35.799348],[139.765522,35.799333]]},"properties":{"ward":"足立区","species":["マテバシイ"],"count":13,"route":"舎人416号線","alias":"","manager":"足立区"}},{"type":"Feature","geometry":{"type":"LineString","coordinates":[[139.80928,35.787761],[139.81022,35.784924]]},"properties":{"ward":"足立区","species":["マテバシイ"],"count":13,"route":"渕江143号線","alias":"","manager":"足立区"}},{"type":"Feature","geometry":{"type":"LineString","coordinates":[[139.851162,35.769946],[139.851396,35.770114],[139.851349,35.770504],[139.850956,35.771307]]},"properties":{"ward":"足立区","species":["マテバシイ"],"count":15,"route":"綾瀬216号線","alias":"","manager":"足立区"}},{"type":"Feature","geometry":{"type":"LineString","coordinates":[[139.795626,35.797598],[139.796183,35.796151],[139.796076,35.79569]]},"properties":{"ward":"足立区","species":["マテバシイ"],"count":28,"route":"竹の塚149号線","alias":"","manager":"足立区"}},{"type":"Feature","geometry":{"type":"LineString","coordinates":[[139.82803,35.782636],[139.827829,35.781209],[139.827744,35.779861]]},"properties":{"ward":"足立区","species":["マテバシイ"],"count":32,"route":"大谷田149号線-1","alias":"","manager":"足立区"}},{"type":"Feature","geometry":{"type":"LineString","coordinates":[[139.824642,35.79259],[139.824587,35.787918]]},"properties":{"ward":"足立区","species":["マテバシイ"],"count":35,"route":"花畑293号線","alias":"","manager":"足立区"}},{"type":"Feature","geometry":{"type":"LineString","coordinates":[[139.815722,35.792723],[139.816042,35.789554]]},"properties":{"ward":"足立区","species":["マテバシイ"],"count":44,"route":"渕江323号線","alias":"","manager":"足立区"}},{"type":"Feature","geometry":{"type":"LineString","coordinates":[[139.797707,35.769622],[139.798004,35.766963],[139.798366,35.765893],[139.79865,35.765364],[139.798894,35.76454],[139.798827,35.763708],[139.798888,35.762425]]},"properties":{"ward":"足立区","species":["マテバシイ"],"count":58,"route":"足立33号線","alias":"","manager":"足立区"}},{"type":"Feature","geometry":{"type":"LineString","coordinates":[[139.826664,35.782933],[139.826287,35.777932]]},"properties":{"ward":"足立区","species":["マテバシイ"],"count":89,"route":"足立25号線-2","alias":"","manager":"足立区"}},{"type":"Feature","geometry":{"type":"LineString","coordinates":[[139.841776,35.768554],[139.839767,35.773144],[139.838881,35.775851],[139.838959,35.776638]]},"properties":{"ward":"足立区","species":["マテバシイ"],"count":129,"route":"足立41号線","alias":"","manager":"足立区"}},{"type":"Feature","geometry":{"type":"LineString","coordinates":[[139.838144,35.791813],[139.838676,35.790114],[139.838039,35.789179],[139.83791,35.788829],[139.837914,35.788511],[139.839023,35.785194],[139.839489,35.781555],[139.839573,35.779171],[139.839199,35.778191],[139.83903,35.776964]]},"properties":{"ward":"足立区","species":["マテバシイ"],"count":188,"route":"大谷田260号線","alias":"","manager":"足立区"}},{"type":"Feature","geometry":{"type":"LineString","coordinates":[[139.828499,35.791122],[139.828313,35.790627],[139.826602,35.784041],[139.826478,35.78325]]},"properties":{"ward":"足立区","species":["マテバシイ","アキニレほか"],"count":131,"route":"足立25号線-1","alias":"","manager":"足立区"}},{"type":"Feature","geometry":{"type":"LineString","coordinates":[[139.814527,35.742016],[139.815025,35.742108],[139.815603,35.742096],[139.81657,35.741741],[139.816719,35.741619],[139.815996,35.740775]]},"properties":{"ward":"足立区","species":["マテバシイ","クスノキほか"],"count":45,"route":"千住東306号線","alias":"","manager":"足立区"}},{"type":"Feature","geometry":{"type":"LineString","coordinates":[[139.8042,35.805637],[139.810509,35.805553]]},"properties":{"ward":"足立区","species":["マテバシイ","コブシほか"],"count":40,"route":"花畑220号線","alias":"","manager":"足立区"}},{"type":"Feature","geometry":{"type":"LineString","coordinates":[[139.794413,35.803996],[139.796026,35.804332]]},"properties":{"ward":"足立区","species":["マテバシイ","サクラ類ほか"],"count":8,"route":"竹の塚104号線","alias":"","manager":"足立区"}},{"type":"Feature","geometry":{"type":"LineString","coordinates":[[139.746288,35.779082],[139.746538,35.778729],[139.746974,35.778341]]},"properties":{"ward":"足立区","species":["マテバシイ","サクラ類ほか"],"count":62,"route":"鹿浜緑道","alias":"","manager":"足立区"}},{"type":"Feature","geometry":{"type":"LineString","coordinates":[[139.7465,35.772313],[139.74966,35.770374],[139.752019,35.769403]]},"properties":{"ward":"足立区","species":["マテバシイ","サクラ類ほか"],"count":146,"route":"新田UR前","alias":"","manager":"足立区"}},{"type":"Feature","geometry":{"type":"LineString","coordinates":[[139.842965,35.787506],[139.843508,35.785294],[139.844468,35.781934],[139.845188,35.778669],[139.845307,35.778417]]},"properties":{"ward":"足立区","species":["マテバシイ","シラカシほか"],"count":88,"route":"大谷田182号線","alias":"","manager":"足立区"}},{"type":"Feature","geometry":{"type":"LineString","coordinates":[[139.78938,35.784375],[139.789013,35.781802]]},"properties":{"ward":"足立区","species":["マテバシイ","ハナミズキほか"],"count":29,"route":"足立18号線-1","alias":"","manager":"足立区"}},{"type":"Feature","geometry":{"type":"LineString","coordinates":[[139.817784,35.798012],[139.819502,35.795789],[139.821308,35.794443],[139.821407,35.794256]]},"properties":{"ward":"足立区","species":["マテバシイ","ハナミズキほか"],"count":73,"route":"花畑336号線","alias":"","manager":"足立区"}},{"type":"Feature","geometry":{"type":"LineString","coordinates":[[139.802506,35.792774],[139.804196,35.792795],[139.80453,35.792738],[139.804911,35.792529],[139.805146,35.792186],[139.805391,35.789425]]},"properties":{"ward":"足立区","species":["マテバシイ","ハナミズキほか"],"count":102,"route":"渕江216号線","alias":"","manager":"足立区"}},{"type":"Feature","geometry":{"type":"LineString","coordinates":[[139.794413,35.77864],[139.793999,35.78725]]},"properties":{"ward":"足立区","species":["マテバシイ","ハナミズキほか"],"count":149,"route":"竹の塚255号線","alias":"竹の塚センター通り","manager":"足立区"}},{"type":"Feature","geometry":{"type":"LineString","coordinates":[[139.823382,35.755648],[139.823798,35.758047],[139.824228,35.761456],[139.823709,35.764585],[139.824506,35.768728],[139.825186,35.771642],[139.825555,35.773832],[139.826096,35.776126],[139.8263,35.777538]]},"properties":{"ward":"足立区","species":["マテバシイ","ハナミズキほか"],"count":279,"route":"足立25号線","alias":"","manager":"足立区"}},{"type":"Feature","geometry":{"type":"LineString","coordinates":[[139.797581,35.80311],[139.798237,35.802956]]},"properties":{"ward":"足立区","species":["マテバシイ","ヤマモモほか"],"count":7,"route":"竹の塚110号線","alias":"","manager":"足立区"}},{"type":"Feature","geometry":{"type":"LineString","coordinates":[[139.800925,35.741355],[139.802111,35.742079],[139.802322,35.742287],[139.802604,35.743187]]},"properties":{"ward":"足立区","species":["マテバシイ","ヤマモモほか"],"count":25,"route":"やっちゃば緑道","alias":"","manager":"足立区"}},{"type":"Feature","geometry":{"type":"LineString","coordinates":[[139.811192,35.78963],[139.810716,35.794926],[139.810778,35.797238],[139.811721,35.797258],[139.811835,35.798244]]},"properties":{"ward":"足立区","species":["マテバシイ","ヤマモモほか"],"count":103,"route":"渕江301号線","alias":"","manager":"足立区"}},{"type":"Feature","geometry":{"type":"LineString","coordinates":[[139.770084,35.773418],[139.770129,35.773777],[139.770054,35.774006],[139.770117,35.774119]]},"properties":{"ward":"足立区","species":["ヤマボウシ"],"count":2,"route":"江北駅西口","alias":"","manager":"足立区"}},{"type":"Feature","geometry":{"type":"LineString","coordinates":[[139.806527,35.787102],[139.806676,35.787053]]},"properties":{"ward":"足立区","species":["ヤマモモ"],"count":1,"route":"渕江383号線","alias":"","manager":"足立区"}},{"type":"Feature","geometry":{"type":"LineString","coordinates":[[139.833429,35.784412],[139.836547,35.78469],[139.841683,35.785825]]},"properties":{"ward":"足立区","species":["ヤマモモ"],"count":2,"route":"大谷田301号線","alias":"","manager":"足立区"}},{"type":"Feature","geometry":{"type":"LineString","coordinates":[[139.78993,35.791834],[139.788993,35.789328]]},"properties":{"ward":"足立区","species":["ヤマモモ"],"count":3,"route":"竹の塚169号線","alias":"","manager":"足立区"}},{"type":"Feature","geometry":{"type":"LineString","coordinates":[[139.821269,35.785349],[139.821207,35.784732],[139.821269,35.78467],[139.821593,35.784693],[139.82164,35.78506],[139.821282,35.785132]]},"properties":{"ward":"足立区","species":["ヤマモモ"],"count":3,"route":"六町駅前","alias":"","manager":"足立区"}},{"type":"Feature","geometry":{"type":"LineString","coordinates":[[139.806369,35.754326],[139.806539,35.754734]]},"properties":{"ward":"足立区","species":["ヤマモモ"],"count":4,"route":"千住五丁目アンダーパス","alias":"","manager":"足立区"}},{"type":"Feature","geometry":{"type":"LineString","coordinates":[[139.806812,35.751107],[139.80831,35.751083],[139.808882,35.750702],[139.808915,35.750415],[139.809216,35.750209]]},"properties":{"ward":"足立区","species":["ヤマモモ"],"count":10,"route":"千住東143号線","alias":"","manager":"足立区"}},{"type":"Feature","geometry":{"type":"LineString","coordinates":[[139.791485,35.761596],[139.791795,35.76221]]},"properties":{"ward":"足立区","species":["ヤマモモ"],"count":11,"route":"足立32号線","alias":"","manager":"足立区"}},{"type":"Feature","geometry":{"type":"LineString","coordinates":[[139.828942,35.77968],[139.829146,35.778861],[139.829024,35.77772]]},"properties":{"ward":"足立区","species":["ヤマモモ"],"count":16,"route":"大谷田195号線","alias":"","manager":"足立区"}},{"type":"Feature","geometry":{"type":"LineString","coordinates":[[139.812663,35.781676],[139.812598,35.780094]]},"properties":{"ward":"足立区","species":["ヤマモモ"],"count":16,"route":"渕江231号線","alias":"","manager":"足立区"}},{"type":"Feature","geometry":{"type":"LineString","coordinates":[[139.815713,35.778416],[139.815729,35.776894],[139.815812,35.776668],[139.815872,35.775445]]},"properties":{"ward":"足立区","species":["ヤマモモ"],"count":18,"route":"五反野119号線","alias":"","manager":"足立区"}},{"type":"Feature","geometry":{"type":"LineString","coordinates":[[139.750653,35.806358],[139.751696,35.805577],[139.752634,35.805057]]},"properties":{"ward":"足立区","species":["ヤマモモ"],"count":20,"route":"芝川1号線","alias":"","manager":"足立区"}},{"type":"Feature","geometry":{"type":"LineString","coordinates":[[139.83655,35.776107],[139.837462,35.773949]]},"properties":{"ward":"足立区","species":["ヤマモモ"],"count":22,"route":"綾瀬114号線","alias":"","manager":"足立区"}},{"type":"Feature","geometry":{"type":"LineString","coordinates":[[139.855018,35.764868],[139.855711,35.766368]]},"properties":{"ward":"足立区","species":["ヤマモモ"],"count":28,"route":"綾瀬325号線","alias":"","manager":"足立区"}},{"type":"Feature","geometry":{"type":"LineString","coordinates":[[139.786452,35.773564],[139.786677,35.775793]]},"properties":{"ward":"足立区","species":["ヤマモモ"],"count":28,"route":"梅島405号線","alias":"","manager":"足立区"}},{"type":"Feature","geometry":{"type":"LineString","coordinates":[[139.820073,35.812687],[139.820224,35.812791],[139.820619,35.813427],[139.821191,35.814902]]},"properties":{"ward":"足立区","species":["ヤマモモ"],"count":30,"route":"花畑101号線","alias":"","manager":"足立区"}},{"type":"Feature","geometry":{"type":"LineString","coordinates":[[139.817017,35.792905],[139.816866,35.78761]]},"properties":{"ward":"足立区","species":["ヤマモモ"],"count":32,"route":"足立21号線-2","alias":"","manager":"足立区"}},{"type":"Feature","geometry":{"type":"LineString","coordinates":[[139.827212,35.777559],[139.828446,35.773103]]},"properties":{"ward":"足立区","species":["ヤマモモ"],"count":38,"route":"綾瀬106号線","alias":"","manager":"足立区"}},{"type":"Feature","geometry":{"type":"LineString","coordinates":[[139.817054,35.799636],[139.816924,35.798726],[139.817435,35.796574],[139.817426,35.796171],[139.817051,35.794639]]},"properties":{"ward":"足立区","species":["ヤマモモ"],"count":40,"route":"足立21号線-1","alias":"","manager":"足立区"}},{"type":"Feature","geometry":{"type":"LineString","coordinates":[[139.805565,35.772712],[139.805585,35.76832]]},"properties":{"ward":"足立区","species":["ヤマモモ"],"count":50,"route":"足立36号線","alias":"","manager":"足立区"}},{"type":"Feature","geometry":{"type":"LineString","coordinates":[[139.838236,35.777062],[139.838438,35.778261],[139.838569,35.778493],[139.838961,35.778733],[139.839269,35.778769]]},"properties":{"ward":"足立区","species":["ヤマモモ"],"count":53,"route":"大谷田214号線","alias":"","manager":"足立区"}},{"type":"Feature","geometry":{"type":"LineString","coordinates":[[139.816454,35.784423],[139.816145,35.782963],[139.815701,35.778778]]},"properties":{"ward":"足立区","species":["ヤマモモ"],"count":64,"route":"足立21号線-3","alias":"","manager":"足立区"}},{"type":"Feature","geometry":{"type":"LineString","coordinates":[[139.813221,35.804644],[139.812926,35.802143],[139.81287,35.798556]]},"properties":{"ward":"足立区","species":["ヤマモモ"],"count":67,"route":"花畑229号線","alias":"","manager":"足立区"}},{"type":"Feature","geometry":{"type":"LineString","coordinates":[[139.836418,35.786947],[139.836961,35.785321]]},"properties":{"ward":"足立区","species":["ヤマモモ"],"count":72,"route":"大谷田320号線","alias":"","manager":"足立区"}},{"type":"Feature","geometry":{"type":"LineString","coordinates":[[139.837181,35.784321],[139.837472,35.782118]]},"properties":{"ward":"足立区","species":["ヤマモモ"],"count":72,"route":"大谷田320号線","alias":"","manager":"足立区"}},{"type":"Feature","geometry":{"type":"LineString","coordinates":[[139.839333,35.792106],[139.840376,35.78898],[139.840183,35.788679]]},"properties":{"ward":"足立区","species":["ヤマモモ"],"count":82,"route":"大谷田263号線","alias":"","manager":"足立区"}},{"type":"Feature","geometry":{"type":"LineString","coordinates":[[139.825849,35.774724],[139.827494,35.774554],[139.828219,35.774639],[139.828425,35.774729],[139.828578,35.774891],[139.828672,35.775163],[139.828821,35.776924],[139.828979,35.777462]]},"properties":{"ward":"足立区","species":["ヤマモモ","アキニレほか"],"count":62,"route":"綾瀬108号線","alias":"","manager":"足立区"}},{"type":"Feature","geometry":{"type":"LineString","coordinates":[[139.844498,35.775478],[139.844305,35.776104]]},"properties":{"ward":"足立区","species":["ヤマモモ","クスノキほか"],"count":7,"route":"綾瀬460号線","alias":"","manager":"足立区"}},{"type":"Feature","geometry":{"type":"LineString","coordinates":[[139.826872,35.763824],[139.828539,35.764285],[139.828973,35.764276]]},"properties":{"ward":"足立区","species":["ヤマモモ","クスノキほか"],"count":18,"route":"綾瀬301号線","alias":"","manager":"足立区"}},{"type":"Feature","geometry":{"type":"LineString","coordinates":[[139.828188,35.789873],[139.828582,35.789832],[139.840514,35.792486]]},"properties":{"ward":"足立区","species":["ヤマモモ","クスノキほか"],"count":169,"route":"足立24号線","alias":"","manager":"足立区"}},{"type":"Feature","geometry":{"type":"LineString","coordinates":[[139.797631,35.777883],[139.797567,35.774232]]},"properties":{"ward":"足立区","species":["ヤマモモ","クロガネモチほか"],"count":61,"route":"梅島370号線","alias":"","manager":"足立区"}},{"type":"Feature","geometry":{"type":"LineString","coordinates":[[139.750986,35.778426],[139.751007,35.777804],[139.751183,35.777376],[139.75163,35.776969],[139.756531,35.775455]]},"properties":{"ward":"足立区","species":["ヤマモモ","ケヤキほか"],"count":74,"route":"足立29号線","alias":"","manager":"足立区"}},{"type":"Feature","geometry":{"type":"LineString","coordinates":[[139.770074,35.813888],[139.770206,35.814213],[139.770355,35.814207],[139.770378,35.813977],[139.770194,35.813952],[139.770155,35.813874]]},"properties":{"ward":"足立区","species":["ヤマモモ","サクラ類ほか"],"count":9,"route":"見沼代親水公園駅","alias":"","manager":"足立区"}},{"type":"Feature","geometry":{"type":"LineString","coordinates":[[139.801256,35.787566],[139.80045,35.788829]]},"properties":{"ward":"足立区","species":["ヤマモモ","サクラ類ほか"],"count":47,"route":"竹の塚274号線","alias":"","manager":"足立区"}},{"type":"Feature","geometry":{"type":"LineString","coordinates":[[139.802409,35.786408],[139.801736,35.787118]]},"properties":{"ward":"足立区","species":["ヤマモモ","サクラ類ほか"],"count":47,"route":"竹の塚274号線","alias":"","manager":"足立区"}},{"type":"Feature","geometry":{"type":"LineString","coordinates":[[139.758552,35.77229],[139.758549,35.772548],[139.758763,35.772546],[139.759212,35.772711]]},"properties":{"ward":"足立区","species":["ヤマモモ","サルスベリほか"],"count":27,"route":"江北280号線","alias":"","manager":"足立区"}},{"type":"Feature","geometry":{"type":"LineString","coordinates":[[139.780637,35.767873],[139.780643,35.767764],[139.781504,35.767533]]},"properties":{"ward":"足立区","species":["ヤマモモ","タイサンボク"],"count":4,"route":"本木212号線","alias":"","manager":"足立区"}},{"type":"Feature","geometry":{"type":"LineString","coordinates":[[139.835798,35.768077],[139.83761,35.768923]]},"properties":{"ward":"足立区","species":["ヤマモモ","トウカエデほか"],"count":13,"route":"綾瀬262号線","alias":"","manager":"足立区"}},{"type":"Feature","geometry":{"type":"LineString","coordinates":[[139.799638,35.794805],[139.799771,35.789356]]},"properties":{"ward":"足立区","species":["ヤマモモ","フジほか"],"count":63,"route":"竹の塚200号線","alias":"","manager":"足立区"}},{"type":"Feature","geometry":{"type":"LineString","coordinates":[[139.80477,35.743126],[139.804703,35.740603],[139.80498,35.740081]]},"properties":{"ward":"足立区","species":["ヤマモモ","プラタナスほか"],"count":3,"route":"千住東275号線","alias":"","manager":"足立区"}},{"type":"Feature","geometry":{"type":"LineString","coordinates":[[139.822476,35.761935],[139.823375,35.762177],[139.828281,35.762704],[139.829102,35.762869],[139.83007,35.763184],[139.831484,35.764028],[139.831981,35.764546],[139.832288,35.765044],[139.832368,35.765606]]},"properties":{"ward":"足立区","species":["ヤマモモ","常緑ヤマボウシほか"],"count":74,"route":"綾瀬312号線","alias":"","manager":"足立区"}},{"type":"Feature","geometry":{"type":"LineString","coordinates":[[139.811162,35.790933],[139.815775,35.791203]]},"properties":{"ward":"足立区","species":["ユリノキ"],"count":3,"route":"足立19号線","alias":"","manager":"足立区"}},{"type":"Feature","geometry":{"type":"LineString","coordinates":[[139.842645,35.78242],[139.842912,35.782392],[139.843879,35.782605],[139.844382,35.782828],[139.845144,35.782831],[139.845695,35.782964],[139.846457,35.782999]]},"properties":{"ward":"足立区","species":["ユリノキ"],"count":26,"route":"大谷田345号線","alias":"","manager":"足立区"}},{"type":"Feature","geometry":{"type":"LineString","coordinates":[[139.798891,35.773749],[139.803199,35.77318]]},"properties":{"ward":"足立区","species":["ユリノキ"],"count":33,"route":"梅島185号線","alias":"","manager":"足立区"}},{"type":"Feature","geometry":{"type":"LineString","coordinates":[[139.835498,35.790057],[139.836442,35.790042],[139.840553,35.788459],[139.841173,35.788402]]},"properties":{"ward":"足立区","species":["ユリノキ"],"count":73,"route":"大谷田148号線","alias":"","manager":"足立区"}},{"type":"Feature","geometry":{"type":"LineString","coordinates":[[139.83331,35.78203],[139.841123,35.782069],[139.842307,35.78241]]},"properties":{"ward":"足立区","species":["ユリノキ"],"count":74,"route":"大谷田346号線","alias":"","manager":"足立区"}},{"type":"Feature","geometry":{"type":"LineString","coordinates":[[139.827662,35.78592],[139.831107,35.786246],[139.838047,35.787806]]},"properties":{"ward":"足立区","species":["ユリノキ"],"count":89,"route":"大谷田166号線","alias":"","manager":"足立区"}},{"type":"Feature","geometry":{"type":"LineString","coordinates":[[139.802053,35.794773],[139.799181,35.7949],[139.797886,35.795093],[139.795542,35.795804],[139.791686,35.796089]]},"properties":{"ward":"足立区","species":["ユリノキ"],"count":135,"route":"足立16号線","alias":"","manager":"足立区"}},{"type":"Feature","geometry":{"type":"LineString","coordinates":[[139.772099,35.778002],[139.772061,35.777137],[139.770415,35.777127]]},"properties":{"ward":"足立区","species":["ユリノキ","スダジイほか"],"count":21,"route":"本木323号線","alias":"","manager":"足立区"}},{"type":"Feature","geometry":{"type":"LineString","coordinates":[[139.797461,35.739359],[139.797796,35.740089],[139.798067,35.741099],[139.798001,35.741856],[139.797635,35.743041],[139.797569,35.743599],[139.797784,35.744471],[139.802291,35.757442]]},"properties":{"ward":"足立区","species":["イチョウ"],"count":null,"route":"国道4号線","alias":"","manager":"国"}},{"type":"Feature","geometry":{"type":"LineString","coordinates":[[139.803727,35.761991],[139.803917,35.763366],[139.803637,35.766687],[139.803134,35.778934]]},"properties":{"ward":"足立区","species":["イチョウ"],"count":null,"route":"国道6号線","alias":"","manager":"国"}},{"type":"Feature","geometry":{"type":"LineString","coordinates":[[139.803134,35.778934],[139.802675,35.789843],[139.801791,35.800859]]},"properties":{"ward":"足立区","species":["トウカエデ"],"count":null,"route":"国道6号線","alias":"","manager":"国"}},{"type":"Feature","geometry":{"type":"LineString","coordinates":[[139.801791,35.800859],[139.801466,35.804922],[139.800997,35.805913],[139.800204,35.806737]]},"properties":{"ward":"足立区","species":["プラタナス類"],"count":null,"route":"国道6号線","alias":"","manager":"国"}},{"type":"Feature","geometry":{"type":"LineString","coordinates":[[139.760504,35.771058],[139.761026,35.770495],[139.761567,35.769612]]},"properties":{"ward":"足立区","species":["サクラほか"],"count":50,"route":"江北342号線","alias":"","manager":"足立区"}},{"type":"Feature","geometry":{"type":"LineString","coordinates":[[139.76102,35.778162],[139.76032,35.777287],[139.759915,35.776052],[139.759541,35.775606],[139.759212,35.774994],[139.759123,35.774456],[139.759179,35.773712],[139.759316,35.772704],[139.75968,35.772014],[139.760058,35.771819],[139.760446,35.771494],[139.76128,35.770476],[139.761857,35.769334]]},"properties":{"ward":"足立区","species":["サクラほか"],"count":258,"route":"神領堀緑道","alias":"","manager":"足立区"}},{"type":"Feature","geometry":{"type":"LineString","coordinates":[[139.758975,35.771915],[139.758621,35.771984]]},"properties":{"ward":"足立区","species":["クス、マテバシイほか"],"count":6,"route":"神領堀緑道（西端）","alias":"","manager":"足立区"}},{"type":"Feature","geometry":{"type":"LineString","coordinates":[[139.793075,35.772325],[139.792526,35.771362],[139.792535,35.771266],[139.792785,35.771106],[139.792498,35.770482],[139.792538,35.770135],[139.792684,35.769809],[139.792665,35.769273],[139.792761,35.769101],[139.792265,35.76768],[139.791915,35.767258],[139.79115,35.765138]]},"properties":{"ward":"足立区","species":["ハナミズキ"],"count":16,"route":"梅島216号線","alias":"","manager":"足立区"}},{"type":"Feature","geometry":{"type":"LineString","coordinates":[[139.881134,35.752106],[139.883337,35.753307]]},"properties":{"ward":"葛飾区","species":["ハナミズキ・アキニレなど"],"count":48,"route":"10-225","alias":"柴又五丁目緑道","manager":"葛飾区"}},{"type":"Feature","geometry":{"type":"LineString","coordinates":[[139.870967,35.740372],[139.871894,35.739329],[139.873242,35.737448]]},"properties":{"ward":"葛飾区","species":["アキニレ・シラカシほか"],"count":25,"route":"10-401","alias":"東用水せせらぎ通り","manager":"葛飾区"}},{"type":"Feature","geometry":{"type":"LineString","coordinates":[[139.87283,35.768999],[139.871211,35.768831],[139.870684,35.768867],[139.870622,35.768906],[139.870885,35.769135],[139.871015,35.769048],[139.871477,35.769106],[139.87148,35.769188],[139.871394,35.76921],[139.870906,35.769145]]},"properties":{"ward":"葛飾区","species":["アキニレ・クロガネモチほか"],"count":20,"route":"9-015","alias":"","manager":"葛飾区"}},{"type":"Feature","geometry":{"type":"LineString","coordinates":[[139.871865,35.769197],[139.871876,35.76907]]},"properties":{"ward":"葛飾区","species":["アキニレ・クロガネモチほか"],"count":20,"route":"9-015","alias":"","manager":"葛飾区"}},{"type":"Feature","geometry":{"type":"LineString","coordinates":[[139.861178,35.762831],[139.862472,35.763342]]},"properties":{"ward":"葛飾区","species":["アメリカフウ"],"count":7,"route":"9-008","alias":"","manager":"葛飾区"}},{"type":"Feature","geometry":{"type":"LineString","coordinates":[[139.878242,35.741036],[139.879938,35.740292]]},"properties":{"ward":"葛飾区","species":["アメリカフウ"],"count":17,"route":"10-322","alias":"","manager":"葛飾区"}},{"type":"Feature","geometry":{"type":"LineString","coordinates":[[139.837088,35.761425],[139.837385,35.761602],[139.837625,35.761881],[139.837796,35.762515],[139.837722,35.762997]]},"properties":{"ward":"葛飾区","species":["アメリカフウ"],"count":22,"route":"01A09","alias":"","manager":"葛飾区"}},{"type":"Feature","geometry":{"type":"LineString","coordinates":[[139.85898,35.775322],[139.858994,35.774659],[139.859207,35.774225]]},"properties":{"ward":"葛飾区","species":["アメリカフウ"],"count":26,"route":"7-011","alias":"","manager":"葛飾区"}},{"type":"Feature","geometry":{"type":"LineString","coordinates":[[139.842377,35.760652],[139.842552,35.760652]]},"properties":{"ward":"葛飾区","species":["アメリカフウ"],"count":30,"route":"01A04","alias":"","manager":"葛飾区"}},{"type":"Feature","geometry":{"type":"LineString","coordinates":[[139.841038,35.761286],[139.840692,35.761667],[139.840438,35.761684],[139.840188,35.76197],[139.839629,35.762263],[139.839581,35.762847]]},"properties":{"ward":"葛飾区","species":["アメリカフウ"],"count":30,"route":"01A04","alias":"","manager":"葛飾区"}},{"type":"Feature","geometry":{"type":"LineString","coordinates":[[139.837631,35.76442],[139.841052,35.76441]]},"properties":{"ward":"葛飾区","species":["アメリカフウ・ハナミズキ"],"count":98,"route":"01A02","alias":"","manager":"葛飾区"}},{"type":"Feature","geometry":{"type":"LineString","coordinates":[[139.841052,35.76441],[139.843095,35.764708],[139.84342,35.764673]]},"properties":{"ward":"葛飾区","species":["アメリカフウ・ハナミズキ"],"count":98,"route":"01A02","alias":"","manager":"葛飾区"}},{"type":"Feature","geometry":{"type":"LineString","coordinates":[[139.841215,35.763948],[139.841052,35.76441]]},"properties":{"ward":"葛飾区","species":["アメリカフウ・ハナミズキ"],"count":98,"route":"01A02","alias":"","manager":"葛飾区"}},{"type":"Feature","geometry":{"type":"LineString","coordinates":[[139.841052,35.76441],[139.841382,35.766199]]},"properties":{"ward":"葛飾区","species":["アメリカフウ・ハナミズキ"],"count":98,"route":"01A02","alias":"","manager":"葛飾区"}},{"type":"Feature","geometry":{"type":"LineString","coordinates":[[139.840876,35.76396],[139.840963,35.764243]]},"properties":{"ward":"葛飾区","species":["アメリカフウ・ハナミズキ"],"count":98,"route":"01A02","alias":"","manager":"葛飾区"}},{"type":"Feature","geometry":{"type":"LineString","coordinates":[[139.868998,35.745512],[139.870673,35.745401],[139.871144,35.744851],[139.872021,35.745342],[139.87312,35.745574]]},"properties":{"ward":"葛飾区","species":["サルスベリ・コブシほか"],"count":70,"route":"10-311","alias":"","manager":"葛飾区"}},{"type":"Feature","geometry":{"type":"LineString","coordinates":[[139.853543,35.761196],[139.853532,35.76157]]},"properties":{"ward":"葛飾区","species":["アメリカフウ・サクラ"],"count":22,"route":"01B63","alias":"","manager":"葛飾区"}},{"type":"Feature","geometry":{"type":"LineString","coordinates":[[139.852332,35.762245],[139.852446,35.762394],[139.852755,35.762324]]},"properties":{"ward":"葛飾区","species":["アメリカフウ・サクラ"],"count":22,"route":"01B63","alias":"","manager":"葛飾区"}},{"type":"Feature","geometry":{"type":"LineString","coordinates":[[139.851639,35.762053],[139.851817,35.762016],[139.851976,35.762103]]},"properties":{"ward":"葛飾区","species":["アメリカフウ・サクラ"],"count":22,"route":"01B63","alias":"","manager":"葛飾区"}},{"type":"Feature","geometry":{"type":"LineString","coordinates":[[139.853796,35.739545],[139.853735,35.739179]]},"properties":{"ward":"葛飾区","species":["アメリカフウ・ハナミズキほか"],"count":9,"route":"3-C62","alias":"","manager":"葛飾区"}},{"type":"Feature","geometry":{"type":"LineString","coordinates":[[139.853151,35.738661],[139.85316,35.738719]]},"properties":{"ward":"葛飾区","species":["アメリカフウ・ハナミズキほか"],"count":9,"route":"3-C62","alias":"","manager":"葛飾区"}},{"type":"Feature","geometry":{"type":"LineString","coordinates":[[139.841238,35.74142],[139.846991,35.742091]]},"properties":{"ward":"葛飾区","species":["アメリカフウ・トウカエデ"],"count":63,"route":"3-C42","alias":"","manager":"葛飾区"}},{"type":"Feature","geometry":{"type":"LineString","coordinates":[[139.863519,35.763132],[139.863245,35.763721],[139.862949,35.764946],[139.862486,35.765583],[139.862993,35.766955]]},"properties":{"ward":"葛飾区","species":["アメリカフウ・ヤマモモほか"],"count":80,"route":"9-018","alias":"","manager":"葛飾区"}},{"type":"Feature","geometry":{"type":"LineString","coordinates":[[139.831936,35.752053],[139.832149,35.750975]]},"properties":{"ward":"葛飾区","species":["ハナミズキ・ユリノキほか"],"count":10,"route":"01A28","alias":"九品寺通り","manager":"葛飾区"}},{"type":"Feature","geometry":{"type":"LineString","coordinates":[[139.860873,35.726714],[139.863437,35.723977]]},"properties":{"ward":"葛飾区","species":["ホルトノキ・アメリカフウ"],"count":72,"route":"5-C08","alias":"","manager":"葛飾区"}},{"type":"Feature","geometry":{"type":"LineString","coordinates":[[139.856917,35.728855],[139.857369,35.728766],[139.85793,35.728498],[139.860713,35.726828]]},"properties":{"ward":"葛飾区","species":["ホルトノキ・アメリカフウ"],"count":72,"route":"5-C08","alias":"","manager":"葛飾区"}},{"type":"Feature","geometry":{"type":"LineString","coordinates":[[139.857078,35.729205],[139.859114,35.727949]]},"properties":{"ward":"葛飾区","species":["ホルトノキ・アメリカフウ"],"count":72,"route":"5-C08","alias":"","manager":"葛飾区"}},{"type":"Feature","geometry":{"type":"LineString","coordinates":[[139.846264,35.738405],[139.847007,35.738242]]},"properties":{"ward":"葛飾区","species":["イチョウ"],"count":1,"route":"3-C10","alias":"","manager":"葛飾区"}},{"type":"Feature","geometry":{"type":"LineString","coordinates":[[139.870183,35.727761],[139.870467,35.72642]]},"properties":{"ward":"葛飾区","species":["イチョウ"],"count":12,"route":"6-C45","alias":"新小岩四丁目コミュニティ道路","manager":"葛飾区"}},{"type":"Feature","geometry":{"type":"LineString","coordinates":[[139.840781,35.74623],[139.84202,35.745929],[139.843054,35.7454]]},"properties":{"ward":"葛飾区","species":["イチョウ・アオギリほか"],"count":25,"route":"2-B04","alias":"","manager":"葛飾区"}},{"type":"Feature","geometry":{"type":"LineString","coordinates":[[139.859805,35.755582],[139.861104,35.756236]]},"properties":{"ward":"葛飾区","species":["イチョウ"],"count":19,"route":"9-100","alias":"","manager":"葛飾区"}},{"type":"Feature","geometry":{"type":"LineString","coordinates":[[139.871557,35.752235],[139.872935,35.751394],[139.873707,35.750828]]},"properties":{"ward":"葛飾区","species":["イチョウ・ケヤキ"],"count":27,"route":"10-216","alias":"小岩用水緑道","manager":"葛飾区"}},{"type":"Feature","geometry":{"type":"LineString","coordinates":[[139.869801,35.729494],[139.869045,35.731859],[139.868812,35.733188],[139.868537,35.734019]]},"properties":{"ward":"葛飾区","species":["イロハモミジ・イチョウ"],"count":28,"route":"5-C47","alias":"","manager":"葛飾区"}},{"type":"Feature","geometry":{"type":"LineString","coordinates":[[139.869814,35.729018],[139.86973,35.729162]]},"properties":{"ward":"葛飾区","species":["イロハモミジ・イチョウ"],"count":28,"route":"5-C47","alias":"","manager":"葛飾区"}},{"type":"Feature","geometry":{"type":"LineString","coordinates":[[139.877727,35.758302],[139.877772,35.758157]]},"properties":{"ward":"葛飾区","species":["イチョウ・カクレミノほか"],"count":3,"route":"10-230","alias":"","manager":"葛飾区"}},{"type":"Feature","geometry":{"type":"LineString","coordinates":[[139.856331,35.748499],[139.856363,35.74813]]},"properties":{"ward":"葛飾区","species":["スダジイ・イチョウほか"],"count":24,"route":"3-C60","alias":"","manager":"葛飾区"}},{"type":"Feature","geometry":{"type":"LineString","coordinates":[[139.853714,35.752239],[139.854524,35.752507]]},"properties":{"ward":"葛飾区","species":["スダジイ・イチョウほか"],"count":24,"route":"3-C60","alias":"","manager":"葛飾区"}},{"type":"Feature","geometry":{"type":"LineString","coordinates":[[139.855194,35.750871],[139.855841,35.74974]]},"properties":{"ward":"葛飾区","species":["スダジイ・イチョウほか"],"count":24,"route":"3-C60","alias":"","manager":"葛飾区"}},{"type":"Feature","geometry":{"type":"LineString","coordinates":[[139.856082,35.75459],[139.85617,35.754376]]},"properties":{"ward":"葛飾区","species":["クスノキ・イチョウほか"],"count":4,"route":"3-C49","alias":"","manager":"葛飾区"}},{"type":"Feature","geometry":{"type":"LineString","coordinates":[[139.859213,35.750797],[139.859247,35.750482]]},"properties":{"ward":"葛飾区","species":["クスノキ・イチョウほか"],"count":4,"route":"3-C49","alias":"","manager":"葛飾区"}},{"type":"Feature","geometry":{"type":"LineString","coordinates":[[139.855767,35.75602],[139.856027,35.756044]]},"properties":{"ward":"葛飾区","species":["クスノキ・イチョウほか"],"count":4,"route":"3-C49","alias":"","manager":"葛飾区"}},{"type":"Feature","geometry":{"type":"LineString","coordinates":[[139.849016,35.789153],[139.850082,35.789259]]},"properties":{"ward":"葛飾区","species":["イチョウ・クスノキほか"],"count":24,"route":"7-019","alias":"","manager":"葛飾区"}},{"type":"Feature","geometry":{"type":"LineString","coordinates":[[139.845351,35.790771],[139.845377,35.790654]]},"properties":{"ward":"葛飾区","species":["イチョウ・クスノキほか"],"count":24,"route":"7-019","alias":"","manager":"葛飾区"}},{"type":"Feature","geometry":{"type":"LineString","coordinates":[[139.825489,35.742956],[139.826183,35.743368],[139.826219,35.743574],[139.826652,35.743873],[139.826821,35.744283]]},"properties":{"ward":"葛飾区","species":["イチョウ・ケヤキほか"],"count":16,"route":"2-A44","alias":"掘切二丁目コミュニティ道路　（通称：あじさい通り）","manager":"葛飾区"}},{"type":"Feature","geometry":{"type":"LineString","coordinates":[[139.826731,35.746912],[139.826879,35.747235],[139.827204,35.747522]]},"properties":{"ward":"葛飾区","species":["イチョウ・ケヤキほか"],"count":16,"route":"2-A44","alias":"掘切二丁目コミュニティ道路　（通称：あじさい通り）","manager":"葛飾区"}},{"type":"Feature","geometry":{"type":"LineString","coordinates":[[139.872334,35.771115],[139.8707,35.770889],[139.870797,35.769992],[139.870527,35.769955],[139.870456,35.77005],[139.870741,35.770129]]},"properties":{"ward":"葛飾区","species":["イチョウ・トチノキほか"],"count":49,"route":"7-013","alias":"","manager":"葛飾区"}},{"type":"Feature","geometry":{"type":"LineString","coordinates":[[139.865557,35.771559],[139.86593,35.771448]]},"properties":{"ward":"葛飾区","species":["イチョウ・トチノキほか"],"count":49,"route":"7-013","alias":"","manager":"葛飾区"}},{"type":"Feature","geometry":{"type":"LineString","coordinates":[[139.860285,35.795177],[139.861301,35.795152]]},"properties":{"ward":"葛飾区","species":["サクラ・センダンほか"],"count":12,"route":"8-039","alias":"","manager":"葛飾区"}},{"type":"Feature","geometry":{"type":"LineString","coordinates":[[139.823372,35.755696],[139.823798,35.758069],[139.82567,35.758099]]},"properties":{"ward":"葛飾区","species":["サクラ・スダジイほか"],"count":36,"route":"2-A33","alias":"古隅田川緑道","manager":"葛飾区"}},{"type":"Feature","geometry":{"type":"LineString","coordinates":[[139.871743,35.773298],[139.872974,35.774587]]},"properties":{"ward":"葛飾区","species":["イチョウ・ヤマモモ"],"count":25,"route":"7-021","alias":"","manager":"葛飾区"}},{"type":"Feature","geometry":{"type":"LineString","coordinates":[[139.871849,35.772657],[139.872385,35.771187]]},"properties":{"ward":"葛飾区","species":["イチョウ・ヤマモモ"],"count":25,"route":"7-021","alias":"","manager":"葛飾区"}},{"type":"Feature","geometry":{"type":"LineString","coordinates":[[139.853294,35.741558],[139.857927,35.739223],[139.858324,35.738804]]},"properties":{"ward":"葛飾区","species":["トウカエデ"],"count":52,"route":"3-C72","alias":"","manager":"葛飾区"}},{"type":"Feature","geometry":{"type":"LineString","coordinates":[[139.880016,35.75154],[139.881015,35.752068]]},"properties":{"ward":"葛飾区","species":["イロハモミジ・カツラほか"],"count":23,"route":"10-224","alias":"柴又五丁目緑道","manager":"葛飾区"}},{"type":"Feature","geometry":{"type":"LineString","coordinates":[[139.848443,35.762254],[139.848979,35.762411],[139.850163,35.76249],[139.850438,35.762372],[139.850628,35.762126],[139.851587,35.762109]]},"properties":{"ward":"葛飾区","species":["ウメ・　ナツミカン"],"count":3,"route":"01B57","alias":"","manager":"葛飾区"}},{"type":"Feature","geometry":{"type":"LineString","coordinates":[[139.84052,35.728491],[139.840601,35.728451]]},"properties":{"ward":"葛飾区","species":["エノキ"],"count":1,"route":"4-B71","alias":"","manager":"葛飾区"}},{"type":"Feature","geometry":{"type":"LineString","coordinates":[[139.86597,35.786944],[139.866337,35.786942]]},"properties":{"ward":"葛飾区","species":["エノキ・ハンノキ"],"count":2,"route":"8-036","alias":"","manager":"葛飾区"}},{"type":"Feature","geometry":{"type":"LineString","coordinates":[[139.866608,35.719863],[139.866898,35.71968]]},"properties":{"ward":"葛飾区","species":["エンジュ"],"count":2,"route":"6-C34","alias":"","manager":"葛飾区"}},{"type":"Feature","geometry":{"type":"LineString","coordinates":[[139.831557,35.758564],[139.832995,35.758609],[139.83448,35.758763],[139.835137,35.759563],[139.835766,35.760068]]},"properties":{"ward":"葛飾区","species":["エンジュ・ケヤキ"],"count":42,"route":"01A10","alias":"","manager":"葛飾区"}},{"type":"Feature","geometry":{"type":"LineString","coordinates":[[139.870935,35.746916],[139.874371,35.746719],[139.874288,35.748261],[139.871056,35.748462]]},"properties":{"ward":"葛飾区","species":["エンジュ"],"count":63,"route":"10-309","alias":"","manager":"葛飾区"}},{"type":"Feature","geometry":{"type":"LineString","coordinates":[[139.843355,35.753762],[139.84598,35.753998],[139.84661,35.75396],[139.848431,35.754087],[139.84935,35.753931],[139.851339,35.753973]]},"properties":{"ward":"葛飾区","species":["ヤマモモ・エンジュほか"],"count":60,"route":"01B12","alias":"","manager":"葛飾区"}},{"type":"Feature","geometry":{"type":"LineString","coordinates":[[139.850661,35.728645],[139.851232,35.728445],[139.852626,35.728209],[139.85363,35.728156],[139.855256,35.728727],[139.855372,35.729051],[139.856405,35.728897]]},"properties":{"ward":"葛飾区","species":["エンジュ・ハナミズキほか"],"count":62,"route":"5-C37","alias":"南汐ふれあい通り","manager":"葛飾区"}},{"type":"Feature","geometry":{"type":"LineString","coordinates":[[139.838331,35.738205],[139.838458,35.738357]]},"properties":{"ward":"葛飾区","species":["エンジュ・ビワ"],"count":3,"route":"3-C13","alias":"","manager":"葛飾区"}},{"type":"Feature","geometry":{"type":"LineString","coordinates":[[139.866055,35.766015],[139.866328,35.764863]]},"properties":{"ward":"葛飾区","species":["カツラ"],"count":12,"route":"9-004","alias":"","manager":"葛飾区"}},{"type":"Feature","geometry":{"type":"LineString","coordinates":[[139.836059,35.760454],[139.837769,35.761359]]},"properties":{"ward":"葛飾区","species":["カツラ・サクラ"],"count":4,"route":"01A03","alias":"","manager":"葛飾区"}},{"type":"Feature","geometry":{"type":"LineString","coordinates":[[139.837769,35.761359],[139.839014,35.762019]]},"properties":{"ward":"葛飾区","species":["カツラ・サクラ"],"count":4,"route":"01A03","alias":"","manager":"葛飾区"}},{"type":"Feature","geometry":{"type":"LineString","coordinates":[[139.837574,35.761604],[139.837769,35.761359]]},"properties":{"ward":"葛飾区","species":["カツラ・サクラ"],"count":4,"route":"01A03","alias":"","manager":"葛飾区"}},{"type":"Feature","geometry":{"type":"LineString","coordinates":[[139.837769,35.761359],[139.838181,35.760841]]},"properties":{"ward":"葛飾区","species":["カツラ・サクラ"],"count":4,"route":"01A03","alias":"","manager":"葛飾区"}},{"type":"Feature","geometry":{"type":"LineString","coordinates":[[139.859836,35.774293],[139.860303,35.7743],[139.860456,35.774221],[139.861473,35.772815]]},"properties":{"ward":"葛飾区","species":["トウカエデ・カツラほか"],"count":189,"route":"7-043","alias":"","manager":"葛飾区"}},{"type":"Feature","geometry":{"type":"LineString","coordinates":[[139.860826,35.770248],[139.863485,35.770172],[139.86426,35.769979]]},"properties":{"ward":"葛飾区","species":["トウカエデ・カツラほか"],"count":189,"route":"7-043","alias":"","manager":"葛飾区"}},{"type":"Feature","geometry":{"type":"LineString","coordinates":[[139.865139,35.771713],[139.864099,35.77244],[139.862797,35.772887],[139.861927,35.772799],[139.861398,35.772558],[139.861109,35.772323],[139.860743,35.771627],[139.860661,35.769769],[139.860757,35.769368],[139.86116,35.768689],[139.861363,35.768571],[139.8622,35.76861],[139.86237,35.768695]]},"properties":{"ward":"葛飾区","species":["トウカエデ・カツラほか"],"count":189,"route":"7-043","alias":"","manager":"葛飾区"}},{"type":"Feature","geometry":{"type":"LineString","coordinates":[[139.83432,35.754107],[139.83378,35.754769],[139.833637,35.75717],[139.833812,35.757859],[139.834019,35.758275],[139.834358,35.758608]]},"properties":{"ward":"葛飾区","species":["ケヤキ・ヤマモモほか"],"count":34,"route":"01A13","alias":"青葉ふれあい通り","manager":"葛飾区"}},{"type":"Feature","geometry":{"type":"LineString","coordinates":[[139.879142,35.755389],[139.879155,35.755449]]},"properties":{"ward":"葛飾区","species":["クスノキ"],"count":1,"route":"10-204","alias":"","manager":"葛飾区"}},{"type":"Feature","geometry":{"type":"LineString","coordinates":[[139.848165,35.767153],[139.84828,35.767097]]},"properties":{"ward":"葛飾区","species":["クスノキ"],"count":2,"route":"01B01","alias":"","manager":"葛飾区"}},{"type":"Feature","geometry":{"type":"LineString","coordinates":[[139.877734,35.753727],[139.879423,35.753153]]},"properties":{"ward":"葛飾区","species":["トウカエデ"],"count":10,"route":"10-205","alias":"","manager":"葛飾区"}},{"type":"Feature","geometry":{"type":"LineString","coordinates":[[139.883279,35.751017],[139.884278,35.751104],[139.884825,35.75127]]},"properties":{"ward":"葛飾区","species":["クスノキ"],"count":10,"route":"10-211","alias":"","manager":"葛飾区"}},{"type":"Feature","geometry":{"type":"LineString","coordinates":[[139.87568,35.766881],[139.876357,35.765756]]},"properties":{"ward":"葛飾区","species":["クスノキ"],"count":10,"route":"9-136","alias":"","manager":"葛飾区"}},{"type":"Feature","geometry":{"type":"LineString","coordinates":[[139.854798,35.753882],[139.85499,35.753158],[139.855197,35.752808]]},"properties":{"ward":"葛飾区","species":["クスノキ"],"count":12,"route":"3-C39","alias":"","manager":"葛飾区"}},{"type":"Feature","geometry":{"type":"LineString","coordinates":[[139.848811,35.747799],[139.848553,35.749172],[139.848085,35.749417]]},"properties":{"ward":"葛飾区","species":["クスノキ"],"count":12,"route":"3-C44","alias":"","manager":"葛飾区"}},{"type":"Feature","geometry":{"type":"LineString","coordinates":[[139.874944,35.768085],[139.875651,35.766932]]},"properties":{"ward":"葛飾区","species":["クスノキ"],"count":14,"route":"9-126","alias":"","manager":"葛飾区"}},{"type":"Feature","geometry":{"type":"LineString","coordinates":[[139.872439,35.767392],[139.872771,35.76681]]},"properties":{"ward":"葛飾区","species":["クスノキ"],"count":14,"route":"9-126","alias":"","manager":"葛飾区"}},{"type":"Feature","geometry":{"type":"LineString","coordinates":[[139.872354,35.738898],[139.875536,35.740636]]},"properties":{"ward":"葛飾区","species":["クスノキ"],"count":19,"route":"10-402","alias":"","manager":"葛飾区"}},{"type":"Feature","geometry":{"type":"LineString","coordinates":[[139.85755,35.7268],[139.858507,35.72813]]},"properties":{"ward":"葛飾区","species":["クスノキ"],"count":25,"route":"5-C07","alias":"","manager":"葛飾区"}},{"type":"Feature","geometry":{"type":"LineString","coordinates":[[139.848834,35.747617],[139.849169,35.745911]]},"properties":{"ward":"葛飾区","species":["クスノキ"],"count":38,"route":"3-C20","alias":"","manager":"葛飾区"}},{"type":"Feature","geometry":{"type":"LineString","coordinates":[[139.879753,35.75319],[139.882737,35.754316]]},"properties":{"ward":"葛飾区","species":["クスノキ"],"count":51,"route":"10-206","alias":"","manager":"葛飾区"}},{"type":"Feature","geometry":{"type":"LineString","coordinates":[[139.862693,35.736014],[139.862996,35.736004]]},"properties":{"ward":"葛飾区","species":["クスノキ・モッコク"],"count":55,"route":"5-C01","alias":"","manager":"葛飾区"}},{"type":"Feature","geometry":{"type":"LineString","coordinates":[[139.862731,35.735004],[139.863052,35.735494],[139.863105,35.735751],[139.862866,35.738108]]},"properties":{"ward":"葛飾区","species":["クスノキ・モッコク"],"count":55,"route":"5-C01","alias":"","manager":"葛飾区"}},{"type":"Feature","geometry":{"type":"LineString","coordinates":[[139.852259,35.718207],[139.851613,35.721839],[139.851303,35.722287],[139.851367,35.723225]]},"properties":{"ward":"葛飾区","species":["クスノキ・ヤマモモ"],"count":106,"route":"6-C15","alias":"","manager":"葛飾区"}},{"type":"Feature","geometry":{"type":"LineString","coordinates":[[139.844066,35.757435],[139.841329,35.763649]]},"properties":{"ward":"葛飾区","species":["クスノキ"],"count":108,"route":"01A05","alias":"","manager":"葛飾区"}},{"type":"Feature","geometry":{"type":"LineString","coordinates":[[139.845204,35.750058],[139.845338,35.75208]]},"properties":{"ward":"葛飾区","species":["カツラ・クスノキ"],"count":15,"route":"01B19","alias":"","manager":"葛飾区"}},{"type":"Feature","geometry":{"type":"LineString","coordinates":[[139.869711,35.734263],[139.869434,35.734632]]},"properties":{"ward":"葛飾区","species":["クスノキ・クロガネモチほか"],"count":22,"route":"5-C03","alias":"","manager":"葛飾区"}},{"type":"Feature","geometry":{"type":"LineString","coordinates":[[139.864964,35.734587],[139.865127,35.735353],[139.864833,35.735913]]},"properties":{"ward":"葛飾区","species":["クスノキ・クロガネモチほか"],"count":22,"route":"5-C03","alias":"","manager":"葛飾区"}},{"type":"Feature","geometry":{"type":"LineString","coordinates":[[139.868238,35.734738],[139.868288,35.734617]]},"properties":{"ward":"葛飾区","species":["クスノキ・クロガネモチほか"],"count":22,"route":"5-C03","alias":"","manager":"葛飾区"}},{"type":"Feature","geometry":{"type":"LineString","coordinates":[[139.875808,35.744829],[139.877175,35.74486],[139.877202,35.746117]]},"properties":{"ward":"葛飾区","species":["ケヤキ・クスノキ"],"count":22,"route":"10-318","alias":"","manager":"葛飾区"}},{"type":"Feature","geometry":{"type":"LineString","coordinates":[[139.838747,35.749733],[139.84132,35.749531]]},"properties":{"ward":"葛飾区","species":["マテバシイ・ケヤキほか"],"count":57,"route":"01A19","alias":"お花茶屋コミュニティ通り","manager":"葛飾区"}},{"type":"Feature","geometry":{"type":"LineString","coordinates":[[139.837614,35.750572],[139.838279,35.751596]]},"properties":{"ward":"葛飾区","species":["マテバシイ・ケヤキほか"],"count":57,"route":"01A19","alias":"お花茶屋コミュニティ通り","manager":"葛飾区"}},{"type":"Feature","geometry":{"type":"LineString","coordinates":[[139.839539,35.752212],[139.838903,35.751255],[139.838805,35.75094],[139.838701,35.749766]]},"properties":{"ward":"葛飾区","species":["マテバシイ・ケヤキほか"],"count":57,"route":"01A19","alias":"お花茶屋コミュニティ通り","manager":"葛飾区"}},{"type":"Feature","geometry":{"type":"LineString","coordinates":[[139.857967,35.73889],[139.858274,35.738731]]},"properties":{"ward":"葛飾区","species":["クスノキ・サクラ"],"count":4,"route":"3-C06","alias":"","manager":"葛飾区"}},{"type":"Feature","geometry":{"type":"LineString","coordinates":[[139.849739,35.742629],[139.849176,35.74584]]},"properties":{"ward":"葛飾区","species":["クスノキ・サクラ"],"count":50,"route":"3-C31","alias":"","manager":"葛飾区"}},{"type":"Feature","geometry":{"type":"LineString","coordinates":[[139.844164,35.756313],[139.847964,35.758528],[139.849105,35.758804],[139.850403,35.758905]]},"properties":{"ward":"葛飾区","species":["サクラ・クスノキほか"],"count":77,"route":"01B24","alias":"亀有さくら通り","manager":"葛飾区"}},{"type":"Feature","geometry":{"type":"LineString","coordinates":[[139.846261,35.749244],[139.846169,35.74951],[139.846288,35.750599],[139.846643,35.750571],[139.847457,35.750731],[139.84762,35.753991]]},"properties":{"ward":"葛飾区","species":["クスノキ・ヤマモモほか"],"count":60,"route":"01B11","alias":"","manager":"葛飾区"}},{"type":"Feature","geometry":{"type":"LineString","coordinates":[[139.852955,35.742834],[139.85408,35.744345]]},"properties":{"ward":"葛飾区","species":["ハナミズキ・クスノキ"],"count":30,"route":"3-C54","alias":"シンフォニー通り","manager":"葛飾区"}},{"type":"Feature","geometry":{"type":"LineString","coordinates":[[139.85155,35.740819],[139.851778,35.741314],[139.852298,35.741966]]},"properties":{"ward":"葛飾区","species":["ハナミズキ・クスノキ"],"count":30,"route":"3-C54","alias":"シンフォニー通り","manager":"葛飾区"}},{"type":"Feature","geometry":{"type":"LineString","coordinates":[[139.857736,35.717568],[139.857817,35.717613]]},"properties":{"ward":"葛飾区","species":["クスノキ・モッコク"],"count":2,"route":"6-C54","alias":"","manager":"葛飾区"}},{"type":"Feature","geometry":{"type":"LineString","coordinates":[[139.838621,35.733878],[139.838682,35.733835]]},"properties":{"ward":"葛飾区","species":["クロガネモチ"],"count":1,"route":"4-B90","alias":"","manager":"葛飾区"}},{"type":"Feature","geometry":{"type":"LineString","coordinates":[[139.837749,35.734467],[139.837837,35.734365]]},"properties":{"ward":"葛飾区","species":["クロガネモチ"],"count":1,"route":"4-B97","alias":"","manager":"葛飾区"}},{"type":"Feature","geometry":{"type":"LineString","coordinates":[[139.871483,35.734716],[139.8716,35.734874],[139.872781,35.734953]]},"properties":{"ward":"葛飾区","species":["クロガネモチ"],"count":11,"route":"10-410","alias":"","manager":"葛飾区"}},{"type":"Feature","geometry":{"type":"LineString","coordinates":[[139.871082,35.735392],[139.872755,35.735507]]},"properties":{"ward":"葛飾区","species":["クロガネモチ"],"count":14,"route":"10-408","alias":"","manager":"葛飾区"}},{"type":"Feature","geometry":{"type":"LineString","coordinates":[[139.860353,35.783349],[139.860779,35.780504]]},"properties":{"ward":"葛飾区","species":["クロガネモチ"],"count":29,"route":"7-009","alias":"","manager":"葛飾区"}},{"type":"Feature","geometry":{"type":"LineString","coordinates":[[139.842096,35.750134],[139.847105,35.749857]]},"properties":{"ward":"葛飾区","species":["クロガネモチ"],"count":49,"route":"01B29","alias":"","manager":"葛飾区"}},{"type":"Feature","geometry":{"type":"LineString","coordinates":[[139.85311,35.779609],[139.866269,35.780894]]},"properties":{"ward":"葛飾区","species":["クロガネモチ"],"count":67,"route":"7-008","alias":"","manager":"葛飾区"}},{"type":"Feature","geometry":{"type":"LineString","coordinates":[[139.851279,35.756623],[139.852268,35.756803]]},"properties":{"ward":"葛飾区","species":["サクラ・クロガネモチほか"],"count":51,"route":"01B68","alias":"青戸八丁目コミュニティ通り","manager":"葛飾区"}},{"type":"Feature","geometry":{"type":"LineString","coordinates":[[139.850792,35.757411],[139.851528,35.755873],[139.852102,35.754878]]},"properties":{"ward":"葛飾区","species":["サクラ・クロガネモチほか"],"count":51,"route":"01B68","alias":"青戸八丁目コミュニティ通り","manager":"葛飾区"}},{"type":"Feature","geometry":{"type":"LineString","coordinates":[[139.852453,35.757718],[139.8533,35.7577]]},"properties":{"ward":"葛飾区","species":["サクラ・クロガネモチほか"],"count":51,"route":"01B68","alias":"青戸八丁目コミュニティ通り","manager":"葛飾区"}},{"type":"Feature","geometry":{"type":"LineString","coordinates":[[139.856331,35.71798],[139.856868,35.71897]]},"properties":{"ward":"葛飾区","species":["トウカエデ・クロガネモチ"],"count":13,"route":"6-C56","alias":"","manager":"葛飾区"}},{"type":"Feature","geometry":{"type":"LineString","coordinates":[[139.855364,35.717843],[139.856275,35.716959]]},"properties":{"ward":"葛飾区","species":["トウカエデ・クロガネモチ"],"count":13,"route":"6-C56","alias":"","manager":"葛飾区"}},{"type":"Feature","geometry":{"type":"LineString","coordinates":[[139.862059,35.756543],[139.862138,35.756489]]},"properties":{"ward":"葛飾区","species":["ケヤキ"],"count":1,"route":"9-101","alias":"","manager":"葛飾区"}},{"type":"Feature","geometry":{"type":"LineString","coordinates":[[139.861866,35.766632],[139.862332,35.765811]]},"properties":{"ward":"葛飾区","species":["ケヤキ"],"count":10,"route":"9-003","alias":"","manager":"葛飾区"}},{"type":"Feature","geometry":{"type":"LineString","coordinates":[[139.835958,35.7373],[139.836134,35.73758]]},"properties":{"ward":"葛飾区","species":["ケヤキ・クスノキほか"],"count":9,"route":"2-A58","alias":"","manager":"葛飾区"}},{"type":"Feature","geometry":{"type":"LineString","coordinates":[[139.82571,35.742716],[139.826015,35.742774],[139.827364,35.743698],[139.827619,35.744885],[139.828305,35.745423],[139.828687,35.745884]]},"properties":{"ward":"葛飾区","species":["ハナミズキ・コブシほか"],"count":12,"route":"2-A40","alias":"","manager":"葛飾区"}},{"type":"Feature","geometry":{"type":"LineString","coordinates":[[139.866062,35.760264],[139.866121,35.760323]]},"properties":{"ward":"葛飾区","species":["ケヤキ・ハナミズキほか"],"count":74,"route":"9-133","alias":"小岩用水緑道","manager":"葛飾区"}},{"type":"Feature","geometry":{"type":"LineString","coordinates":[[139.863847,35.762618],[139.8653,35.760957],[139.86551,35.760608],[139.866048,35.760218],[139.866741,35.759528]]},"properties":{"ward":"葛飾区","species":["ケヤキ・ハナミズキほか"],"count":74,"route":"9-133","alias":"小岩用水緑道","manager":"葛飾区"}},{"type":"Feature","geometry":{"type":"LineString","coordinates":[[139.852381,35.732907],[139.852402,35.73279]]},"properties":{"ward":"葛飾区","species":["ケヤキ・ハナミズキ"],"count":2,"route":"4-B34","alias":"","manager":"葛飾区"}},{"type":"Feature","geometry":{"type":"LineString","coordinates":[[139.851388,35.732452],[139.851487,35.732366],[139.851859,35.732377],[139.852011,35.732454],[139.852028,35.732557],[139.852573,35.732563],[139.852583,35.732695],[139.852927,35.732728]]},"properties":{"ward":"葛飾区","species":["ケヤキ・ハナミズキ"],"count":2,"route":"4-B34","alias":"","manager":"葛飾区"}},{"type":"Feature","geometry":{"type":"LineString","coordinates":[[139.875392,35.764699],[139.877086,35.765379],[139.877109,35.765265]]},"properties":{"ward":"葛飾区","species":["ハナミズキ・ケヤキ"],"count":8,"route":"9-137","alias":"金町三丁目緑道","manager":"葛飾区"}},{"type":"Feature","geometry":{"type":"LineString","coordinates":[[139.847664,35.766124],[139.848136,35.766319],[139.848038,35.76643],[139.847663,35.766287],[139.847664,35.766137]]},"properties":{"ward":"葛飾区","species":["ケヤキ・マテバシイ"],"count":8,"route":"01B85","alias":"","manager":"葛飾区"}},{"type":"Feature","geometry":{"type":"LineString","coordinates":[[139.864604,35.748158],[139.864936,35.747268],[139.865355,35.744994]]},"properties":{"ward":"葛飾区","species":["ケヤキ・ヤマモモほか"],"count":70,"route":"10-307","alias":"","manager":"葛飾区"}},{"type":"Feature","geometry":{"type":"LineString","coordinates":[[139.865341,35.743776],[139.865363,35.744442]]},"properties":{"ward":"葛飾区","species":["ケヤキ・ヤマモモほか"],"count":70,"route":"10-307","alias":"","manager":"葛飾区"}},{"type":"Feature","geometry":{"type":"LineString","coordinates":[[139.862821,35.725032],[139.865101,35.726627],[139.864881,35.727332],[139.864283,35.727218],[139.864181,35.727042],[139.863886,35.726966],[139.863541,35.726643],[139.863101,35.725892]]},"properties":{"ward":"葛飾区","species":["ヤマモモ・トウカエデほか"],"count":34,"route":"5-C36","alias":"","manager":"葛飾区"}},{"type":"Feature","geometry":{"type":"LineString","coordinates":[[139.84275,35.760671],[139.843818,35.760667],[139.843846,35.759608],[139.844595,35.759615]]},"properties":{"ward":"葛飾区","species":["コブシ"],"count":18,"route":"01A08","alias":"","manager":"葛飾区"}},{"type":"Feature","geometry":{"type":"LineString","coordinates":[[139.850529,35.759448],[139.85052,35.759147],[139.8507,35.758487],[139.850617,35.757744],[139.850691,35.757552]]},"properties":{"ward":"葛飾区","species":["サクラ・コブシ"],"count":26,"route":"01B30","alias":"亀有さくら通り","manager":"葛飾区"}},{"type":"Feature","geometry":{"type":"LineString","coordinates":[[139.863374,35.752417],[139.863725,35.751919],[139.863537,35.751799]]},"properties":{"ward":"葛飾区","species":["ツバキ・コブシ"],"count":10,"route":"9-106","alias":"","manager":"葛飾区"}},{"type":"Feature","geometry":{"type":"LineString","coordinates":[[139.859802,35.738128],[139.859801,35.738072]]},"properties":{"ward":"葛飾区","species":["サクラ"],"count":1,"route":"3-C95","alias":"","manager":"葛飾区"}},{"type":"Feature","geometry":{"type":"LineString","coordinates":[[139.865237,35.749345],[139.865217,35.749507],[139.865563,35.749667]]},"properties":{"ward":"葛飾区","species":["サクラ"],"count":2,"route":"10-303","alias":"","manager":"葛飾区"}},{"type":"Feature","geometry":{"type":"LineString","coordinates":[[139.845667,35.741219],[139.845793,35.741208],[139.846532,35.741734],[139.847085,35.741738]]},"properties":{"ward":"葛飾区","species":["サクラ"],"count":2,"route":"3-C76","alias":"","manager":"葛飾区"}},{"type":"Feature","geometry":{"type":"LineString","coordinates":[[139.851707,35.764007],[139.851674,35.764532],[139.851374,35.765093]]},"properties":{"ward":"葛飾区","species":["サクラ"],"count":3,"route":"01B66","alias":"","manager":"葛飾区"}},{"type":"Feature","geometry":{"type":"LineString","coordinates":[[139.855437,35.764635],[139.855652,35.764518]]},"properties":{"ward":"葛飾区","species":["サクラ"],"count":3,"route":"01B89","alias":"","manager":"葛飾区"}},{"type":"Feature","geometry":{"type":"LineString","coordinates":[[139.859809,35.768692],[139.859887,35.768463]]},"properties":{"ward":"葛飾区","species":["サクラ"],"count":3,"route":"7-045","alias":"","manager":"葛飾区"}},{"type":"Feature","geometry":{"type":"LineString","coordinates":[[139.878425,35.770468],[139.877993,35.771285]]},"properties":{"ward":"葛飾区","species":["サクラ"],"count":7,"route":"8-017","alias":"","manager":"葛飾区"}},{"type":"Feature","geometry":{"type":"LineString","coordinates":[[139.873213,35.746843],[139.873267,35.748264]]},"properties":{"ward":"葛飾区","species":["サクラ"],"count":9,"route":"10-310","alias":"","manager":"葛飾区"}},{"type":"Feature","geometry":{"type":"LineString","coordinates":[[139.84252,35.752141],[139.841942,35.750292]]},"properties":{"ward":"葛飾区","species":["サクラ"],"count":13,"route":"01A52","alias":"","manager":"葛飾区"}},{"type":"Feature","geometry":{"type":"LineString","coordinates":[[139.875487,35.748897],[139.875516,35.747937]]},"properties":{"ward":"葛飾区","species":["サクラ"],"count":13,"route":"10-218","alias":"","manager":"葛飾区"}},{"type":"Feature","geometry":{"type":"LineString","coordinates":[[139.844153,35.72602],[139.844785,35.726377],[139.84519,35.726435]]},"properties":{"ward":"葛飾区","species":["サクラ"],"count":13,"route":"6-C28","alias":"","manager":"葛飾区"}},{"type":"Feature","geometry":{"type":"LineString","coordinates":[[139.838197,35.741199],[139.839325,35.743296],[139.839683,35.744168]]},"properties":{"ward":"葛飾区","species":["サクラ"],"count":14,"route":"2-A34","alias":"","manager":"葛飾区"}},{"type":"Feature","geometry":{"type":"LineString","coordinates":[[139.852595,35.729599],[139.853361,35.729525]]},"properties":{"ward":"葛飾区","species":["サクラ"],"count":20,"route":"5-C27","alias":"","manager":"葛飾区"}},{"type":"Feature","geometry":{"type":"LineString","coordinates":[[139.850741,35.728944],[139.851481,35.72937]]},"properties":{"ward":"葛飾区","species":["サクラ"],"count":20,"route":"5-C27","alias":"","manager":"葛飾区"}},{"type":"Feature","geometry":{"type":"LineString","coordinates":[[139.85907,35.743104],[139.860247,35.742308]]},"properties":{"ward":"葛飾区","species":["サクラ"],"count":22,"route":"5-C24","alias":"","manager":"葛飾区"}},{"type":"Feature","geometry":{"type":"LineString","coordinates":[[139.838184,35.740573],[139.839761,35.740639]]},"properties":{"ward":"葛飾区","species":["サクラ"],"count":23,"route":"2-B80","alias":"","manager":"葛飾区"}},{"type":"Feature","geometry":{"type":"LineString","coordinates":[[139.843799,35.727324],[139.845968,35.727958]]},"properties":{"ward":"葛飾区","species":["サクラ"],"count":24,"route":"4-B92","alias":"","manager":"葛飾区"}},{"type":"Feature","geometry":{"type":"LineString","coordinates":[[139.842611,35.75228],[139.844237,35.757206]]},"properties":{"ward":"葛飾区","species":["サクラ"],"count":27,"route":"01A21","alias":"","manager":"葛飾区"}},{"type":"Feature","geometry":{"type":"LineString","coordinates":[[139.848221,35.742513],[139.847625,35.74395]]},"properties":{"ward":"葛飾区","species":["サクラ・モッコクなど"],"count":33,"route":"3-C09","alias":"立石さくら通り","manager":"葛飾区"}},{"type":"Feature","geometry":{"type":"LineString","coordinates":[[139.841252,35.764512],[139.84189,35.765029],[139.842676,35.765304],[139.843948,35.765443],[139.844846,35.765259]]},"properties":{"ward":"葛飾区","species":["サクラ"],"count":29,"route":"01A45","alias":"亀有やわらぎの道","manager":"葛飾区"}},{"type":"Feature","geometry":{"type":"LineString","coordinates":[[139.835836,35.737335],[139.838141,35.741118]]},"properties":{"ward":"葛飾区","species":["サクラ"],"count":32,"route":"2-A55","alias":"","manager":"葛飾区"}},{"type":"Feature","geometry":{"type":"LineString","coordinates":[[139.882661,35.776074],[139.883085,35.778158]]},"properties":{"ward":"葛飾区","species":["サクラ・ケヤキほか"],"count":35,"route":"8-016","alias":"","manager":"葛飾区"}},{"type":"Feature","geometry":{"type":"LineString","coordinates":[[139.844257,35.757286],[139.845298,35.760037],[139.846217,35.762947]]},"properties":{"ward":"葛飾区","species":["サクラ"],"count":34,"route":"01A54","alias":"","manager":"葛飾区"}},{"type":"Feature","geometry":{"type":"LineString","coordinates":[[139.857936,35.755516],[139.858228,35.753766],[139.859426,35.75164]]},"properties":{"ward":"葛飾区","species":["サクラ"],"count":37,"route":"3-C98","alias":"","manager":"葛飾区"}},{"type":"Feature","geometry":{"type":"LineString","coordinates":[[139.84673,35.746095],[139.846874,35.745638],[139.847181,35.745152],[139.847602,35.743998]]},"properties":{"ward":"葛飾区","species":["サクラ"],"count":38,"route":"3-C67","alias":"","manager":"葛飾区"}},{"type":"Feature","geometry":{"type":"LineString","coordinates":[[139.840056,35.726102],[139.840663,35.726833],[139.843204,35.727278]]},"properties":{"ward":"葛飾区","species":["サクラ"],"count":41,"route":"4-B25","alias":"","manager":"葛飾区"}},{"type":"Feature","geometry":{"type":"LineString","coordinates":[[139.849467,35.717971],[139.849951,35.717883],[139.855694,35.718601]]},"properties":{"ward":"葛飾区","species":["サクラ"],"count":85,"route":"6-C49","alias":"","manager":"葛飾区"}},{"type":"Feature","geometry":{"type":"LineString","coordinates":[[139.869162,35.784046],[139.86986,35.782756],[139.869881,35.781937],[139.870113,35.781335],[139.870953,35.780679],[139.871664,35.78064],[139.87205,35.780202],[139.872936,35.779929],[139.875698,35.780308],[139.877441,35.780009],[139.87768,35.780022],[139.878157,35.78025],[139.878668,35.780311],[139.879894,35.780125],[139.880433,35.780245],[139.881044,35.779972],[139.881182,35.779799],[139.881208,35.779418],[139.881352,35.779276],[139.88239,35.778712],[139.882938,35.778514]]},"properties":{"ward":"葛飾区","species":["サクラ・ケヤキほか"],"count":261,"route":"8-014","alias":"水元さくら堤","manager":"葛飾区"}},{"type":"Feature","geometry":{"type":"LineString","coordinates":[[139.869122,35.784124],[139.86895,35.785486],[139.868613,35.786113],[139.868421,35.786837],[139.86834,35.788448],[139.868011,35.789705],[139.868037,35.789922],[139.868345,35.790357],[139.868452,35.790848],[139.868412,35.790993],[139.868275,35.791201],[139.867816,35.791461],[139.867516,35.792064],[139.867002,35.792429],[139.866051,35.793443],[139.865729,35.793907],[139.865337,35.79404],[139.864959,35.793913],[139.862934,35.793802],[139.862553,35.793914],[139.862331,35.794077],[139.862031,35.794098],[139.860265,35.793501],[139.860073,35.793396],[139.859747,35.792974]]},"properties":{"ward":"葛飾区","species":["サクラ・クスノキほか"],"count":495,"route":"8-004","alias":"水元さくら堤","manager":"葛飾区"}},{"type":"Feature","geometry":{"type":"LineString","coordinates":[[139.855415,35.72966],[139.855816,35.729914],[139.856417,35.730684],[139.856749,35.731447],[139.856705,35.731907],[139.856541,35.732398],[139.856145,35.732871]]},"properties":{"ward":"葛飾区","species":["サクラ"],"count":39,"route":"5-C26","alias":"","manager":"葛飾区"}},{"type":"Feature","geometry":{"type":"LineString","coordinates":[[139.850518,35.759616],[139.850533,35.760092],[139.85073,35.760958],[139.851825,35.762342]]},"properties":{"ward":"葛飾区","species":["サクラ・マキ"],"count":29,"route":"01B56","alias":"亀有さくら通り","manager":"葛飾区"}},{"type":"Feature","geometry":{"type":"LineString","coordinates":[[139.856034,35.732979],[139.856124,35.732897]]},"properties":{"ward":"葛飾区","species":["サクラ・アオギリ"],"count":2,"route":"5-C39","alias":"","manager":"葛飾区"}},{"type":"Feature","geometry":{"type":"LineString","coordinates":[[139.834553,35.753969],[139.835391,35.753241],[139.837608,35.75299],[139.838807,35.752555]]},"properties":{"ward":"葛飾区","species":["アキニレ・ヤマモモほか"],"count":26,"route":"01A14","alias":"","manager":"葛飾区"}},{"type":"Feature","geometry":{"type":"LineString","coordinates":[[139.862958,35.725945],[139.862357,35.726316],[139.862076,35.726748],[139.861837,35.726774],[139.86152,35.726684],[139.860937,35.726821]]},"properties":{"ward":"葛飾区","species":["アメリカフウ・サクラ"],"count":16,"route":"5-C06","alias":"","manager":"葛飾区"}},{"type":"Feature","geometry":{"type":"LineString","coordinates":[[139.861284,35.72393],[139.862198,35.723737],[139.86291,35.723782],[139.863015,35.723663]]},"properties":{"ward":"葛飾区","species":["アメリカフウ・サクラ"],"count":16,"route":"5-C06","alias":"","manager":"葛飾区"}},{"type":"Feature","geometry":{"type":"LineString","coordinates":[[139.82793,35.738868],[139.829687,35.739716],[139.830055,35.740106],[139.830546,35.741034],[139.831077,35.741625],[139.834727,35.743877],[139.835311,35.743839]]},"properties":{"ward":"葛飾区","species":["サクラ・イロハモミジほか"],"count":164,"route":"2-A37-1","alias":"堀切四季のみち","manager":"葛飾区"}},{"type":"Feature","geometry":{"type":"LineString","coordinates":[[139.83122,35.742821],[139.831866,35.742139]]},"properties":{"ward":"葛飾区","species":["イロハモミジ・アラカシほか"],"count":19,"route":"2-A37-2","alias":"","manager":"葛飾区"}},{"type":"Feature","geometry":{"type":"LineString","coordinates":[[139.865772,35.746756],[139.867193,35.744931]]},"properties":{"ward":"葛飾区","species":["サクラ・ハクモクレンほか"],"count":36,"route":"10-305","alias":"東用水せせらぎ通り","manager":"葛飾区"}},{"type":"Feature","geometry":{"type":"LineString","coordinates":[[139.838806,35.727498],[139.840612,35.729239],[139.841114,35.730444],[139.841625,35.730964]]},"properties":{"ward":"葛飾区","species":["サクラ・カリン"],"count":34,"route":"4-B61","alias":"東四ツ木コミュニティ通り","manager":"葛飾区"}},{"type":"Feature","geometry":{"type":"LineString","coordinates":[[139.836548,35.733384],[139.836675,35.733486]]},"properties":{"ward":"葛飾区","species":["サクラ・カリン"],"count":34,"route":"4-B61","alias":"東四ツ木コミュニティ通り","manager":"葛飾区"}},{"type":"Feature","geometry":{"type":"LineString","coordinates":[[139.838348,35.746214],[139.838558,35.746206],[139.838672,35.746331],[139.838852,35.746825]]},"properties":{"ward":"葛飾区","species":["サクラ・ザクロほか"],"count":3,"route":"2-A48","alias":"","manager":"葛飾区"}},{"type":"Feature","geometry":{"type":"LineString","coordinates":[[139.847277,35.79486],[139.847273,35.79476],[139.847442,35.794641]]},"properties":{"ward":"葛飾区","species":["サルスベリ・サクラ"],"count":3,"route":"7-001","alias":"","manager":"葛飾区"}},{"type":"Feature","geometry":{"type":"LineString","coordinates":[[139.829804,35.755559],[139.829235,35.755548],[139.828375,35.755849],[139.828643,35.756498],[139.829017,35.756845],[139.829822,35.756973],[139.830146,35.757188]]},"properties":{"ward":"葛飾区","species":["サルスベリ・サクラほか"],"count":24,"route":"01A26","alias":"","manager":"葛飾区"}},{"type":"Feature","geometry":{"type":"LineString","coordinates":[[139.827847,35.754959],[139.828356,35.755823]]},"properties":{"ward":"葛飾区","species":["サルスベリ・サクラほか"],"count":24,"route":"01A26","alias":"","manager":"葛飾区"}},{"type":"Feature","geometry":{"type":"LineString","coordinates":[[139.859497,35.718638],[139.859204,35.718475],[139.859108,35.718578],[139.859479,35.718809],[139.859703,35.718631],[139.861235,35.719376],[139.861464,35.719715],[139.861408,35.720028],[139.860157,35.721254]]},"properties":{"ward":"葛飾区","species":["サクラ・サルスベリほか"],"count":31,"route":"6-C57","alias":"","manager":"葛飾区"}},{"type":"Feature","geometry":{"type":"LineString","coordinates":[[139.885318,35.781161],[139.885603,35.781303]]},"properties":{"ward":"葛飾区","species":["サクラ・クスノキほか"],"count":52,"route":"8-015","alias":"","manager":"葛飾区"}},{"type":"Feature","geometry":{"type":"LineString","coordinates":[[139.885078,35.781583],[139.887857,35.78081]]},"properties":{"ward":"葛飾区","species":["サクラ・クスノキほか"],"count":52,"route":"8-015","alias":"","manager":"葛飾区"}},{"type":"Feature","geometry":{"type":"LineString","coordinates":[[139.881355,35.78185],[139.882073,35.782001],[139.883831,35.781795]]},"properties":{"ward":"葛飾区","species":["サクラ・クスノキほか"],"count":52,"route":"8-015","alias":"","manager":"葛飾区"}},{"type":"Feature","geometry":{"type":"LineString","coordinates":[[139.833338,35.734663],[139.834634,35.735538],[139.835351,35.736209]]},"properties":{"ward":"葛飾区","species":["シダレヤナギ・サクラほか"],"count":19,"route":"4-B86","alias":"四つ木めだかの小道","manager":"葛飾区"}},{"type":"Feature","geometry":{"type":"LineString","coordinates":[[139.872135,35.752367],[139.872787,35.752292],[139.873273,35.752141],[139.875548,35.751216]]},"properties":{"ward":"葛飾区","species":["サクラ・トウカエデ"],"count":22,"route":"10-213","alias":"さくらみち","manager":"葛飾区"}},{"type":"Feature","geometry":{"type":"LineString","coordinates":[[139.879366,35.749983],[139.88063,35.749677],[139.882052,35.749568],[139.882763,35.749365]]},"properties":{"ward":"葛飾区","species":["トウカエデ・サクラ"],"count":33,"route":"10-215","alias":"さくらみち","manager":"葛飾区"}},{"type":"Feature","geometry":{"type":"LineString","coordinates":[[139.875655,35.751153],[139.879123,35.750039]]},"properties":{"ward":"葛飾区","species":["サクラ・トウカエデ"],"count":39,"route":"10-214","alias":"さくらみち","manager":"葛飾区"}},{"type":"Feature","geometry":{"type":"LineString","coordinates":[[139.861324,35.729663],[139.861518,35.730467]]},"properties":{"ward":"葛飾区","species":["ハナミズキ・サクラ"],"count":8,"route":"5-C05","alias":"","manager":"葛飾区"}},{"type":"Feature","geometry":{"type":"LineString","coordinates":[[139.857637,35.729855],[139.858175,35.729766]]},"properties":{"ward":"葛飾区","species":["ハナミズキ・サクラ"],"count":8,"route":"5-C05","alias":"","manager":"葛飾区"}},{"type":"Feature","geometry":{"type":"LineString","coordinates":[[139.874498,35.756021],[139.874968,35.757119]]},"properties":{"ward":"葛飾区","species":["ハナミズキ・サクラ"],"count":8,"route":"9-125","alias":"","manager":"葛飾区"}},{"type":"Feature","geometry":{"type":"LineString","coordinates":[[139.839728,35.744268],[139.840265,35.745734]]},"properties":{"ward":"葛飾区","species":["サクラ・ハナミズキ"],"count":10,"route":"2-A51","alias":"","manager":"葛飾区"}},{"type":"Feature","geometry":{"type":"LineString","coordinates":[[139.841692,35.731027],[139.843549,35.733007]]},"properties":{"ward":"葛飾区","species":["サクラ・ハナミズキ"],"count":43,"route":"4-B50","alias":"東四つ木コミュニティ通り","manager":"葛飾区"}},{"type":"Feature","geometry":{"type":"LineString","coordinates":[[139.841365,35.731075],[139.841214,35.732984],[139.840992,35.733907]]},"properties":{"ward":"葛飾区","species":["サクラ・ハナミズキ"],"count":43,"route":"4-B50","alias":"東四つ木コミュニティ通り","manager":"葛飾区"}},{"type":"Feature","geometry":{"type":"LineString","coordinates":[[139.843824,35.733264],[139.844723,35.734036],[139.845687,35.73503],[139.845926,35.735535],[139.846493,35.736378],[139.846481,35.73653]]},"properties":{"ward":"葛飾区","species":["サクラ・ハナミズキほか"],"count":64,"route":"4-B38","alias":"かわばたコミュニティ通り","manager":"葛飾区"}},{"type":"Feature","geometry":{"type":"LineString","coordinates":[[139.843357,35.736216],[139.843684,35.734955],[139.843795,35.733288]]},"properties":{"ward":"葛飾区","species":["サクラ・ハナミズキほか"],"count":64,"route":"4-B38","alias":"かわばたコミュニティ通り","manager":"葛飾区"}},{"type":"Feature","geometry":{"type":"LineString","coordinates":[[139.846226,35.763222],[139.846262,35.763605],[139.845865,35.765784],[139.845079,35.769319]]},"properties":{"ward":"葛飾区","species":["サクラ・ハナミズキほか"],"count":133,"route":"01A01","alias":"曳舟川親水公園緑道部","manager":"葛飾区"}},{"type":"Feature","geometry":{"type":"LineString","coordinates":[[139.844952,35.76535],[139.845704,35.765816]]},"properties":{"ward":"葛飾区","species":["サクラ・ハナミズキほか"],"count":133,"route":"01A01","alias":"曳舟川親水公園緑道部","manager":"葛飾区"}},{"type":"Feature","geometry":{"type":"LineString","coordinates":[[139.870461,35.726143],[139.870437,35.726311],[139.870539,35.726354],[139.870634,35.726268]]},"properties":{"ward":"葛飾区","species":["サクラ・ハナミズキほか"],"count":6,"route":"6-C55","alias":"新小岩四丁目コミュニティ道路","manager":"葛飾区"}},{"type":"Feature","geometry":{"type":"LineString","coordinates":[[139.850553,35.730976],[139.850721,35.731596],[139.850367,35.73175],[139.850644,35.732161],[139.85136,35.732446]]},"properties":{"ward":"葛飾区","species":["クヌギ・ムクノキほか"],"count":44,"route":"4-B77","alias":"","manager":"葛飾区"}},{"type":"Feature","geometry":{"type":"LineString","coordinates":[[139.84623,35.737431],[139.846702,35.737883],[139.847001,35.737942]]},"properties":{"ward":"葛飾区","species":["マテバシイ・サクラほか"],"count":59,"route":"3-C18","alias":"立石さくら通り","manager":"葛飾区"}},{"type":"Feature","geometry":{"type":"LineString","coordinates":[[139.847046,35.738207],[139.848671,35.739786]]},"properties":{"ward":"葛飾区","species":["マテバシイ・サクラほか"],"count":59,"route":"3-C18","alias":"立石さくら通り","manager":"葛飾区"}},{"type":"Feature","geometry":{"type":"LineString","coordinates":[[139.848867,35.740529],[139.848904,35.740913],[139.848387,35.742188]]},"properties":{"ward":"葛飾区","species":["マテバシイ・サクラほか"],"count":59,"route":"3-C18","alias":"立石さくら通り","manager":"葛飾区"}},{"type":"Feature","geometry":{"type":"LineString","coordinates":[[139.848364,35.742268],[139.84899,35.742345]]},"properties":{"ward":"葛飾区","species":["マテバシイ・サクラほか"],"count":59,"route":"3-C18","alias":"立石さくら通り","manager":"葛飾区"}},{"type":"Feature","geometry":{"type":"LineString","coordinates":[[139.856492,35.753089],[139.85715,35.753274],[139.857549,35.753521],[139.85815,35.753711]]},"properties":{"ward":"葛飾区","species":["ヤマボウシ・サクラ"],"count":4,"route":"3-C02","alias":"","manager":"葛飾区"}},{"type":"Feature","geometry":{"type":"LineString","coordinates":[[139.86278,35.754466],[139.866295,35.755023],[139.865963,35.75632],[139.866999,35.756493]]},"properties":{"ward":"葛飾区","species":["ヤマモモ・サクラ"],"count":24,"route":"9-104","alias":"","manager":"葛飾区"}},{"type":"Feature","geometry":{"type":"LineString","coordinates":[[139.859597,35.760668],[139.859331,35.761766],[139.859875,35.762327],[139.860563,35.763387]]},"properties":{"ward":"葛飾区","species":["ヤマモモ・サクラなど"],"count":33,"route":"9-013","alias":"","manager":"葛飾区"}},{"type":"Feature","geometry":{"type":"LineString","coordinates":[[139.860204,35.762473],[139.859961,35.762351]]},"properties":{"ward":"葛飾区","species":["ヤマモモ・サクラなど"],"count":33,"route":"9-013","alias":"","manager":"葛飾区"}},{"type":"Feature","geometry":{"type":"LineString","coordinates":[[139.829459,35.747433],[139.830143,35.747361],[139.831073,35.747387],[139.831626,35.747288],[139.833044,35.747283],[139.834109,35.747163]]},"properties":{"ward":"葛飾区","species":["サクラ・ヤマモモ"],"count":36,"route":"2-A43","alias":"","manager":"葛飾区"}},{"type":"Feature","geometry":{"type":"LineString","coordinates":[[139.837144,35.731136],[139.837182,35.730944]]},"properties":{"ward":"葛飾区","species":["サルスベリ"],"count":4,"route":"4-B101","alias":"","manager":"葛飾区"}},{"type":"Feature","geometry":{"type":"LineString","coordinates":[[139.876179,35.742168],[139.87637,35.741259]]},"properties":{"ward":"葛飾区","species":["サルスベリ"],"count":8,"route":"10-330","alias":"","manager":"葛飾区"}},{"type":"Feature","geometry":{"type":"LineString","coordinates":[[139.830234,35.757243],[139.831188,35.758157],[139.83144,35.758528]]},"properties":{"ward":"葛飾区","species":["サルスベリ・ケヤキほか"],"count":11,"route":"01A65","alias":"","manager":"葛飾区"}},{"type":"Feature","geometry":{"type":"LineString","coordinates":[[139.859942,35.719866],[139.860108,35.719983],[139.860577,35.719908]]},"properties":{"ward":"葛飾区","species":["サルスベリ"],"count":9,"route":"6-C19","alias":"","manager":"葛飾区"}},{"type":"Feature","geometry":{"type":"LineString","coordinates":[[139.87544,35.774316],[139.877123,35.774702],[139.877591,35.774565]]},"properties":{"ward":"葛飾区","species":["サルスベリ"],"count":12,"route":"8-044","alias":"","manager":"葛飾区"}},{"type":"Feature","geometry":{"type":"LineString","coordinates":[[139.84619,35.762124],[139.847559,35.762051]]},"properties":{"ward":"葛飾区","species":["サルスベリ・モモ"],"count":15,"route":"01B27","alias":"つくし通り","manager":"葛飾区"}},{"type":"Feature","geometry":{"type":"LineString","coordinates":[[139.837787,35.741996],[139.838787,35.742971],[139.839041,35.743362],[139.839938,35.745747]]},"properties":{"ward":"葛飾区","species":["サルスベリ"],"count":25,"route":"2-A35","alias":"","manager":"葛飾区"}},{"type":"Feature","geometry":{"type":"LineString","coordinates":[[139.854397,35.746453],[139.854758,35.746536],[139.856372,35.747704]]},"properties":{"ward":"葛飾区","species":["サルスベリ"],"count":32,"route":"3-C21","alias":"","manager":"葛飾区"}},{"type":"Feature","geometry":{"type":"LineString","coordinates":[[139.850571,35.745576],[139.851021,35.745943],[139.851962,35.745931],[139.852551,35.74601],[139.853806,35.746384]]},"properties":{"ward":"葛飾区","species":["サルスベリ"],"count":32,"route":"3-C21","alias":"","manager":"葛飾区"}},{"type":"Feature","geometry":{"type":"LineString","coordinates":[[139.844015,35.757706],[139.845301,35.761299],[139.845797,35.763018]]},"properties":{"ward":"葛飾区","species":["サルスベリ・ビワ"],"count":39,"route":"01A11","alias":"","manager":"葛飾区"}},{"type":"Feature","geometry":{"type":"LineString","coordinates":[[139.833867,35.754146],[139.835111,35.756082],[139.83599,35.759431],[139.835867,35.760226]]},"properties":{"ward":"葛飾区","species":["サルスベリ"],"count":48,"route":"01A12","alias":"","manager":"葛飾区"}},{"type":"Feature","geometry":{"type":"LineString","coordinates":[[139.847152,35.763365],[139.84861,35.763458]]},"properties":{"ward":"葛飾区","species":["サクラ・サルスベリ"],"count":11,"route":"01B53","alias":"","manager":"葛飾区"}},{"type":"Feature","geometry":{"type":"LineString","coordinates":[[139.85146,35.780547],[139.850179,35.789265],[139.849836,35.790988],[139.849466,35.791953]]},"properties":{"ward":"葛飾区","species":["サルスベリ・スダジイ"],"count":138,"route":"7-037","alias":"西水元緑道","manager":"葛飾区"}},{"type":"Feature","geometry":{"type":"LineString","coordinates":[[139.825915,35.76161],[139.826024,35.761162],[139.825838,35.760543],[139.825316,35.759424],[139.825592,35.758237]]},"properties":{"ward":"葛飾区","species":["サルスベリ・ハナミズキ"],"count":41,"route":"2-A71","alias":"","manager":"葛飾区"}},{"type":"Feature","geometry":{"type":"LineString","coordinates":[[139.849465,35.765588],[139.848456,35.765981]]},"properties":{"ward":"葛飾区","species":["シナノキ・シラカシほか"],"count":29,"route":"01B88","alias":"","manager":"葛飾区"}},{"type":"Feature","geometry":{"type":"LineString","coordinates":[[139.849202,35.765821],[139.84948,35.766283]]},"properties":{"ward":"葛飾区","species":["シナノキ・シラカシほか"],"count":29,"route":"01B88","alias":"","manager":"葛飾区"}},{"type":"Feature","geometry":{"type":"LineString","coordinates":[[139.848549,35.766132],[139.849804,35.766509]]},"properties":{"ward":"葛飾区","species":["シナノキ・シラカシほか"],"count":29,"route":"01B88","alias":"","manager":"葛飾区"}},{"type":"Feature","geometry":{"type":"LineString","coordinates":[[139.849032,35.763555],[139.848396,35.765699]]},"properties":{"ward":"葛飾区","species":["シラカシ"],"count":15,"route":"01B58","alias":"","manager":"葛飾区"}},{"type":"Feature","geometry":{"type":"LineString","coordinates":[[139.823456,35.754414],[139.825006,35.754734],[139.827041,35.754698]]},"properties":{"ward":"葛飾区","species":["ケヤキ・ヤマモモほか"],"count":24,"route":"2-A22","alias":"","manager":"葛飾区"}},{"type":"Feature","geometry":{"type":"LineString","coordinates":[[139.823363,35.755406],[139.823359,35.755114]]},"properties":{"ward":"葛飾区","species":["ケヤキ・ヤマモモほか"],"count":24,"route":"2-A22","alias":"","manager":"葛飾区"}},{"type":"Feature","geometry":{"type":"LineString","coordinates":[[139.858972,35.762802],[139.859022,35.762448]]},"properties":{"ward":"葛飾区","species":["トウカエデ"],"count":8,"route":"9-009","alias":"","manager":"葛飾区"}},{"type":"Feature","geometry":{"type":"LineString","coordinates":[[139.879995,35.754997],[139.880632,35.754894],[139.880573,35.755675],[139.88071,35.756016],[139.881043,35.756031]]},"properties":{"ward":"葛飾区","species":["トウカエデ"],"count":14,"route":"10-203","alias":"","manager":"葛飾区"}},{"type":"Feature","geometry":{"type":"LineString","coordinates":[[139.875696,35.744867],[139.87557,35.747544]]},"properties":{"ward":"葛飾区","species":["トウカエデ・イロハモミジ"],"count":30,"route":"10-313","alias":"","manager":"葛飾区"}},{"type":"Feature","geometry":{"type":"LineString","coordinates":[[139.852317,35.751279],[139.851948,35.752485],[139.851453,35.753028]]},"properties":{"ward":"葛飾区","species":["トウカエデ"],"count":20,"route":"3-C55","alias":"","manager":"葛飾区"}},{"type":"Feature","geometry":{"type":"LineString","coordinates":[[139.875593,35.75709],[139.87587,35.757057],[139.877935,35.756191]]},"properties":{"ward":"葛飾区","species":["トウカエデ"],"count":21,"route":"10-202","alias":"","manager":"葛飾区"}},{"type":"Feature","geometry":{"type":"LineString","coordinates":[[139.876126,35.74243],[139.875718,35.744192],[139.875701,35.744813]]},"properties":{"ward":"葛飾区","species":["トウカエデ"],"count":26,"route":"10-314","alias":"","manager":"葛飾区"}},{"type":"Feature","geometry":{"type":"LineString","coordinates":[[139.88746,35.779582],[139.887945,35.780701]]},"properties":{"ward":"葛飾区","species":["トウカエデ"],"count":37,"route":"8-020","alias":"","manager":"葛飾区"}},{"type":"Feature","geometry":{"type":"LineString","coordinates":[[139.883533,35.777622],[139.88516,35.778151],[139.887257,35.779158]]},"properties":{"ward":"葛飾区","species":["トウカエデ"],"count":37,"route":"8-020","alias":"","manager":"葛飾区"}},{"type":"Feature","geometry":{"type":"LineString","coordinates":[[139.875624,35.748985],[139.875726,35.749026],[139.876543,35.750699]]},"properties":{"ward":"葛飾区","species":["トウカエデ"],"count":38,"route":"10-217","alias":"小岩用水緑道","manager":"葛飾区"}},{"type":"Feature","geometry":{"type":"LineString","coordinates":[[139.874144,35.750588],[139.875408,35.749227]]},"properties":{"ward":"葛飾区","species":["トウカエデ"],"count":38,"route":"10-217","alias":"小岩用水緑道","manager":"葛飾区"}},{"type":"Feature","geometry":{"type":"LineString","coordinates":[[139.869758,35.741919],[139.875031,35.744717],[139.87558,35.744811]]},"properties":{"ward":"葛飾区","species":["トウカエデ"],"count":58,"route":"10-319","alias":"","manager":"葛飾区"}},{"type":"Feature","geometry":{"type":"LineString","coordinates":[[139.868965,35.739865],[139.869988,35.738555],[139.870415,35.737753],[139.87075,35.736745],[139.87098,35.735312]]},"properties":{"ward":"葛飾区","species":["トウカエデ・トチノキなど"],"count":84,"route":"10-406","alias":"","manager":"葛飾区"}},{"type":"Feature","geometry":{"type":"LineString","coordinates":[[139.87243,35.740755],[139.875552,35.742423]]},"properties":{"ward":"葛飾区","species":["トウカエデ・アメリカフウなど"],"count":32,"route":"10-320","alias":"","manager":"葛飾区"}},{"type":"Feature","geometry":{"type":"LineString","coordinates":[[139.861592,35.719467],[139.865009,35.721837],[139.863986,35.722812],[139.864041,35.723105]]},"properties":{"ward":"葛飾区","species":["トウカエデ・サクラ"],"count":48,"route":"6-C44","alias":"","manager":"葛飾区"}},{"type":"Feature","geometry":{"type":"LineString","coordinates":[[139.864765,35.720791],[139.865105,35.720468],[139.866192,35.720029],[139.866397,35.719974],[139.867115,35.720062]]},"properties":{"ward":"葛飾区","species":["トウカエデ・サクラ"],"count":48,"route":"6-C44","alias":"","manager":"葛飾区"}},{"type":"Feature","geometry":{"type":"LineString","coordinates":[[139.85482,35.745857],[139.853938,35.746475],[139.853661,35.746763],[139.852373,35.751066]]},"properties":{"ward":"葛飾区","species":["トウカエデ・ハナミズキほか"],"count":66,"route":"3-C69","alias":"","manager":"葛飾区"}},{"type":"Feature","geometry":{"type":"LineString","coordinates":[[139.867485,35.780552],[139.867726,35.781839],[139.867744,35.78231],[139.867934,35.782782],[139.868377,35.783407],[139.868902,35.783856]]},"properties":{"ward":"葛飾区","species":["ヤマモモ・シダレヤナギほか"],"count":61,"route":"8-010","alias":"","manager":"葛飾区"}},{"type":"Feature","geometry":{"type":"LineString","coordinates":[[139.868037,35.781728],[139.86823,35.782087]]},"properties":{"ward":"葛飾区","species":["ヤマモモ・シダレヤナギほか"],"count":61,"route":"8-010","alias":"","manager":"葛飾区"}},{"type":"Feature","geometry":{"type":"LineString","coordinates":[[139.869096,35.782458],[139.869774,35.782599]]},"properties":{"ward":"葛飾区","species":["ヤマモモ・シダレヤナギほか"],"count":61,"route":"8-010","alias":"","manager":"葛飾区"}},{"type":"Feature","geometry":{"type":"LineString","coordinates":[[139.869754,35.757956],[139.870656,35.757659]]},"properties":{"ward":"葛飾区","species":["トチノキ"],"count":7,"route":"9-119","alias":"","manager":"葛飾区"}},{"type":"Feature","geometry":{"type":"LineString","coordinates":[[139.870872,35.757554],[139.871982,35.757156],[139.87327,35.757276],[139.875416,35.757103]]},"properties":{"ward":"葛飾区","species":["トチノキ"],"count":19,"route":"9-120","alias":"","manager":"葛飾区"}},{"type":"Feature","geometry":{"type":"LineString","coordinates":[[139.865317,35.771562],[139.866054,35.773186],[139.866295,35.773957],[139.867314,35.779962]]},"properties":{"ward":"葛飾区","species":["ハナミズキ・トネリコ"],"count":72,"route":"7-012","alias":"","manager":"葛飾区"}},{"type":"Feature","geometry":{"type":"LineString","coordinates":[[139.854495,35.782105],[139.857932,35.782425]]},"properties":{"ward":"葛飾区","species":["ナツツバキ"],"count":12,"route":"7-006","alias":"","manager":"葛飾区"}},{"type":"Feature","geometry":{"type":"LineString","coordinates":[[139.85389,35.713615],[139.854347,35.714344]]},"properties":{"ward":"葛飾区","species":["ナツツバキ、ハナミズキ"],"count":3,"route":"6-C59","alias":"","manager":"葛飾区"}},{"type":"Feature","geometry":{"type":"LineString","coordinates":[[139.842115,35.747355],[139.845408,35.748282],[139.84575,35.748603],[139.845926,35.748897],[139.846906,35.749504],[139.847304,35.749654],[139.847632,35.749519]]},"properties":{"ward":"葛飾区","species":["ナツミカン・サルスベリほか"],"count":35,"route":"01B26","alias":"","manager":"葛飾区"}},{"type":"Feature","geometry":{"type":"LineString","coordinates":[[139.845177,35.749854],[139.845287,35.749074],[139.845625,35.74864]]},"properties":{"ward":"葛飾区","species":["ナツミカン・サルスベリほか"],"count":35,"route":"01B26","alias":"","manager":"葛飾区"}},{"type":"Feature","geometry":{"type":"LineString","coordinates":[[139.85289,35.787807],[139.853648,35.78266]]},"properties":{"ward":"葛飾区","species":["ナンキンハゼ・トウカエデほか"],"count":48,"route":"7-005","alias":"","manager":"葛飾区"}},{"type":"Feature","geometry":{"type":"LineString","coordinates":[[139.848703,35.733318],[139.849009,35.730169],[139.848771,35.730139],[139.848499,35.729853],[139.848001,35.729066],[139.848058,35.728876]]},"properties":{"ward":"葛飾区","species":["ヤマモモ・ハクモクレン"],"count":16,"route":"4-B14","alias":"","manager":"葛飾区"}},{"type":"Feature","geometry":{"type":"LineString","coordinates":[[139.847544,35.731799],[139.848789,35.731867]]},"properties":{"ward":"葛飾区","species":["ヤマモモ・ハクモクレン"],"count":16,"route":"4-B14","alias":"","manager":"葛飾区"}},{"type":"Feature","geometry":{"type":"LineString","coordinates":[[139.835226,35.73439],[139.835711,35.734817]]},"properties":{"ward":"葛飾区","species":["ハナミズキ"],"count":1,"route":"4-B74","alias":"","manager":"葛飾区"}},{"type":"Feature","geometry":{"type":"LineString","coordinates":[[139.837896,35.737882],[139.838157,35.738033]]},"properties":{"ward":"葛飾区","species":["ハナミズキ"],"count":1,"route":"4-B81","alias":"","manager":"葛飾区"}},{"type":"Feature","geometry":{"type":"LineString","coordinates":[[139.874498,35.771197],[139.874378,35.771063],[139.874983,35.770551],[139.873003,35.770199]]},"properties":{"ward":"葛飾区","species":["スズカケノキ・ハナミズキ"],"count":9,"route":"7-024","alias":"","manager":"葛飾区"}},{"type":"Feature","geometry":{"type":"LineString","coordinates":[[139.832105,35.750616],[139.832135,35.750854]]},"properties":{"ward":"葛飾区","species":["ハナミズキ"],"count":2,"route":"01A29","alias":"九品寺通り","manager":"葛飾区"}},{"type":"Feature","geometry":{"type":"LineString","coordinates":[[139.823531,35.7495],[139.825203,35.749211]]},"properties":{"ward":"葛飾区","species":["ハナミズキ"],"count":2,"route":"2-A63","alias":"","manager":"葛飾区"}},{"type":"Feature","geometry":{"type":"LineString","coordinates":[[139.83992,35.733503],[139.839932,35.733339]]},"properties":{"ward":"葛飾区","species":["ハナミズキ"],"count":2,"route":"4-B91","alias":"","manager":"葛飾区"}},{"type":"Feature","geometry":{"type":"LineString","coordinates":[[139.849781,35.743068],[139.851025,35.743211]]},"properties":{"ward":"葛飾区","species":["ハナミズキ"],"count":3,"route":"3-C22","alias":"","manager":"葛飾区"}},{"type":"Feature","geometry":{"type":"LineString","coordinates":[[139.852507,35.742211],[139.852905,35.742774]]},"properties":{"ward":"葛飾区","species":["ハナミズキ"],"count":3,"route":"3-C75","alias":"","manager":"葛飾区"}},{"type":"Feature","geometry":{"type":"LineString","coordinates":[[139.877939,35.771716],[139.878403,35.772735],[139.878656,35.772891],[139.879624,35.773103]]},"properties":{"ward":"葛飾区","species":["ハナミズキ・モッコクほか"],"count":5,"route":"8-031","alias":"","manager":"葛飾区"}},{"type":"Feature","geometry":{"type":"LineString","coordinates":[[139.852344,35.751692],[139.853524,35.752182]]},"properties":{"ward":"葛飾区","species":["ハナミズキ"],"count":4,"route":"3-C07","alias":"","manager":"葛飾区"}},{"type":"Feature","geometry":{"type":"LineString","coordinates":[[139.836096,35.73258],[139.835867,35.732332],[139.835745,35.732312]]},"properties":{"ward":"葛飾区","species":["ハナミズキ"],"count":4,"route":"4-B35","alias":"","manager":"葛飾区"}},{"type":"Feature","geometry":{"type":"LineString","coordinates":[[139.838178,35.735545],[139.83977,35.735752]]},"properties":{"ward":"葛飾区","species":["ハナミズキ"],"count":4,"route":"4-B78","alias":"","manager":"葛飾区"}},{"type":"Feature","geometry":{"type":"LineString","coordinates":[[139.879336,35.745303],[139.880857,35.745194]]},"properties":{"ward":"葛飾区","species":["ハナミズキ"],"count":5,"route":"10-220","alias":"","manager":"葛飾区"}},{"type":"Feature","geometry":{"type":"LineString","coordinates":[[139.879709,35.741609],[139.880236,35.74064],[139.880282,35.740376],[139.880139,35.740274]]},"properties":{"ward":"葛飾区","species":["ハナミズキ"],"count":5,"route":"10-323","alias":"","manager":"葛飾区"}},{"type":"Feature","geometry":{"type":"LineString","coordinates":[[139.851118,35.743227],[139.85212,35.743338]]},"properties":{"ward":"葛飾区","species":["ハナミズキ"],"count":5,"route":"3-C48","alias":"","manager":"葛飾区"}},{"type":"Feature","geometry":{"type":"LineString","coordinates":[[139.87289,35.764255],[139.875036,35.765117],[139.875313,35.764665]]},"properties":{"ward":"葛飾区","species":["ハナミズキ"],"count":7,"route":"9-134","alias":"金町三丁目緑道","manager":"葛飾区"}},{"type":"Feature","geometry":{"type":"LineString","coordinates":[[139.870193,35.744062],[139.870495,35.743774],[139.871371,35.744013],[139.871649,35.744162]]},"properties":{"ward":"葛飾区","species":["ハナミズキ"],"count":8,"route":"10-316","alias":"","manager":"葛飾区"}},{"type":"Feature","geometry":{"type":"LineString","coordinates":[[139.874597,35.776113],[139.874741,35.775785]]},"properties":{"ward":"葛飾区","species":["ハナミズキ"],"count":8,"route":"8-033","alias":"","manager":"葛飾区"}},{"type":"Feature","geometry":{"type":"LineString","coordinates":[[139.870725,35.763429],[139.872539,35.764144]]},"properties":{"ward":"葛飾区","species":["ハナミズキ"],"count":8,"route":"9-109","alias":"","manager":"葛飾区"}},{"type":"Feature","geometry":{"type":"LineString","coordinates":[[139.879026,35.742996],[139.879672,35.74165]]},"properties":{"ward":"葛飾区","species":["ハナミズキ・ヤマボウシ"],"count":10,"route":"10-325","alias":"","manager":"葛飾区"}},{"type":"Feature","geometry":{"type":"LineString","coordinates":[[139.86476,35.749298],[139.864546,35.750318]]},"properties":{"ward":"葛飾区","species":["ハナミズキ"],"count":12,"route":"10-131","alias":"","manager":"葛飾区"}},{"type":"Feature","geometry":{"type":"LineString","coordinates":[[139.87185,35.772961],[139.874068,35.771552]]},"properties":{"ward":"葛飾区","species":["ハナミズキ"],"count":13,"route":"7-035","alias":"","manager":"葛飾区"}},{"type":"Feature","geometry":{"type":"LineString","coordinates":[[139.841033,35.747525],[139.841864,35.750005]]},"properties":{"ward":"葛飾区","species":["ハナミズキ・クロガネモチほか"],"count":24,"route":"01A69","alias":"","manager":"葛飾区"}},{"type":"Feature","geometry":{"type":"LineString","coordinates":[[139.881562,35.751839],[139.881684,35.751839],[139.881975,35.749655]]},"properties":{"ward":"葛飾区","species":["ハナミズキ・イチョウ"],"count":18,"route":"10-207","alias":"","manager":"葛飾区"}},{"type":"Feature","geometry":{"type":"LineString","coordinates":[[139.881236,35.753707],[139.881302,35.753343]]},"properties":{"ward":"葛飾区","species":["ハナミズキ・イチョウ"],"count":18,"route":"10-207","alias":"","manager":"葛飾区"}},{"type":"Feature","geometry":{"type":"LineString","coordinates":[[139.880537,35.754648],[139.88061,35.754818]]},"properties":{"ward":"葛飾区","species":["ハナミズキ・イチョウ"],"count":18,"route":"10-207","alias":"","manager":"葛飾区"}},{"type":"Feature","geometry":{"type":"LineString","coordinates":[[139.868266,35.723187],[139.868229,35.72356],[139.870649,35.725216]]},"properties":{"ward":"葛飾区","species":["ハナミズキ・ケヤキ"],"count":19,"route":"6-C46","alias":"新小岩四丁目コミュニティ道路","manager":"葛飾区"}},{"type":"Feature","geometry":{"type":"LineString","coordinates":[[139.869191,35.761145],[139.870253,35.758753]]},"properties":{"ward":"葛飾区","species":["ハナミズキ"],"count":18,"route":"9-115","alias":"","manager":"葛飾区"}},{"type":"Feature","geometry":{"type":"LineString","coordinates":[[139.87169,35.744175],[139.875551,35.746236]]},"properties":{"ward":"葛飾区","species":["ハナミズキ"],"count":19,"route":"10-317","alias":"","manager":"葛飾区"}},{"type":"Feature","geometry":{"type":"LineString","coordinates":[[139.86712,35.719691],[139.867401,35.720346],[139.867317,35.720582],[139.867322,35.721146],[139.868233,35.723092]]},"properties":{"ward":"葛飾区","species":["ハナミズキ"],"count":19,"route":"6-C23","alias":"","manager":"葛飾区"}},{"type":"Feature","geometry":{"type":"LineString","coordinates":[[139.875682,35.748879],[139.876556,35.747848],[139.877191,35.74674]]},"properties":{"ward":"葛飾区","species":["ハナミズキ・イロハモミジ"],"count":22,"route":"10-226","alias":"小岩用水緑道","manager":"葛飾区"}},{"type":"Feature","geometry":{"type":"LineString","coordinates":[[139.881149,35.778548],[139.881407,35.778674]]},"properties":{"ward":"葛飾区","species":["ハナミズキ"],"count":20,"route":"8-042","alias":"","manager":"葛飾区"}},{"type":"Feature","geometry":{"type":"LineString","coordinates":[[139.877726,35.777022],[139.878187,35.777126],[139.878809,35.777432]]},"properties":{"ward":"葛飾区","species":["ハナミズキ"],"count":20,"route":"8-042","alias":"","manager":"葛飾区"}},{"type":"Feature","geometry":{"type":"LineString","coordinates":[[139.88133,35.753352],[139.882629,35.753503]]},"properties":{"ward":"葛飾区","species":["ハナミズキ"],"count":21,"route":"10-208","alias":"","manager":"葛飾区"}},{"type":"Feature","geometry":{"type":"LineString","coordinates":[[139.881902,35.750897],[139.883248,35.751013],[139.883069,35.752465]]},"properties":{"ward":"葛飾区","species":["ハナミズキ"],"count":21,"route":"10-208","alias":"","manager":"葛飾区"}},{"type":"Feature","geometry":{"type":"LineString","coordinates":[[139.840302,35.745812],[139.840909,35.747386]]},"properties":{"ward":"葛飾区","species":["ハナミズキ"],"count":22,"route":"2-A68","alias":"","manager":"葛飾区"}},{"type":"Feature","geometry":{"type":"LineString","coordinates":[[139.871677,35.76016],[139.872755,35.761328],[139.873925,35.761788]]},"properties":{"ward":"葛飾区","species":["ハナミズキ"],"count":22,"route":"9-129","alias":"","manager":"葛飾区"}},{"type":"Feature","geometry":{"type":"LineString","coordinates":[[139.864465,35.750604],[139.864236,35.751192],[139.863751,35.751898]]},"properties":{"ward":"葛飾区","species":["ハナミズキ"],"count":22,"route":"9-131","alias":"","manager":"葛飾区"}},{"type":"Feature","geometry":{"type":"LineString","coordinates":[[139.864911,35.727328],[139.868735,35.728043]]},"properties":{"ward":"葛飾区","species":["ハナミズキ"],"count":24,"route":"5-C35","alias":"","manager":"葛飾区"}},{"type":"Feature","geometry":{"type":"LineString","coordinates":[[139.878473,35.774355],[139.879103,35.774183]]},"properties":{"ward":"葛飾区","species":["ハナミズキ"],"count":25,"route":"8-022","alias":"","manager":"葛飾区"}},{"type":"Feature","geometry":{"type":"LineString","coordinates":[[139.879037,35.773974],[139.879331,35.774802],[139.880408,35.774678]]},"properties":{"ward":"葛飾区","species":["ハナミズキ"],"count":25,"route":"8-022","alias":"","manager":"葛飾区"}},{"type":"Feature","geometry":{"type":"LineString","coordinates":[[139.880904,35.776236],[139.880909,35.776631],[139.882409,35.777351]]},"properties":{"ward":"葛飾区","species":["ハナミズキ"],"count":25,"route":"8-022","alias":"","manager":"葛飾区"}},{"type":"Feature","geometry":{"type":"LineString","coordinates":[[139.880463,35.775659],[139.880826,35.775649]]},"properties":{"ward":"葛飾区","species":["ハナミズキ"],"count":25,"route":"8-022","alias":"","manager":"葛飾区"}},{"type":"Feature","geometry":{"type":"LineString","coordinates":[[139.849737,35.740573],[139.849713,35.740752],[139.85218,35.743094]]},"properties":{"ward":"葛飾区","species":["ハナミズキ"],"count":26,"route":"3-C70","alias":"","manager":"葛飾区"}},{"type":"Feature","geometry":{"type":"LineString","coordinates":[[139.878973,35.743076],[139.877833,35.745533],[139.877367,35.746357]]},"properties":{"ward":"葛飾区","species":["ハナミズキ・ハクモクレン"],"count":30,"route":"10-327","alias":"小岩用水緑道　(鎌倉かなえ通り）","manager":"葛飾区"}},{"type":"Feature","geometry":{"type":"LineString","coordinates":[[139.869112,35.761363],[139.868029,35.763826],[139.867683,35.764786]]},"properties":{"ward":"葛飾区","species":["ハナミズキ"],"count":28,"route":"9-114","alias":"","manager":"葛飾区"}},{"type":"Feature","geometry":{"type":"LineString","coordinates":[[139.866949,35.759426],[139.867174,35.759183],[139.868528,35.756789]]},"properties":{"ward":"葛飾区","species":["ハナミズキ"],"count":29,"route":"9-138","alias":"小岩用水緑道","manager":"葛飾区"}},{"type":"Feature","geometry":{"type":"LineString","coordinates":[[139.877603,35.777005],[139.877099,35.77693],[139.873298,35.775815]]},"properties":{"ward":"葛飾区","species":["ハナミズキ"],"count":30,"route":"8-041","alias":"","manager":"葛飾区"}},{"type":"Feature","geometry":{"type":"LineString","coordinates":[[139.870373,35.758773],[139.871621,35.760124]]},"properties":{"ward":"葛飾区","species":["ハナミズキ"],"count":35,"route":"9-128","alias":"","manager":"葛飾区"}},{"type":"Feature","geometry":{"type":"LineString","coordinates":[[139.870603,35.766211],[139.872676,35.762799]]},"properties":{"ward":"葛飾区","species":["ハナミズキ"],"count":40,"route":"9-111","alias":"ときわ花小路","manager":"葛飾区"}},{"type":"Feature","geometry":{"type":"LineString","coordinates":[[139.865714,35.746861],[139.864831,35.749097]]},"properties":{"ward":"葛飾区","species":["ハナミズキ"],"count":46,"route":"10-304","alias":"東用水せせらぎ通り","manager":"葛飾区"}},{"type":"Feature","geometry":{"type":"LineString","coordinates":[[139.871336,35.752415],[139.87111,35.752569],[139.870767,35.753004],[139.868601,35.756701]]},"properties":{"ward":"葛飾区","species":["ハナミズキ・コブシ"],"count":57,"route":"9-135","alias":"小岩用水緑道","manager":"葛飾区"}},{"type":"Feature","geometry":{"type":"LineString","coordinates":[[139.866602,35.774176],[139.869508,35.773686],[139.869971,35.773692],[139.8706,35.774039],[139.872082,35.775347]]},"properties":{"ward":"葛飾区","species":["ハナミズキ"],"count":59,"route":"7-040","alias":"","manager":"葛飾区"}},{"type":"Feature","geometry":{"type":"LineString","coordinates":[[139.852268,35.743206],[139.854899,35.745686],[139.854993,35.745863],[139.85628,35.747129]]},"properties":{"ward":"葛飾区","species":["ハナミズキ"],"count":72,"route":"3-C59","alias":"","manager":"葛飾区"}},{"type":"Feature","geometry":{"type":"LineString","coordinates":[[139.860509,35.774967],[139.863343,35.774495],[139.866082,35.774259]]},"properties":{"ward":"葛飾区","species":["ハナミズキ"],"count":80,"route":"7-038","alias":"","manager":"葛飾区"}},{"type":"Feature","geometry":{"type":"LineString","coordinates":[[139.871581,35.755397],[139.870769,35.757606],[139.870363,35.758497]]},"properties":{"ward":"葛飾区","species":["ハナミズキ"],"count":19,"route":"9-116","alias":"","manager":"葛飾区"}},{"type":"Feature","geometry":{"type":"LineString","coordinates":[[139.834559,35.731215],[139.836842,35.728977],[139.837313,35.728675],[139.838996,35.727088],[139.83913,35.726745],[139.84138,35.72458],[139.841681,35.724504],[139.841974,35.724214],[139.84211,35.723932]]},"properties":{"ward":"葛飾区","species":["ハナミズキ"],"count":21,"route":"4-B73","alias":"","manager":"葛飾区"}},{"type":"Feature","geometry":{"type":"LineString","coordinates":[[139.830692,35.762345],[139.83077,35.762635],[139.83141,35.763526],[139.831581,35.76371],[139.832049,35.763941],[139.832407,35.763936],[139.833032,35.763775],[139.834154,35.76336],[139.835365,35.763307],[139.837502,35.763529],[139.837549,35.764359]]},"properties":{"ward":"葛飾区","species":["ハナミズキ・アキニレ"],"count":58,"route":"01A56","alias":"古隅田川緑道","manager":"葛飾区"}},{"type":"Feature","geometry":{"type":"LineString","coordinates":[[139.879102,35.751156],[139.879383,35.751258]]},"properties":{"ward":"葛飾区","species":["ハナミズキ・クスノキなど"],"count":5,"route":"10-227","alias":"","manager":"葛飾区"}},{"type":"Feature","geometry":{"type":"LineString","coordinates":[[139.861624,35.733829],[139.862992,35.733636],[139.863338,35.733498]]},"properties":{"ward":"葛飾区","species":["ハナミズキ・ヤマモモほか"],"count":16,"route":"5-C04","alias":"","manager":"葛飾区"}},{"type":"Feature","geometry":{"type":"LineString","coordinates":[[139.86531,35.732185],[139.86617,35.732133],[139.866518,35.731183]]},"properties":{"ward":"葛飾区","species":["ハナミズキ・ヤマモモほか"],"count":16,"route":"5-C04","alias":"","manager":"葛飾区"}},{"type":"Feature","geometry":{"type":"LineString","coordinates":[[139.827828,35.75125],[139.827802,35.751696],[139.827922,35.752669],[139.827711,35.753049],[139.827576,35.753747]]},"properties":{"ward":"葛飾区","species":["ウメ・ハクモクレンほか"],"count":32,"route":"01A25","alias":"","manager":"葛飾区"}},{"type":"Feature","geometry":{"type":"LineString","coordinates":[[139.828317,35.750399],[139.828415,35.750233],[139.828353,35.749868],[139.828048,35.749206]]},"properties":{"ward":"葛飾区","species":["ウメ・ハクモクレンほか"],"count":32,"route":"01A25","alias":"","manager":"葛飾区"}},{"type":"Feature","geometry":{"type":"LineString","coordinates":[[139.879275,35.743053],[139.880094,35.743188],[139.880426,35.741948]]},"properties":{"ward":"葛飾区","species":["ハナミズキ・マテバシイ"],"count":6,"route":"10-321","alias":"","manager":"葛飾区"}},{"type":"Feature","geometry":{"type":"LineString","coordinates":[[139.856523,35.728894],[139.862546,35.734807]]},"properties":{"ward":"葛飾区","species":["ハナミズキ・ヤマボウシ"],"count":63,"route":"5-C02","alias":"","manager":"葛飾区"}},{"type":"Feature","geometry":{"type":"LineString","coordinates":[[139.873291,35.76906],[139.873934,35.76923],[139.874369,35.769218],[139.874535,35.769143]]},"properties":{"ward":"葛飾区","species":["ホルトノキ・コブシほか"],"count":30,"route":"9-016","alias":"","manager":"葛飾区"}},{"type":"Feature","geometry":{"type":"LineString","coordinates":[[139.872175,35.767696],[139.871981,35.768167],[139.871903,35.768785]]},"properties":{"ward":"葛飾区","species":["ホルトノキ・コブシほか"],"count":30,"route":"9-016","alias":"","manager":"葛飾区"}},{"type":"Feature","geometry":{"type":"LineString","coordinates":[[139.865354,35.744948],[139.865357,35.744813]]},"properties":{"ward":"葛飾区","species":["マキ"],"count":3,"route":"10-300","alias":"","manager":"葛飾区"}},{"type":"Feature","geometry":{"type":"LineString","coordinates":[[139.862695,35.758268],[139.863509,35.758401]]},"properties":{"ward":"葛飾区","species":["マテバシイ・モッコク"],"count":8,"route":"9-142","alias":"","manager":"葛飾区"}},{"type":"Feature","geometry":{"type":"LineString","coordinates":[[139.863579,35.758411],[139.867129,35.758991]]},"properties":{"ward":"葛飾区","species":["マテバシイ"],"count":17,"route":"9-140","alias":"","manager":"葛飾区"}},{"type":"Feature","geometry":{"type":"LineString","coordinates":[[139.872665,35.738441],[139.87584,35.740165]]},"properties":{"ward":"葛飾区","species":["マテバシイ"],"count":18,"route":"10-403","alias":"","manager":"葛飾区"}},{"type":"Feature","geometry":{"type":"LineString","coordinates":[[139.859613,35.757464],[139.860553,35.75791],[139.86247,35.758241]]},"properties":{"ward":"葛飾区","species":["マテバシイ"],"count":25,"route":"9-141","alias":"","manager":"葛飾区"}},{"type":"Feature","geometry":{"type":"LineString","coordinates":[[139.874484,35.751767],[139.87573,35.75433]]},"properties":{"ward":"葛飾区","species":["マテバシイ・クスノキ"],"count":46,"route":"10-209","alias":"","manager":"葛飾区"}},{"type":"Feature","geometry":{"type":"LineString","coordinates":[[139.875124,35.754556],[139.877556,35.753783]]},"properties":{"ward":"葛飾区","species":["マテバシイ・クスノキ"],"count":46,"route":"10-209","alias":"","manager":"葛飾区"}},{"type":"Feature","geometry":{"type":"LineString","coordinates":[[139.85621,35.739038],[139.856274,35.73976],[139.856371,35.739885]]},"properties":{"ward":"葛飾区","species":["サクラ・マテバシイ"],"count":14,"route":"3-C28","alias":"","manager":"葛飾区"}},{"type":"Feature","geometry":{"type":"LineString","coordinates":[[139.821198,35.751297],[139.822371,35.751591]]},"properties":{"ward":"葛飾区","species":["マテバシイ・ロウバイ"],"count":17,"route":"2-A53","alias":"","manager":"葛飾区"}},{"type":"Feature","geometry":{"type":"LineString","coordinates":[[139.868021,35.7513],[139.868635,35.752223]]},"properties":{"ward":"葛飾区","species":["モッコク"],"count":15,"route":"9-144","alias":"","manager":"葛飾区"}},{"type":"Feature","geometry":{"type":"LineString","coordinates":[[139.838773,35.733658],[139.838787,35.733694]]},"properties":{"ward":"葛飾区","species":["ヤマボウシ"],"count":1,"route":"4-B99","alias":"","manager":"葛飾区"}},{"type":"Feature","geometry":{"type":"LineString","coordinates":[[139.877016,35.75166],[139.877357,35.752166],[139.877623,35.752376],[139.877972,35.752518]]},"properties":{"ward":"葛飾区","species":["ヤマボウシ"],"count":3,"route":"10-212","alias":"","manager":"葛飾区"}},{"type":"Feature","geometry":{"type":"LineString","coordinates":[[139.878222,35.7526],[139.879436,35.75307]]},"properties":{"ward":"葛飾区","species":["ヤマボウシ"],"count":5,"route":"10-229","alias":"","manager":"葛飾区"}},{"type":"Feature","geometry":{"type":"LineString","coordinates":[[139.864834,35.739011],[139.866162,35.739445]]},"properties":{"ward":"葛飾区","species":["ヤマボウシ・ハナミズキ"],"count":11,"route":"5-C54","alias":"","manager":"葛飾区"}},{"type":"Feature","geometry":{"type":"LineString","coordinates":[[139.876467,35.741075],[139.879806,35.741205]]},"properties":{"ward":"葛飾区","species":["ヤマボウシ・ハナミズキ"],"count":27,"route":"10-329","alias":"","manager":"葛飾区"}},{"type":"Feature","geometry":{"type":"LineString","coordinates":[[139.869119,35.740187],[139.870687,35.740458],[139.873337,35.74068],[139.876398,35.741075]]},"properties":{"ward":"葛飾区","species":["ヤマボウシ"],"count":31,"route":"10-331","alias":"","manager":"葛飾区"}},{"type":"Feature","geometry":{"type":"LineString","coordinates":[[139.868642,35.740074],[139.867591,35.739854],[139.867843,35.739526]]},"properties":{"ward":"葛飾区","species":["ヤマボウシ・ヒメリンゴほか"],"count":15,"route":"10-405","alias":"","manager":"葛飾区"}},{"type":"Feature","geometry":{"type":"LineString","coordinates":[[139.852171,35.725668],[139.853295,35.725613]]},"properties":{"ward":"葛飾区","species":["ハナミズキ・ヤマモモほか"],"count":18,"route":"5-C09","alias":"","manager":"葛飾区"}},{"type":"Feature","geometry":{"type":"LineString","coordinates":[[139.852832,35.725668],[139.85278,35.726208],[139.852507,35.726817],[139.853296,35.727039]]},"properties":{"ward":"葛飾区","species":["ハナミズキ・ヤマモモほか"],"count":18,"route":"5-C09","alias":"","manager":"葛飾区"}},{"type":"Feature","geometry":{"type":"LineString","coordinates":[[139.852193,35.726668],[139.852485,35.726814],[139.852616,35.728142]]},"properties":{"ward":"葛飾区","species":["ハナミズキ・ヤマモモほか"],"count":18,"route":"5-C09","alias":"","manager":"葛飾区"}},{"type":"Feature","geometry":{"type":"LineString","coordinates":[[139.851192,35.725638],[139.851315,35.725684]]},"properties":{"ward":"葛飾区","species":["ハナミズキ・ヤマモモほか"],"count":18,"route":"5-C09","alias":"","manager":"葛飾区"}},{"type":"Feature","geometry":{"type":"LineString","coordinates":[[139.833877,35.752858],[139.834256,35.75276]]},"properties":{"ward":"葛飾区","species":["ヤマモモ"],"count":2,"route":"01A30","alias":"","manager":"葛飾区"}},{"type":"Feature","geometry":{"type":"LineString","coordinates":[[139.852003,35.742199],[139.852918,35.741738]]},"properties":{"ward":"葛飾区","species":["ヤマモモ"],"count":2,"route":"3-C65","alias":"","manager":"葛飾区"}},{"type":"Feature","geometry":{"type":"LineString","coordinates":[[139.874155,35.737813],[139.874571,35.737578]]},"properties":{"ward":"葛飾区","species":["ヤマモモ"],"count":4,"route":"10-407","alias":"","manager":"葛飾区"}},{"type":"Feature","geometry":{"type":"LineString","coordinates":[[139.837204,35.747523],[139.837502,35.747436]]},"properties":{"ward":"葛飾区","species":["ヤマモモ"],"count":4,"route":"2-A42","alias":"","manager":"葛飾区"}},{"type":"Feature","geometry":{"type":"LineString","coordinates":[[139.825368,35.749155],[139.826071,35.748868]]},"properties":{"ward":"葛飾区","species":["ヤマモモ"],"count":6,"route":"2-A24","alias":"","manager":"葛飾区"}},{"type":"Feature","geometry":{"type":"LineString","coordinates":[[139.850415,35.742513],[139.85116,35.742608],[139.851386,35.742501]]},"properties":{"ward":"葛飾区","species":["ヤマモモ"],"count":6,"route":"3-C46","alias":"","manager":"葛飾区"}},{"type":"Feature","geometry":{"type":"LineString","coordinates":[[139.846901,35.726565],[139.847264,35.725811]]},"properties":{"ward":"葛飾区","species":["ヤマモモ"],"count":7,"route":"6-C10","alias":"","manager":"葛飾区"}},{"type":"Feature","geometry":{"type":"LineString","coordinates":[[139.848519,35.722445],[139.848752,35.722186],[139.849065,35.720373]]},"properties":{"ward":"葛飾区","species":["ヤマモモ・イヌシデ"],"count":11,"route":"6-C16","alias":"","manager":"葛飾区"}},{"type":"Feature","geometry":{"type":"LineString","coordinates":[[139.858208,35.721604],[139.859203,35.723694]]},"properties":{"ward":"葛飾区","species":["ヤマモモ"],"count":11,"route":"5-C33","alias":"","manager":"葛飾区"}},{"type":"Feature","geometry":{"type":"LineString","coordinates":[[139.857195,35.719596],[139.858053,35.721307]]},"properties":{"ward":"葛飾区","species":["ヤマモモ"],"count":11,"route":"5-C40","alias":"","manager":"葛飾区"}},{"type":"Feature","geometry":{"type":"LineString","coordinates":[[139.870979,35.767171],[139.870559,35.768766]]},"properties":{"ward":"葛飾区","species":["ヤマモモ・マテバシイ"],"count":16,"route":"9-001","alias":"","manager":"葛飾区"}},{"type":"Feature","geometry":{"type":"LineString","coordinates":[[139.866164,35.761873],[139.866709,35.760636]]},"properties":{"ward":"葛飾区","species":["ヤマモモ"],"count":11,"route":"9-107","alias":"","manager":"葛飾区"}},{"type":"Feature","geometry":{"type":"LineString","coordinates":[[139.884429,35.77877],[139.885521,35.779277]]},"properties":{"ward":"葛飾区","species":["ヤマモモ"],"count":12,"route":"8-027","alias":"","manager":"葛飾区"}},{"type":"Feature","geometry":{"type":"LineString","coordinates":[[139.863318,35.751802],[139.863071,35.753328],[139.862705,35.754348]]},"properties":{"ward":"葛飾区","species":["ヤマモモ・イチョウ"],"count":15,"route":"9-105","alias":"","manager":"葛飾区"}},{"type":"Feature","geometry":{"type":"LineString","coordinates":[[139.828636,35.740977],[139.830111,35.739291]]},"properties":{"ward":"葛飾区","species":["ヤマモモ"],"count":14,"route":"2-A57","alias":"","manager":"葛飾区"}},{"type":"Feature","geometry":{"type":"LineString","coordinates":[[139.821385,35.749281],[139.822371,35.749491],[139.823193,35.74951]]},"properties":{"ward":"葛飾区","species":["ヤマモモ・ハナミズキ"],"count":20,"route":"2-A23","alias":"","manager":"葛飾区"}},{"type":"Feature","geometry":{"type":"LineString","coordinates":[[139.849743,35.740501],[139.849801,35.739924],[139.850465,35.737478]]},"properties":{"ward":"葛飾区","species":["ヤマモモ"],"count":19,"route":"3-C43","alias":"","manager":"葛飾区"}},{"type":"Feature","geometry":{"type":"LineString","coordinates":[[139.86078,35.763651],[139.862465,35.765518]]},"properties":{"ward":"葛飾区","species":["ヤマモモ"],"count":19,"route":"9-005","alias":"","manager":"葛飾区"}},{"type":"Feature","geometry":{"type":"LineString","coordinates":[[139.850978,35.739634],[139.851512,35.740778],[139.850716,35.741122],[139.850295,35.741202]]},"properties":{"ward":"葛飾区","species":["ヤマモモ"],"count":20,"route":"3-C17","alias":"","manager":"葛飾区"}},{"type":"Feature","geometry":{"type":"LineString","coordinates":[[139.861879,35.755179],[139.861121,35.756504],[139.860543,35.757771]]},"properties":{"ward":"葛飾区","species":["ヤマモモ・モッコク"],"count":21,"route":"9-130","alias":"","manager":"葛飾区"}},{"type":"Feature","geometry":{"type":"LineString","coordinates":[[139.827643,35.753761],[139.833659,35.754004]]},"properties":{"ward":"葛飾区","species":["ヤマモモ"],"count":32,"route":"01A32","alias":"","manager":"葛飾区"}},{"type":"Feature","geometry":{"type":"LineString","coordinates":[[139.848542,35.720267],[139.854953,35.721028]]},"properties":{"ward":"葛飾区","species":["ヤマモモ"],"count":32,"route":"6-C13","alias":"","manager":"葛飾区"}},{"type":"Feature","geometry":{"type":"LineString","coordinates":[[139.849865,35.721595],[139.853905,35.722085]]},"properties":{"ward":"葛飾区","species":["ヤマモモ"],"count":32,"route":"6-C14","alias":"","manager":"葛飾区"}},{"type":"Feature","geometry":{"type":"LineString","coordinates":[[139.859343,35.714297],[139.859782,35.714623]]},"properties":{"ward":"葛飾区","species":["ヤマモモ"],"count":32,"route":"6-C20","alias":"","manager":"葛飾区"}},{"type":"Feature","geometry":{"type":"LineString","coordinates":[[139.861147,35.714717],[139.862392,35.713572]]},"properties":{"ward":"葛飾区","species":["ヤマモモ"],"count":32,"route":"6-C20","alias":"","manager":"葛飾区"}},{"type":"Feature","geometry":{"type":"LineString","coordinates":[[139.861911,35.717883],[139.861437,35.71589]]},"properties":{"ward":"葛飾区","species":["ヤマモモ"],"count":32,"route":"6-C20","alias":"","manager":"葛飾区"}},{"type":"Feature","geometry":{"type":"LineString","coordinates":[[139.837993,35.753344],[139.837715,35.753479],[139.838348,35.754507],[139.838354,35.75492],[139.837777,35.754862],[139.837638,35.755053]]},"properties":{"ward":"葛飾区","species":["ヤマモモ"],"count":33,"route":"01A17","alias":"","manager":"葛飾区"}},{"type":"Feature","geometry":{"type":"LineString","coordinates":[[139.872968,35.737989],[139.877283,35.740319]]},"properties":{"ward":"葛飾区","species":["ヤマモモ"],"count":33,"route":"10-404","alias":"","manager":"葛飾区"}},{"type":"Feature","geometry":{"type":"LineString","coordinates":[[139.859803,35.760117],[139.860482,35.757943]]},"properties":{"ward":"葛飾区","species":["ヤマモモ"],"count":33,"route":"9-139","alias":"","manager":"葛飾区"}},{"type":"Feature","geometry":{"type":"LineString","coordinates":[[139.840585,35.745633],[139.841383,35.74544],[139.843469,35.744408]]},"properties":{"ward":"葛飾区","species":["ヤマモモ"],"count":34,"route":"2-B41","alias":"","manager":"葛飾区"}},{"type":"Feature","geometry":{"type":"LineString","coordinates":[[139.847658,35.742329],[139.843844,35.744226]]},"properties":{"ward":"葛飾区","species":["ヤマモモ"],"count":39,"route":"3-C41","alias":"","manager":"葛飾区"}},{"type":"Feature","geometry":{"type":"LineString","coordinates":[[139.870666,35.745423],[139.87095,35.748458]]},"properties":{"ward":"葛飾区","species":["ヤマモモ"],"count":54,"route":"10-308","alias":"","manager":"葛飾区"}},{"type":"Feature","geometry":{"type":"LineString","coordinates":[[139.833901,35.754029],[139.834826,35.754047],[139.83531,35.754158],[139.838187,35.755572],[139.843939,35.756897]]},"properties":{"ward":"葛飾区","species":["ヤマモモ"],"count":64,"route":"01A15","alias":"","manager":"葛飾区"}},{"type":"Feature","geometry":{"type":"LineString","coordinates":[[139.850291,35.719226],[139.85607,35.719895]]},"properties":{"ward":"葛飾区","species":["ヤマモモ"],"count":24,"route":"6-C12","alias":"","manager":"葛飾区"}},{"type":"Feature","geometry":{"type":"LineString","coordinates":[[139.85933,35.723916],[139.860334,35.726013],[139.862059,35.728818],[139.862918,35.730025],[139.864616,35.73286],[139.864689,35.733478]]},"properties":{"ward":"葛飾区","species":["ヤマモモ"],"count":140,"route":"5-C38","alias":"西井堀緑道","manager":"葛飾区"}},{"type":"Feature","geometry":{"type":"LineString","coordinates":[[139.836998,35.743503],[139.837353,35.743404],[139.837931,35.743416],[139.838759,35.743076]]},"properties":{"ward":"葛飾区","species":["ヤマモモ・イヌシデ"],"count":10,"route":"2-A36","alias":"","manager":"葛飾区"}},{"type":"Feature","geometry":{"type":"LineString","coordinates":[[139.87088,35.740539],[139.868757,35.742849],[139.867233,35.744864]]},"properties":{"ward":"葛飾区","species":["サルスベリ・シラカシほか"],"count":19,"route":"10-324","alias":"東用水せせらぎ通り","manager":"葛飾区"}},{"type":"Feature","geometry":{"type":"LineString","coordinates":[[139.855369,35.721075],[139.857919,35.721392]]},"properties":{"ward":"葛飾区","species":["ハナミズキ・ヤマモモ"],"count":11,"route":"5-C11","alias":"","manager":"葛飾区"}},{"type":"Feature","geometry":{"type":"LineString","coordinates":[[139.850112,35.741222],[139.849693,35.741169],[139.849655,35.741468]]},"properties":{"ward":"葛飾区","species":["ヤマモモ・マテバシイ"],"count":5,"route":"3-C93","alias":"","manager":"葛飾区"}},{"type":"Feature","geometry":{"type":"LineString","coordinates":[[139.841329,35.749617],[139.843918,35.757474]]},"properties":{"ward":"葛飾区","species":["コブシ・マテバシイほか"],"count":59,"route":"01A20","alias":"","manager":"葛飾区"}},{"type":"Feature","geometry":{"type":"LineString","coordinates":[[139.860057,35.768092],[139.860453,35.768122]]},"properties":{"ward":"葛飾区","species":["ユリノキ"],"count":5,"route":"9-002","alias":"","manager":"葛飾区"}},{"type":"Feature","geometry":{"type":"LineString","coordinates":[[139.866257,35.760404],[139.869105,35.76124]]},"properties":{"ward":"葛飾区","species":["ユリノキ・ハナミズキ"],"count":18,"route":"9-112","alias":"","manager":"葛飾区"}},{"type":"Feature","geometry":{"type":"LineString","coordinates":[[139.86917,35.761257],[139.870731,35.761722],[139.871418,35.762205],[139.873232,35.762941]]},"properties":{"ward":"葛飾区","species":["ユリノキ・サルスベリ"],"count":18,"route":"9-113","alias":"ときわ花小路","manager":"葛飾区"}},{"type":"Feature","geometry":{"type":"LineString","coordinates":[[139.87317,35.745599],[139.873708,35.745895],[139.874425,35.745815],[139.87439,35.746663]]},"properties":{"ward":"葛飾区","species":["ユリノキ・コブシ"],"count":26,"route":"10-312","alias":"","manager":"葛飾区"}},{"type":"Feature","geometry":{"type":"LineString","coordinates":[[139.87363,35.759963],[139.874281,35.759809]]},"properties":{"ward":"葛飾区","species":["マテバシイ・ユリノキ"],"count":9,"route":"9-121","alias":"","manager":"葛飾区"}},{"type":"Feature","geometry":{"type":"LineString","coordinates":[[139.873389,35.759113],[139.873397,35.759423]]},"properties":{"ward":"葛飾区","species":["マテバシイ・ユリノキ"],"count":9,"route":"9-121","alias":"","manager":"葛飾区"}},{"type":"Feature","geometry":{"type":"LineString","coordinates":[[139.879445,35.7683],[139.875262,35.768483],[139.874048,35.768363],[139.873079,35.76799],[139.870639,35.766725],[139.867775,35.765108]]},"properties":{"ward":"葛飾区","species":["ハナミズキ"],"count":null,"route":"国道6号線","alias":"","manager":"国"}},{"type":"Feature","geometry":{"type":"LineString","coordinates":[[139.867734,35.765037],[139.858139,35.759509]]},"properties":{"ward":"葛飾区","species":["プラタナス類"],"count":null,"route":"国道6号線","alias":"","manager":"国"}},{"type":"Feature","geometry":{"type":"LineString","coordinates":[[139.854536,35.757381],[139.85398,35.756818],[139.849033,35.751026],[139.845175,35.74601],[139.840364,35.740902],[139.83767,35.738412],[139.836132,35.73714]]},"properties":{"ward":"葛飾区","species":["トウカエデ"],"count":null,"route":"国道6号線","alias":"","manager":"国"}},{"type":"Feature","geometry":{"type":"LineString","coordinates":[[139.835713,35.736784],[139.832118,35.73424]]},"properties":{"ward":"葛飾区","species":["プラタナス類"],"count":null,"route":"国道6号線","alias":"","manager":"国"}},{"type":"Feature","geometry":{"type":"LineString","coordinates":[[139.869728,35.745272],[139.867783,35.74424]]},"properties":{"ward":"葛飾区","species":["ハナミズキ"],"count":12,"route":"10-315","alias":"","manager":"葛飾区"}},{"type":"Feature","geometry":{"type":"LineString","coordinates":[[139.829977,35.746181],[139.829283,35.746188],[139.826839,35.746805]]},"properties":{"ward":"葛飾区","species":["モッコク・サルスベリ"],"count":28,"route":"2-A66","alias":"","manager":"葛飾区"}},{"type":"Feature","geometry":{"type":"LineString","coordinates":[[139.848239,35.749456],[139.850205,35.750607],[139.850559,35.750686],[139.852186,35.751598]]},"properties":{"ward":"葛飾区","species":["ヤマモモ"],"count":26,"route":"3-C05","alias":"","manager":"葛飾区"}},{"type":"Feature","geometry":{"type":"LineString","coordinates":[[139.852449,35.734263],[139.852511,35.734109]]},"properties":{"ward":"葛飾区","species":["ハナミズキ"],"count":1,"route":"4-B104","alias":"","manager":"葛飾区"}},{"type":"Feature","geometry":{"type":"LineString","coordinates":[[139.842179,35.723783],[139.841581,35.724487]]},"properties":{"ward":"葛飾区","species":["ケヤキ・クスノキほか"],"count":63,"route":"4-B環01","alias":"","manager":"葛飾区"}},{"type":"Feature","geometry":{"type":"LineString","coordinates":[[139.841506,35.724642],[139.841394,35.724772]]},"properties":{"ward":"葛飾区","species":["クスノキ・サルスベリほか"],"count":10,"route":"4-B環02","alias":"","manager":"葛飾区"}},{"type":"Feature","geometry":{"type":"LineString","coordinates":[[139.838953,35.726992],[139.838885,35.727092]]},"properties":{"ward":"葛飾区","species":["ヤマモモ・アラカシほか"],"count":11,"route":"4-B環09","alias":"","manager":"葛飾区"}},{"type":"Feature","geometry":{"type":"LineString","coordinates":[[139.838849,35.727108],[139.83863,35.72731]]},"properties":{"ward":"葛飾区","species":["ヤマモモ・ケヤキほか"],"count":25,"route":"4-B環10","alias":"","manager":"葛飾区"}},{"type":"Feature","geometry":{"type":"LineString","coordinates":[[139.838553,35.72742],[139.838235,35.727734]]},"properties":{"ward":"葛飾区","species":["ハナミズキ"],"count":5,"route":"4-B環11","alias":"","manager":"葛飾区"}},{"type":"Feature","geometry":{"type":"LineString","coordinates":[[139.837906,35.728028],[139.837001,35.728854]]},"properties":{"ward":"葛飾区","species":["ケヤキ・ヤマモモほか"],"count":36,"route":"4-B環12","alias":"","manager":"葛飾区"}},{"type":"Feature","geometry":{"type":"LineString","coordinates":[[139.837234,35.728796],[139.837073,35.728907]]},"properties":{"ward":"葛飾区","species":["サルスベリ・ハナミズキ"],"count":3,"route":"4-B環13","alias":"","manager":"葛飾区"}},{"type":"Feature","geometry":{"type":"LineString","coordinates":[[139.837206,35.728855],[139.837113,35.728945]]},"properties":{"ward":"葛飾区","species":["サルスベリ"],"count":3,"route":"4-B環14","alias":"","manager":"葛飾区"}},{"type":"Feature","geometry":{"type":"LineString","coordinates":[[139.837048,35.728983],[139.836996,35.72905]]},"properties":{"ward":"葛飾区","species":["アラカシ・ヤマモモ"],"count":3,"route":"4-B環15","alias":"","manager":"葛飾区"}},{"type":"Feature","geometry":{"type":"LineString","coordinates":[[139.836943,35.728993],[139.836887,35.729098]]},"properties":{"ward":"葛飾区","species":["サルスベリ・アラカシ"],"count":2,"route":"4-B環17","alias":"","manager":"葛飾区"}},{"type":"Feature","geometry":{"type":"LineString","coordinates":[[139.836886,35.729156],[139.836705,35.729324]]},"properties":{"ward":"葛飾区","species":["サルスベリ・アラカシほか"],"count":5,"route":"4-B環18","alias":"","manager":"葛飾区"}},{"type":"Feature","geometry":{"type":"LineString","coordinates":[[139.858558,35.771462],[139.858257,35.771736]]},"properties":{"ward":"葛飾区","species":["サクラ"],"count":3,"route":"7-025","alias":"","manager":"葛飾区"}},{"type":"Feature","geometry":{"type":"LineString","coordinates":[[139.892659,35.737692],[139.892684,35.737199]]},"properties":{"ward":"江戸川区","species":["アオギリ"],"count":5,"route":"41","alias":"","manager":"江戸川区"}},{"type":"Feature","geometry":{"type":"LineString","coordinates":[[139.872788,35.641812],[139.875934,35.642868],[139.87608,35.64296],[139.875974,35.643184],[139.876095,35.643367],[139.877947,35.643941],[139.881716,35.645582],[139.882499,35.646429],[139.882677,35.646733],[139.883169,35.648776],[139.883514,35.649806]]},"properties":{"ward":"江戸川区","species":["アオギリ","ヤマモモ"],"count":215,"route":"36","alias":"","manager":"江戸川区"}},{"type":"Feature","geometry":{"type":"LineString","coordinates":[[139.872001,35.641946],[139.869148,35.644141],[139.869162,35.64422],[139.87144,35.645217],[139.871931,35.64551],[139.87198,35.645869],[139.871758,35.647175]]},"properties":{"ward":"江戸川区","species":["アオギリ","ヤマモモ"],"count":215,"route":"36","alias":"","manager":"江戸川区"}},{"type":"Feature","geometry":{"type":"LineString","coordinates":[[139.863104,35.653654],[139.863311,35.653661]]},"properties":{"ward":"江戸川区","species":["アキニレ","アカメガシワ"],"count":4,"route":"34","alias":"","manager":"江戸川区"}},{"type":"Feature","geometry":{"type":"LineString","coordinates":[[139.882024,35.700341],[139.883797,35.701671]]},"properties":{"ward":"江戸川区","species":["アキニレ","サルスベリ"],"count":19,"route":"36","alias":"","manager":"江戸川区"}},{"type":"Feature","geometry":{"type":"LineString","coordinates":[[139.864021,35.673551],[139.86484,35.67285],[139.867001,35.671819]]},"properties":{"ward":"江戸川区","species":["アキニレ","ヤマボウシ"],"count":47,"route":"26","alias":"","manager":"江戸川区"}},{"type":"Feature","geometry":{"type":"LineString","coordinates":[[139.878081,35.669481],[139.878398,35.66999],[139.87892,35.672801]]},"properties":{"ward":"江戸川区","species":["アキニレ","ヤマボウシほか"],"count":23,"route":"54","alias":"","manager":"江戸川区"}},{"type":"Feature","geometry":{"type":"LineString","coordinates":[[139.855374,35.660298],[139.856974,35.659649],[139.857068,35.659468]]},"properties":{"ward":"江戸川区","species":["アンズ","クスノキほか"],"count":250,"route":"05","alias":"","manager":"江戸川区"}},{"type":"Feature","geometry":{"type":"LineString","coordinates":[[139.836061,35.714958],[139.836326,35.71438]]},"properties":{"ward":"江戸川区","species":["イチョウ"],"count":10,"route":"04","alias":"","manager":"江戸川区"}},{"type":"Feature","geometry":{"type":"LineString","coordinates":[[139.895289,35.703477],[139.895314,35.703073]]},"properties":{"ward":"江戸川区","species":["イチョウ"],"count":10,"route":"25","alias":"","manager":"江戸川区"}},{"type":"Feature","geometry":{"type":"LineString","coordinates":[[139.875331,35.705101],[139.875918,35.705126],[139.877141,35.704797],[139.877928,35.704737]]},"properties":{"ward":"江戸川区","species":["イチョウ"],"count":16,"route":"45","alias":"","manager":"江戸川区"}},{"type":"Feature","geometry":{"type":"LineString","coordinates":[[139.867875,35.69513],[139.868529,35.695119]]},"properties":{"ward":"江戸川区","species":["イチョウ"],"count":21,"route":"20","alias":"","manager":"江戸川区"}},{"type":"Feature","geometry":{"type":"LineString","coordinates":[[139.871815,35.726055],[139.872712,35.726697]]},"properties":{"ward":"江戸川区","species":["イチョウ"],"count":27,"route":"03","alias":"","manager":"江戸川区"}},{"type":"Feature","geometry":{"type":"LineString","coordinates":[[139.884866,35.660091],[139.885788,35.660114],[139.885867,35.659866]]},"properties":{"ward":"江戸川区","species":["イチョウ"],"count":27,"route":"16","alias":"","manager":"江戸川区"}},{"type":"Feature","geometry":{"type":"LineString","coordinates":[[139.868066,35.704227],[139.868384,35.704361],[139.870987,35.704235]]},"properties":{"ward":"江戸川区","species":["イチョウ"],"count":40,"route":"50","alias":"","manager":"江戸川区"}},{"type":"Feature","geometry":{"type":"LineString","coordinates":[[139.835593,35.704891],[139.835898,35.705646],[139.836232,35.706159],[139.837633,35.707734]]},"properties":{"ward":"江戸川区","species":["イチョウ"],"count":44,"route":"09","alias":"","manager":"江戸川区"}},{"type":"Feature","geometry":{"type":"LineString","coordinates":[[139.872945,35.686744],[139.87225,35.687732],[139.872087,35.688258],[139.871789,35.690346]]},"properties":{"ward":"江戸川区","species":["イチョウ"],"count":46,"route":"33","alias":"","manager":"江戸川区"}},{"type":"Feature","geometry":{"type":"LineString","coordinates":[[139.867141,35.67888],[139.869677,35.684467]]},"properties":{"ward":"江戸川区","species":["イチョウ"],"count":58,"route":"28","alias":"","manager":"江戸川区"}},{"type":"Feature","geometry":{"type":"LineString","coordinates":[[139.864589,35.707483],[139.864764,35.707527]]},"properties":{"ward":"江戸川区","species":["イチョウ"],"count":61,"route":"63","alias":"","manager":"江戸川区"}},{"type":"Feature","geometry":{"type":"LineString","coordinates":[[139.85951,35.70624],[139.863161,35.707193]]},"properties":{"ward":"江戸川区","species":["イチョウ"],"count":61,"route":"63","alias":"","manager":"江戸川区"}},{"type":"Feature","geometry":{"type":"LineString","coordinates":[[139.866724,35.680591],[139.867533,35.679999]]},"properties":{"ward":"江戸川区","species":["イチョウ"],"count":77,"route":"27","alias":"","manager":"江戸川区"}},{"type":"Feature","geometry":{"type":"LineString","coordinates":[[139.865654,35.679862],[139.868529,35.682251]]},"properties":{"ward":"江戸川区","species":["イチョウ"],"count":77,"route":"27","alias":"","manager":"江戸川区"}},{"type":"Feature","geometry":{"type":"LineString","coordinates":[[139.864553,35.684888],[139.869022,35.683286]]},"properties":{"ward":"江戸川区","species":["イチョウ"],"count":84,"route":"15","alias":"","manager":"江戸川区"}},{"type":"Feature","geometry":{"type":"LineString","coordinates":[[139.855247,35.654726],[139.855342,35.656389],[139.85694,35.656341],[139.857533,35.656466]]},"properties":{"ward":"江戸川区","species":["イチョウ"],"count":95,"route":"11","alias":"","manager":"江戸川区"}},{"type":"Feature","geometry":{"type":"LineString","coordinates":[[139.890862,35.693876],[139.890364,35.695416],[139.890279,35.695899],[139.890564,35.697754],[139.890194,35.701852]]},"properties":{"ward":"江戸川区","species":["イチョウ"],"count":155,"route":"02","alias":"","manager":"江戸川区"}},{"type":"Feature","geometry":{"type":"LineString","coordinates":[[139.883543,35.672586],[139.883665,35.672572]]},"properties":{"ward":"江戸川区","species":["イチョウ","アキニレ"],"count":3,"route":"01","alias":"","manager":"江戸川区"}},{"type":"Feature","geometry":{"type":"LineString","coordinates":[[139.871487,35.678518],[139.864238,35.684347]]},"properties":{"ward":"江戸川区","species":["イチョウ","カツラ"],"count":94,"route":"19","alias":"","manager":"江戸川区"}},{"type":"Feature","geometry":{"type":"LineString","coordinates":[[139.87173,35.647965],[139.871841,35.648224]]},"properties":{"ward":"江戸川区","species":["イチョウ","キウイフルーツほか"],"count":9,"route":"32","alias":"","manager":"江戸川区"}},{"type":"Feature","geometry":{"type":"LineString","coordinates":[[139.869049,35.707178],[139.873717,35.706951]]},"properties":{"ward":"江戸川区","species":["イチョウ","キンモクセイほか"],"count":114,"route":"49","alias":"","manager":"江戸川区"}},{"type":"Feature","geometry":{"type":"LineString","coordinates":[[139.875842,35.671486],[139.881034,35.670843]]},"properties":{"ward":"江戸川区","species":["イチョウ","クスノキ"],"count":43,"route":"43","alias":"","manager":"江戸川区"}},{"type":"Feature","geometry":{"type":"LineString","coordinates":[[139.851215,35.650855],[139.85586,35.65056]]},"properties":{"ward":"江戸川区","species":["イチョウ","クスノキほか"],"count":84,"route":"16","alias":"","manager":"江戸川区"}},{"type":"Feature","geometry":{"type":"LineString","coordinates":[[139.908424,35.704853],[139.909639,35.702498],[139.909577,35.701985],[139.907918,35.699379]]},"properties":{"ward":"江戸川区","species":["イチョウ","クスノキほか"],"count":153,"route":"10","alias":"","manager":"江戸川区"}},{"type":"Feature","geometry":{"type":"LineString","coordinates":[[139.902414,35.695112],[139.907081,35.698197],[139.907861,35.699325]]},"properties":{"ward":"江戸川区","species":["イチョウ","クスノキほか"],"count":153,"route":"10","alias":"","manager":"江戸川区"}},{"type":"Feature","geometry":{"type":"LineString","coordinates":[[139.870231,35.727621],[139.870483,35.726383]]},"properties":{"ward":"江戸川区","species":["イチョウ","サクラ・ソメイヨシノ"],"count":13,"route":"01","alias":"","manager":"江戸川区"}},{"type":"Feature","geometry":{"type":"LineString","coordinates":[[139.886639,35.702398],[139.886997,35.705161],[139.887416,35.706168]]},"properties":{"ward":"江戸川区","species":["イチョウ","サクラ・ヨウコウ"],"count":56,"route":"17","alias":"","manager":"江戸川区"}},{"type":"Feature","geometry":{"type":"LineString","coordinates":[[139.846122,35.698997],[139.846899,35.698686]]},"properties":{"ward":"江戸川区","species":["イチョウ","トウネズミモチほか"],"count":83,"route":"10","alias":"","manager":"江戸川区"}},{"type":"Feature","geometry":{"type":"LineString","coordinates":[[139.841239,35.701916],[139.840055,35.702808],[139.839329,35.703256],[139.837518,35.704171]]},"properties":{"ward":"江戸川区","species":["イチョウ","トウネズミモチほか"],"count":83,"route":"10","alias":"","manager":"江戸川区"}},{"type":"Feature","geometry":{"type":"LineString","coordinates":[[139.888175,35.683436],[139.893863,35.688056]]},"properties":{"ward":"江戸川区","species":["イチョウ","ナツツバキほか"],"count":149,"route":"23","alias":"","manager":"江戸川区"}},{"type":"Feature","geometry":{"type":"LineString","coordinates":[[139.86635,35.694053],[139.866775,35.69381],[139.866974,35.693558]]},"properties":{"ward":"江戸川区","species":["イチョウ","ハナミズキ"],"count":26,"route":"13","alias":"","manager":"江戸川区"}},{"type":"Feature","geometry":{"type":"LineString","coordinates":[[139.863628,35.695034],[139.865091,35.694681]]},"properties":{"ward":"江戸川区","species":["イチョウ","ハナミズキ"],"count":26,"route":"13","alias":"","manager":"江戸川区"}},{"type":"Feature","geometry":{"type":"LineString","coordinates":[[139.871678,35.673955],[139.872105,35.672023],[139.872148,35.671173],[139.871576,35.668131]]},"properties":{"ward":"江戸川区","species":["イチョウ","ビワノキほか"],"count":122,"route":"32","alias":"","manager":"江戸川区"}},{"type":"Feature","geometry":{"type":"LineString","coordinates":[[139.882366,35.669559],[139.882779,35.669669]]},"properties":{"ward":"江戸川区","species":["イチョウ","マテバシイ"],"count":65,"route":"48","alias":"","manager":"江戸川区"}},{"type":"Feature","geometry":{"type":"LineString","coordinates":[[139.880502,35.668688],[139.881535,35.669101]]},"properties":{"ward":"江戸川区","species":["イチョウ","マテバシイ"],"count":65,"route":"48","alias":"","manager":"江戸川区"}},{"type":"Feature","geometry":{"type":"LineString","coordinates":[[139.874636,35.667616],[139.876986,35.668597],[139.877542,35.66867],[139.878629,35.668413]]},"properties":{"ward":"江戸川区","species":["イチョウ","マテバシイ"],"count":65,"route":"48","alias":"","manager":"江戸川区"}},{"type":"Feature","geometry":{"type":"LineString","coordinates":[[139.874667,35.694633],[139.877443,35.698126]]},"properties":{"ward":"江戸川区","species":["イチョウ","マテバシイほか"],"count":66,"route":"06","alias":"","manager":"江戸川区"}},{"type":"Feature","geometry":{"type":"LineString","coordinates":[[139.879701,35.702505],[139.879864,35.70218],[139.879817,35.701483],[139.879433,35.698604],[139.878979,35.697893],[139.878689,35.697594]]},"properties":{"ward":"江戸川区","species":["イチョウ","モミジバフウほか"],"count":99,"route":"07","alias":"","manager":"江戸川区"}},{"type":"Feature","geometry":{"type":"LineString","coordinates":[[139.878353,35.697247],[139.875803,35.693982]]},"properties":{"ward":"江戸川区","species":["イチョウ","モミジバフウほか"],"count":99,"route":"07","alias":"","manager":"江戸川区"}},{"type":"Feature","geometry":{"type":"LineString","coordinates":[[139.872711,35.694147],[139.872243,35.692685],[139.87183,35.690658],[139.870665,35.686609],[139.869885,35.684897]]},"properties":{"ward":"江戸川区","species":["イチョウ","ヤマモモほか"],"count":119,"route":"31","alias":"","manager":"江戸川区"}},{"type":"Feature","geometry":{"type":"LineString","coordinates":[[139.876869,35.702739],[139.876682,35.699375],[139.875697,35.69814]]},"properties":{"ward":"江戸川区","species":["イチョウ","ユリノキほか"],"count":163,"route":"04","alias":"","manager":"江戸川区"}},{"type":"Feature","geometry":{"type":"LineString","coordinates":[[139.890364,35.744318],[139.890377,35.744239]]},"properties":{"ward":"江戸川区","species":["イロハモミジ"],"count":1,"route":"13","alias":"","manager":"江戸川区"}},{"type":"Feature","geometry":{"type":"LineString","coordinates":[[139.860519,35.672211],[139.860582,35.672159]]},"properties":{"ward":"江戸川区","species":["イロハモミジ"],"count":1,"route":"23","alias":"","manager":"江戸川区"}},{"type":"Feature","geometry":{"type":"LineString","coordinates":[[139.893255,35.743404],[139.893413,35.742861]]},"properties":{"ward":"江戸川区","species":["イロハモミジ"],"count":19,"route":"16","alias":"","manager":"江戸川区"}},{"type":"Feature","geometry":{"type":"LineString","coordinates":[[139.893924,35.741128],[139.893627,35.742149]]},"properties":{"ward":"江戸川区","species":["イロハモミジ"],"count":19,"route":"16","alias":"","manager":"江戸川区"}},{"type":"Feature","geometry":{"type":"LineString","coordinates":[[139.899372,35.711032],[139.903768,35.711299],[139.903732,35.711622]]},"properties":{"ward":"江戸川区","species":["イロハモミジ"],"count":71,"route":"17","alias":"","manager":"江戸川区"}},{"type":"Feature","geometry":{"type":"LineString","coordinates":[[139.888235,35.741726],[139.888714,35.741773]]},"properties":{"ward":"江戸川区","species":["イロハモミジ","カキほか"],"count":27,"route":"19","alias":"","manager":"江戸川区"}},{"type":"Feature","geometry":{"type":"LineString","coordinates":[[139.885312,35.741425],[139.885435,35.741439]]},"properties":{"ward":"江戸川区","species":["イロハモミジ","カキほか"],"count":27,"route":"19","alias":"","manager":"江戸川区"}},{"type":"Feature","geometry":{"type":"LineString","coordinates":[[139.85794,35.651664],[139.859476,35.651581]]},"properties":{"ward":"江戸川区","species":["イロハモミジ","クスノキほか"],"count":33,"route":"21","alias":"","manager":"江戸川区"}},{"type":"Feature","geometry":{"type":"LineString","coordinates":[[139.893561,35.742535],[139.893862,35.742589]]},"properties":{"ward":"江戸川区","species":["イロハモミジ","サルスベリほか"],"count":12,"route":"20","alias":"","manager":"江戸川区"}},{"type":"Feature","geometry":{"type":"LineString","coordinates":[[139.891852,35.742203],[139.892819,35.742384]]},"properties":{"ward":"江戸川区","species":["イロハモミジ","サルスベリほか"],"count":12,"route":"20","alias":"","manager":"江戸川区"}},{"type":"Feature","geometry":{"type":"LineString","coordinates":[[139.89055,35.742062],[139.890773,35.742097]]},"properties":{"ward":"江戸川区","species":["イロハモミジ","サルスベリほか"],"count":12,"route":"20","alias":"","manager":"江戸川区"}},{"type":"Feature","geometry":{"type":"LineString","coordinates":[[139.888944,35.741808],[139.889616,35.74193]]},"properties":{"ward":"江戸川区","species":["イロハモミジ","サルスベリほか"],"count":12,"route":"20","alias":"","manager":"江戸川区"}},{"type":"Feature","geometry":{"type":"LineString","coordinates":[[139.904552,35.705662],[139.909249,35.707281],[139.909709,35.707551]]},"properties":{"ward":"江戸川区","species":["イロハモミジ","ヒヨクヒバほか"],"count":6,"route":"21","alias":"","manager":"江戸川区"}},{"type":"Feature","geometry":{"type":"LineString","coordinates":[[139.895569,35.71016],[139.896098,35.710095]]},"properties":{"ward":"江戸川区","species":["イロハモミジ","ヒヨクヒバほか"],"count":6,"route":"21","alias":"","manager":"江戸川区"}},{"type":"Feature","geometry":{"type":"LineString","coordinates":[[139.88193,35.663391],[139.882586,35.665957]]},"properties":{"ward":"江戸川区","species":["イロハモミジ","ヤマボウシほか"],"count":24,"route":"05","alias":"","manager":"江戸川区"}},{"type":"Feature","geometry":{"type":"LineString","coordinates":[[139.903299,35.694601],[139.90405,35.694954],[139.905542,35.696053],[139.906827,35.697376]]},"properties":{"ward":"江戸川区","species":["ウバメガシ"],"count":39,"route":"11","alias":"","manager":"江戸川区"}},{"type":"Feature","geometry":{"type":"LineString","coordinates":[[139.875534,35.729778],[139.875532,35.729751]]},"properties":{"ward":"江戸川区","species":["ウメ","シラカシ"],"count":7,"route":"05","alias":"","manager":"江戸川区"}},{"type":"Feature","geometry":{"type":"LineString","coordinates":[[139.875467,35.729587],[139.875411,35.72971]]},"properties":{"ward":"江戸川区","species":["ウメ","シラカシ"],"count":7,"route":"05","alias":"","manager":"江戸川区"}},{"type":"Feature","geometry":{"type":"LineString","coordinates":[[139.877281,35.703278],[139.877981,35.704633]]},"properties":{"ward":"江戸川区","species":["エノキ"],"count":1,"route":"38","alias":"","manager":"江戸川区"}},{"type":"Feature","geometry":{"type":"LineString","coordinates":[[139.847108,35.68485],[139.848063,35.684873]]},"properties":{"ward":"江戸川区","species":["エンジュ"],"count":12,"route":"26","alias":"","manager":"江戸川区"}},{"type":"Feature","geometry":{"type":"LineString","coordinates":[[139.871213,35.713013],[139.869561,35.713968],[139.869312,35.714361],[139.869372,35.717618],[139.869359,35.718011],[139.869241,35.718296],[139.868964,35.718666],[139.868606,35.718922],[139.86709,35.7196]]},"properties":{"ward":"江戸川区","species":["エンジュ","イチョウ"],"count":119,"route":"14","alias":"","manager":"江戸川区"}},{"type":"Feature","geometry":{"type":"LineString","coordinates":[[139.905185,35.704268],[139.903677,35.707101],[139.90347,35.707651],[139.90314,35.709195]]},"properties":{"ward":"江戸川区","species":["エンジュ","カツラ"],"count":77,"route":"41","alias":"","manager":"江戸川区"}},{"type":"Feature","geometry":{"type":"LineString","coordinates":[[139.862553,35.65028],[139.859581,35.651592],[139.859731,35.653136]]},"properties":{"ward":"江戸川区","species":["エンジュ","クスノキほか"],"count":94,"route":"22","alias":"","manager":"江戸川区"}},{"type":"Feature","geometry":{"type":"LineString","coordinates":[[139.848239,35.684948],[139.851125,35.689049],[139.85175,35.690124],[139.852409,35.691559]]},"properties":{"ward":"江戸川区","species":["エンジュ","サクラ・ソメイヨシノほか"],"count":78,"route":"27","alias":"","manager":"江戸川区"}},{"type":"Feature","geometry":{"type":"LineString","coordinates":[[139.848039,35.695477],[139.850944,35.697531],[139.851546,35.697847],[139.852432,35.698118],[139.853226,35.698245]]},"properties":{"ward":"江戸川区","species":["エンジュ","ナシほか"],"count":18,"route":"12","alias":"","manager":"江戸川区"}},{"type":"Feature","geometry":{"type":"LineString","coordinates":[[139.899651,35.710238],[139.903804,35.710454]]},"properties":{"ward":"江戸川区","species":["エンジュ","ハナミズキほか"],"count":26,"route":"18","alias":"","manager":"江戸川区"}},{"type":"Feature","geometry":{"type":"LineString","coordinates":[[139.897676,35.702588],[139.900125,35.703232],[139.903798,35.704485]]},"properties":{"ward":"江戸川区","species":["エンジュ","ホルトノキ"],"count":46,"route":"36","alias":"","manager":"江戸川区"}},{"type":"Feature","geometry":{"type":"LineString","coordinates":[[139.902978,35.704305],[139.902355,35.705678]]},"properties":{"ward":"江戸川区","species":["カツラ","クロガネモチ"],"count":16,"route":"38","alias":"","manager":"江戸川区"}},{"type":"Feature","geometry":{"type":"LineString","coordinates":[[139.899495,35.704919],[139.90152,35.705454],[139.903087,35.706001],[139.90394,35.706399]]},"properties":{"ward":"江戸川区","species":["カツラ","クロガネモチほか"],"count":53,"route":"34","alias":"","manager":"江戸川区"}},{"type":"Feature","geometry":{"type":"LineString","coordinates":[[139.88201,35.69948],[139.884879,35.69605],[139.884826,35.694074],[139.88448,35.693107]]},"properties":{"ward":"江戸川区","species":["カツラ","マテバシイほか"],"count":76,"route":"37","alias":"","manager":"江戸川区"}},{"type":"Feature","geometry":{"type":"LineString","coordinates":[[139.913134,35.698037],[139.913668,35.697744]]},"properties":{"ward":"江戸川区","species":["カツラ","ヤマボウシほか"],"count":11,"route":"27","alias":"","manager":"江戸川区"}},{"type":"Feature","geometry":{"type":"LineString","coordinates":[[139.902206,35.695066],[139.90109,35.69586]]},"properties":{"ward":"江戸川区","species":["カリン","サクラ・ソメイヨシノほか"],"count":30,"route":"39","alias":"","manager":"江戸川区"}},{"type":"Feature","geometry":{"type":"LineString","coordinates":[[139.899557,35.69754],[139.897489,35.701162]]},"properties":{"ward":"江戸川区","species":["カリン","サクラ・ソメイヨシノほか"],"count":30,"route":"39","alias":"","manager":"江戸川区"}},{"type":"Feature","geometry":{"type":"LineString","coordinates":[[139.882889,35.671758],[139.882857,35.671834]]},"properties":{"ward":"江戸川区","species":["カリン","サルスベリほか"],"count":7,"route":"40","alias":"","manager":"江戸川区"}},{"type":"Feature","geometry":{"type":"LineString","coordinates":[[139.882156,35.672103],[139.882253,35.672112]]},"properties":{"ward":"江戸川区","species":["カリン","サルスベリほか"],"count":7,"route":"40","alias":"","manager":"江戸川区"}},{"type":"Feature","geometry":{"type":"LineString","coordinates":[[139.876977,35.697396],[139.877984,35.696876]]},"properties":{"ward":"江戸川区","species":["キンモクセイ"],"count":17,"route":"24","alias":"","manager":"江戸川区"}},{"type":"Feature","geometry":{"type":"LineString","coordinates":[[139.858745,35.710486],[139.859559,35.713325]]},"properties":{"ward":"江戸川区","species":["キンモクセイ","モッコクほか"],"count":128,"route":"59","alias":"","manager":"江戸川区"}},{"type":"Feature","geometry":{"type":"LineString","coordinates":[[139.869779,35.710947],[139.870114,35.71133],[139.870086,35.710508]]},"properties":{"ward":"江戸川区","species":["クスノキ"],"count":6,"route":"47","alias":"","manager":"江戸川区"}},{"type":"Feature","geometry":{"type":"LineString","coordinates":[[139.840157,35.711083],[139.840634,35.71168]]},"properties":{"ward":"江戸川区","species":["クスノキ"],"count":8,"route":"06","alias":"","manager":"江戸川区"}},{"type":"Feature","geometry":{"type":"LineString","coordinates":[[139.864405,35.683278],[139.864872,35.683662]]},"properties":{"ward":"江戸川区","species":["クスノキ"],"count":8,"route":"21","alias":"","manager":"江戸川区"}},{"type":"Feature","geometry":{"type":"LineString","coordinates":[[139.859278,35.709814],[139.860068,35.709676]]},"properties":{"ward":"江戸川区","species":["クスノキ"],"count":8,"route":"60","alias":"","manager":"江戸川区"}},{"type":"Feature","geometry":{"type":"LineString","coordinates":[[139.87482,35.706174],[139.874645,35.706183]]},"properties":{"ward":"江戸川区","species":["クスノキ"],"count":10,"route":"46","alias":"","manager":"江戸川区"}},{"type":"Feature","geometry":{"type":"LineString","coordinates":[[139.87094,35.706346],[139.871961,35.706295]]},"properties":{"ward":"江戸川区","species":["クスノキ"],"count":10,"route":"46","alias":"","manager":"江戸川区"}},{"type":"Feature","geometry":{"type":"LineString","coordinates":[[139.867319,35.668805],[139.867618,35.670147]]},"properties":{"ward":"江戸川区","species":["クスノキ"],"count":11,"route":"33","alias":"","manager":"江戸川区"}},{"type":"Feature","geometry":{"type":"LineString","coordinates":[[139.839184,35.705699],[139.840451,35.705539]]},"properties":{"ward":"江戸川区","species":["クスノキ"],"count":12,"route":"01","alias":"","manager":"江戸川区"}},{"type":"Feature","geometry":{"type":"LineString","coordinates":[[139.8762,35.669649],[139.877112,35.669532]]},"properties":{"ward":"江戸川区","species":["クスノキ"],"count":12,"route":"46","alias":"","manager":"江戸川区"}},{"type":"Feature","geometry":{"type":"LineString","coordinates":[[139.874326,35.698792],[139.875508,35.698161]]},"properties":{"ward":"江戸川区","species":["クスノキ"],"count":14,"route":"19","alias":"","manager":"江戸川区"}},{"type":"Feature","geometry":{"type":"LineString","coordinates":[[139.856407,35.711274],[139.857159,35.710445]]},"properties":{"ward":"江戸川区","species":["クスノキ"],"count":14,"route":"61","alias":"","manager":"江戸川区"}},{"type":"Feature","geometry":{"type":"LineString","coordinates":[[139.87137,35.723414],[139.873006,35.723688]]},"properties":{"ward":"江戸川区","species":["クスノキ"],"count":15,"route":"11","alias":"","manager":"江戸川区"}},{"type":"Feature","geometry":{"type":"LineString","coordinates":[[139.892179,35.720842],[139.893998,35.720908]]},"properties":{"ward":"江戸川区","species":["クスノキ"],"count":16,"route":"44","alias":"","manager":"江戸川区"}},{"type":"Feature","geometry":{"type":"LineString","coordinates":[[139.862801,35.685495],[139.864122,35.685029]]},"properties":{"ward":"江戸川区","species":["クスノキ"],"count":20,"route":"06","alias":"","manager":"江戸川区"}},{"type":"Feature","geometry":{"type":"LineString","coordinates":[[139.880144,35.709778],[139.881085,35.70981]]},"properties":{"ward":"江戸川区","species":["クスノキ"],"count":23,"route":"33","alias":"","manager":"江戸川区"}},{"type":"Feature","geometry":{"type":"LineString","coordinates":[[139.885738,35.738666],[139.886181,35.740369]]},"properties":{"ward":"江戸川区","species":["クスノキ"],"count":23,"route":"35","alias":"","manager":"江戸川区"}},{"type":"Feature","geometry":{"type":"LineString","coordinates":[[139.846527,35.706883],[139.849541,35.705623]]},"properties":{"ward":"江戸川区","species":["クスノキ"],"count":24,"route":"06","alias":"","manager":"江戸川区"}},{"type":"Feature","geometry":{"type":"LineString","coordinates":[[139.892619,35.724609],[139.893102,35.724658],[139.892911,35.725993]]},"properties":{"ward":"江戸川区","species":["クスノキ"],"count":25,"route":"35","alias":"","manager":"江戸川区"}},{"type":"Feature","geometry":{"type":"LineString","coordinates":[[139.877197,35.669264],[139.877656,35.671822]]},"properties":{"ward":"江戸川区","species":["クスノキ"],"count":25,"route":"52","alias":"","manager":"江戸川区"}},{"type":"Feature","geometry":{"type":"LineString","coordinates":[[139.847558,35.698202],[139.848465,35.696999]]},"properties":{"ward":"江戸川区","species":["クスノキ"],"count":26,"route":"15","alias":"","manager":"江戸川区"}},{"type":"Feature","geometry":{"type":"LineString","coordinates":[[139.880664,35.671526],[139.881289,35.671325]]},"properties":{"ward":"江戸川区","species":["クスノキ"],"count":28,"route":"42","alias":"","manager":"江戸川区"}},{"type":"Feature","geometry":{"type":"LineString","coordinates":[[139.876551,35.672038],[139.878658,35.671784]]},"properties":{"ward":"江戸川区","species":["クスノキ"],"count":28,"route":"42","alias":"","manager":"江戸川区"}},{"type":"Feature","geometry":{"type":"LineString","coordinates":[[139.877455,35.699523],[139.877445,35.701693],[139.877536,35.702688]]},"properties":{"ward":"江戸川区","species":["クスノキ"],"count":29,"route":"05","alias":"","manager":"江戸川区"}},{"type":"Feature","geometry":{"type":"LineString","coordinates":[[139.881468,35.707636],[139.881415,35.708826],[139.881121,35.709804]]},"properties":{"ward":"江戸川区","species":["クスノキ"],"count":29,"route":"32","alias":"","manager":"江戸川区"}},{"type":"Feature","geometry":{"type":"LineString","coordinates":[[139.863201,35.674229],[139.860525,35.676522]]},"properties":{"ward":"江戸川区","species":["クスノキ"],"count":30,"route":"22","alias":"","manager":"江戸川区"}},{"type":"Feature","geometry":{"type":"LineString","coordinates":[[139.875719,35.668165],[139.876126,35.669663],[139.876537,35.672299]]},"properties":{"ward":"江戸川区","species":["クスノキ"],"count":42,"route":"51","alias":"","manager":"江戸川区"}},{"type":"Feature","geometry":{"type":"LineString","coordinates":[[139.872846,35.654349],[139.876481,35.653909]]},"properties":{"ward":"江戸川区","species":["クスノキ"],"count":47,"route":"29","alias":"","manager":"江戸川区"}},{"type":"Feature","geometry":{"type":"LineString","coordinates":[[139.855127,35.660314],[139.855469,35.660864],[139.855451,35.663191],[139.855622,35.663381]]},"properties":{"ward":"江戸川区","species":["クスノキ"],"count":49,"route":"06","alias":"","manager":"江戸川区"}},{"type":"Feature","geometry":{"type":"LineString","coordinates":[[139.868644,35.723259],[139.869297,35.723531],[139.870146,35.724149],[139.871024,35.724359],[139.870804,35.725163]]},"properties":{"ward":"江戸川区","species":["クスノキ"],"count":53,"route":"05","alias":"","manager":"江戸川区"}},{"type":"Feature","geometry":{"type":"LineString","coordinates":[[139.863482,35.671472],[139.865315,35.670679],[139.866468,35.670357]]},"properties":{"ward":"江戸川区","species":["クスノキ"],"count":57,"route":"27","alias":"","manager":"江戸川区"}},{"type":"Feature","geometry":{"type":"LineString","coordinates":[[139.880677,35.697676],[139.880782,35.698505],[139.880973,35.698842],[139.880765,35.699253],[139.880792,35.699989],[139.881065,35.701252],[139.881387,35.701288]]},"properties":{"ward":"江戸川区","species":["クスノキ"],"count":58,"route":"08","alias":"","manager":"江戸川区"}},{"type":"Feature","geometry":{"type":"LineString","coordinates":[[139.867854,35.694288],[139.8695,35.696106],[139.86988,35.696828]]},"properties":{"ward":"江戸川区","species":["クスノキ"],"count":64,"route":"21","alias":"","manager":"江戸川区"}},{"type":"Feature","geometry":{"type":"LineString","coordinates":[[139.859191,35.661528],[139.859053,35.660327],[139.859133,35.659311],[139.860257,35.659184]]},"properties":{"ward":"江戸川区","species":["クスノキ"],"count":74,"route":"25","alias":"","manager":"江戸川区"}},{"type":"Feature","geometry":{"type":"LineString","coordinates":[[139.860252,35.658662],[139.860529,35.661444]]},"properties":{"ward":"江戸川区","species":["クスノキ"],"count":74,"route":"25","alias":"","manager":"江戸川区"}},{"type":"Feature","geometry":{"type":"LineString","coordinates":[[139.896694,35.692196],[139.899131,35.693008],[139.899706,35.693317],[139.902193,35.69497]]},"properties":{"ward":"江戸川区","species":["クスノキ"],"count":84,"route":"44","alias":"","manager":"江戸川区"}},{"type":"Feature","geometry":{"type":"LineString","coordinates":[[139.883368,35.741282],[139.884666,35.738382]]},"properties":{"ward":"江戸川区","species":["クスノキ"],"count":89,"route":"33","alias":"","manager":"江戸川区"}},{"type":"Feature","geometry":{"type":"LineString","coordinates":[[139.884048,35.738133],[139.885702,35.73863]]},"properties":{"ward":"江戸川区","species":["クスノキ"],"count":89,"route":"33","alias":"","manager":"江戸川区"}},{"type":"Feature","geometry":{"type":"LineString","coordinates":[[139.909672,35.690845],[139.908669,35.691045]]},"properties":{"ward":"江戸川区","species":["クスノキ"],"count":116,"route":"30","alias":"","manager":"江戸川区"}},{"type":"Feature","geometry":{"type":"LineString","coordinates":[[139.908669,35.691045],[139.907518,35.691136],[139.907237,35.691884]]},"properties":{"ward":"江戸川区","species":["クスノキ"],"count":116,"route":"30","alias":"","manager":"江戸川区"}},{"type":"Feature","geometry":{"type":"LineString","coordinates":[[139.908633,35.690573],[139.908669,35.691045]]},"properties":{"ward":"江戸川区","species":["クスノキ"],"count":116,"route":"30","alias":"","manager":"江戸川区"}},{"type":"Feature","geometry":{"type":"LineString","coordinates":[[139.908669,35.691045],[139.908728,35.691746]]},"properties":{"ward":"江戸川区","species":["クスノキ"],"count":116,"route":"30","alias":"","manager":"江戸川区"}},{"type":"Feature","geometry":{"type":"LineString","coordinates":[[139.908728,35.691746],[139.908868,35.692405]]},"properties":{"ward":"江戸川区","species":["クスノキ"],"count":116,"route":"30","alias":"","manager":"江戸川区"}},{"type":"Feature","geometry":{"type":"LineString","coordinates":[[139.907368,35.691742],[139.908056,35.691814],[139.908728,35.691746]]},"properties":{"ward":"江戸川区","species":["クスノキ"],"count":116,"route":"30","alias":"","manager":"江戸川区"}},{"type":"Feature","geometry":{"type":"LineString","coordinates":[[139.908728,35.691746],[139.909991,35.691766]]},"properties":{"ward":"江戸川区","species":["クスノキ"],"count":116,"route":"30","alias":"","manager":"江戸川区"}},{"type":"Feature","geometry":{"type":"LineString","coordinates":[[139.873674,35.724113],[139.87531,35.717613]]},"properties":{"ward":"江戸川区","species":["クスノキ"],"count":56,"route":"08","alias":"","manager":"江戸川区"}},{"type":"Feature","geometry":{"type":"LineString","coordinates":[[139.867772,35.691085],[139.868375,35.692133],[139.869236,35.694257],[139.869716,35.694864],[139.870428,35.695391]]},"properties":{"ward":"江戸川区","species":["クスノキ","イチョウ"],"count":48,"route":"23","alias":"","manager":"江戸川区"}},{"type":"Feature","geometry":{"type":"LineString","coordinates":[[139.870816,35.703052],[139.870881,35.702326],[139.871204,35.701764],[139.871469,35.70158],[139.871512,35.699531],[139.871424,35.699234],[139.870988,35.698708],[139.87072,35.697653],[139.870361,35.697135],[139.870098,35.696906]]},"properties":{"ward":"江戸川区","species":["クスノキ","イチョウ"],"count":142,"route":"01","alias":"","manager":"江戸川区"}},{"type":"Feature","geometry":{"type":"LineString","coordinates":[[139.881308,35.733379],[139.881823,35.73356]]},"properties":{"ward":"江戸川区","species":["クスノキ","イチョウほか"],"count":23,"route":"06","alias":"","manager":"江戸川区"}},{"type":"Feature","geometry":{"type":"LineString","coordinates":[[139.880427,35.732533],[139.881272,35.733145],[139.880554,35.734761]]},"properties":{"ward":"江戸川区","species":["クスノキ","イチョウほか"],"count":23,"route":"06","alias":"","manager":"江戸川区"}},{"type":"Feature","geometry":{"type":"LineString","coordinates":[[139.86757,35.693967],[139.867061,35.693469],[139.867025,35.693138],[139.866299,35.692475],[139.865812,35.691722]]},"properties":{"ward":"江戸川区","species":["クスノキ","イチョウほか"],"count":67,"route":"16","alias":"","manager":"江戸川区"}},{"type":"Feature","geometry":{"type":"LineString","coordinates":[[139.871514,35.695843],[139.871928,35.696056],[139.872988,35.697205],[139.873715,35.697525],[139.874427,35.699242],[139.874536,35.699986],[139.874914,35.700942],[139.87522,35.702121],[139.875206,35.70239],[139.875024,35.702556]]},"properties":{"ward":"江戸川区","species":["クスノキ","イチョウほか"],"count":75,"route":"02","alias":"","manager":"江戸川区"}},{"type":"Feature","geometry":{"type":"LineString","coordinates":[[139.853604,35.674503],[139.853659,35.674515]]},"properties":{"ward":"江戸川区","species":["クスノキ","イロハモミジ"],"count":2,"route":"14","alias":"","manager":"江戸川区"}},{"type":"Feature","geometry":{"type":"LineString","coordinates":[[139.872202,35.691578],[139.872687,35.69144],[139.874871,35.691252],[139.875983,35.691425]]},"properties":{"ward":"江戸川区","species":["クスノキ","エンジュ"],"count":34,"route":"37","alias":"","manager":"江戸川区"}},{"type":"Feature","geometry":{"type":"LineString","coordinates":[[139.873603,35.687516],[139.874841,35.691935],[139.875335,35.692351]]},"properties":{"ward":"江戸川区","species":["クスノキ","エンジュほか"],"count":95,"route":"35","alias":"","manager":"江戸川区"}},{"type":"Feature","geometry":{"type":"LineString","coordinates":[[139.858979,35.683004],[139.859166,35.683388],[139.859159,35.683573]]},"properties":{"ward":"江戸川区","species":["クスノキ","カキノキ"],"count":8,"route":"11","alias":"","manager":"江戸川区"}},{"type":"Feature","geometry":{"type":"LineString","coordinates":[[139.893963,35.702901],[139.89394,35.703112]]},"properties":{"ward":"江戸川区","species":["クスノキ","カクレミノほか"],"count":8,"route":"24","alias":"","manager":"江戸川区"}},{"type":"Feature","geometry":{"type":"LineString","coordinates":[[139.878994,35.698742],[139.880641,35.69812]]},"properties":{"ward":"江戸川区","species":["クスノキ","カツラ"],"count":19,"route":"17","alias":"","manager":"江戸川区"}},{"type":"Feature","geometry":{"type":"LineString","coordinates":[[139.875396,35.706074],[139.875125,35.704587],[139.875069,35.703146]]},"properties":{"ward":"江戸川区","species":["クスノキ","カリン"],"count":55,"route":"39","alias":"","manager":"江戸川区"}},{"type":"Feature","geometry":{"type":"LineString","coordinates":[[139.859684,35.706555],[139.859762,35.706374],[139.859454,35.706287]]},"properties":{"ward":"江戸川区","species":["クスノキ","クスノキほか"],"count":22,"route":"64","alias":"","manager":"江戸川区"}},{"type":"Feature","geometry":{"type":"LineString","coordinates":[[139.874773,35.667795],[139.875179,35.669457]]},"properties":{"ward":"江戸川区","species":["クスノキ","クロガネモチ"],"count":22,"route":"50","alias":"","manager":"江戸川区"}},{"type":"Feature","geometry":{"type":"LineString","coordinates":[[139.863814,35.683524],[139.864016,35.683387]]},"properties":{"ward":"江戸川区","species":["クスノキ","ケヤキ"],"count":5,"route":"23","alias":"","manager":"江戸川区"}},{"type":"Feature","geometry":{"type":"LineString","coordinates":[[139.904118,35.70605],[139.903825,35.705752],[139.903963,35.705482],[139.904388,35.705597]]},"properties":{"ward":"江戸川区","species":["クスノキ","ケヤキ"],"count":21,"route":"40","alias":"","manager":"江戸川区"}},{"type":"Feature","geometry":{"type":"LineString","coordinates":[[139.869478,35.652795],[139.869534,35.653702],[139.870062,35.654637]]},"properties":{"ward":"江戸川区","species":["クスノキ","ケヤキ・武蔵野1号"],"count":35,"route":"54","alias":"","manager":"江戸川区"}},{"type":"Feature","geometry":{"type":"LineString","coordinates":[[139.863672,35.683879],[139.863884,35.684304]]},"properties":{"ward":"江戸川区","species":["クスノキ","ケヤキほか"],"count":6,"route":"12","alias":"","manager":"江戸川区"}},{"type":"Feature","geometry":{"type":"LineString","coordinates":[[139.858977,35.664041],[139.859574,35.664047],[139.859681,35.6651],[139.859002,35.665156],[139.858899,35.664419],[139.85902,35.664398],[139.858984,35.664065]]},"properties":{"ward":"江戸川区","species":["クスノキ","ケヤキほか"],"count":27,"route":"23","alias":"","manager":"江戸川区"}},{"type":"Feature","geometry":{"type":"LineString","coordinates":[[139.853636,35.664309],[139.853718,35.664414],[139.853963,35.664434],[139.855616,35.663514]]},"properties":{"ward":"江戸川区","species":["クスノキ","ケヤキほか"],"count":47,"route":"02","alias":"","manager":"江戸川区"}},{"type":"Feature","geometry":{"type":"LineString","coordinates":[[139.863438,35.68307],[139.8636,35.683407]]},"properties":{"ward":"江戸川区","species":["クスノキ","ケヤキほか"],"count":136,"route":"14","alias":"","manager":"江戸川区"}},{"type":"Feature","geometry":{"type":"LineString","coordinates":[[139.89387,35.684111],[139.893353,35.684601],[139.893741,35.685055],[139.894341,35.684472]]},"properties":{"ward":"江戸川区","species":["クスノキ","コブシほか"],"count":15,"route":"30","alias":"","manager":"江戸川区"}},{"type":"Feature","geometry":{"type":"LineString","coordinates":[[139.868316,35.710511],[139.868684,35.71094],[139.869392,35.710544]]},"properties":{"ward":"江戸川区","species":["クスノキ","コブシほか"],"count":47,"route":"21","alias":"","manager":"江戸川区"}},{"type":"Feature","geometry":{"type":"LineString","coordinates":[[139.869746,35.710896],[139.868997,35.710007]]},"properties":{"ward":"江戸川区","species":["クスノキ","コブシほか"],"count":47,"route":"21","alias":"","manager":"江戸川区"}},{"type":"Feature","geometry":{"type":"LineString","coordinates":[[139.861342,35.669673],[139.864904,35.672827],[139.865925,35.674166]]},"properties":{"ward":"江戸川区","species":["クスノキ","サクラ・オオシマザクラ"],"count":127,"route":"20","alias":"","manager":"江戸川区"}},{"type":"Feature","geometry":{"type":"LineString","coordinates":[[139.858204,35.713801],[139.860028,35.713227]]},"properties":{"ward":"江戸川区","species":["クスノキ","サクラ・オカメザクラほか"],"count":37,"route":"58","alias":"","manager":"江戸川区"}},{"type":"Feature","geometry":{"type":"LineString","coordinates":[[139.873924,35.697123],[139.874996,35.698492],[139.875612,35.699735],[139.875774,35.700769]]},"properties":{"ward":"江戸川区","species":["クスノキ","サクラ・ソメイヨシノ"],"count":27,"route":"03","alias":"","manager":"江戸川区"}},{"type":"Feature","geometry":{"type":"LineString","coordinates":[[139.847603,35.696216],[139.848631,35.696887],[139.849447,35.697708],[139.850532,35.698176],[139.852482,35.699246]]},"properties":{"ward":"江戸川区","species":["クスノキ","サクラ・ソメイヨシノ"],"count":102,"route":"19","alias":"","manager":"江戸川区"}},{"type":"Feature","geometry":{"type":"LineString","coordinates":[[139.876083,35.698502],[139.877274,35.698028]]},"properties":{"ward":"江戸川区","species":["クスノキ","サクラ・ソメイヨシノほか"],"count":5,"route":"16","alias":"","manager":"江戸川区"}},{"type":"Feature","geometry":{"type":"LineString","coordinates":[[139.835714,35.704364],[139.837128,35.704287]]},"properties":{"ward":"江戸川区","species":["クスノキ","サクラ・ソメイヨシノほか"],"count":14,"route":"10","alias":"","manager":"江戸川区"}},{"type":"Feature","geometry":{"type":"LineString","coordinates":[[139.860491,35.689861],[139.861528,35.689692],[139.862332,35.689678],[139.863744,35.690211],[139.865138,35.691075]]},"properties":{"ward":"江戸川区","species":["クスノキ","シマトネリコ"],"count":58,"route":"15","alias":"","manager":"江戸川区"}},{"type":"Feature","geometry":{"type":"LineString","coordinates":[[139.861601,35.665164],[139.861162,35.662364]]},"properties":{"ward":"江戸川区","species":["クスノキ","シマトネリコ"],"count":62,"route":"21","alias":"","manager":"江戸川区"}},{"type":"Feature","geometry":{"type":"LineString","coordinates":[[139.858681,35.670213],[139.860697,35.671967],[139.860949,35.672095],[139.86638,35.676826]]},"properties":{"ward":"江戸川区","species":["クスノキ","シュロ"],"count":187,"route":"19","alias":"","manager":"江戸川区"}},{"type":"Feature","geometry":{"type":"LineString","coordinates":[[139.874933,35.6745],[139.875266,35.674479]]},"properties":{"ward":"江戸川区","species":["クスノキ","スダジイほか"],"count":6,"route":"40","alias":"","manager":"江戸川区"}},{"type":"Feature","geometry":{"type":"LineString","coordinates":[[139.872119,35.674429],[139.87218,35.674432]]},"properties":{"ward":"江戸川区","species":["クスノキ","スダジイほか"],"count":6,"route":"40","alias":"","manager":"江戸川区"}},{"type":"Feature","geometry":{"type":"LineString","coordinates":[[139.908844,35.691874],[139.908894,35.691759]]},"properties":{"ward":"江戸川区","species":["クスノキ","タイサンボクほか"],"count":4,"route":"29","alias":"","manager":"江戸川区"}},{"type":"Feature","geometry":{"type":"LineString","coordinates":[[139.863424,35.682771],[139.864821,35.681944],[139.865712,35.681314]]},"properties":{"ward":"江戸川区","species":["クスノキ","ナンキンハゼほか"],"count":50,"route":"24","alias":"","manager":"江戸川区"}},{"type":"Feature","geometry":{"type":"LineString","coordinates":[[139.877055,35.654896],[139.878207,35.657149]]},"properties":{"ward":"江戸川区","species":["クスノキ","ハナミズキ"],"count":63,"route":"23","alias":"","manager":"江戸川区"}},{"type":"Feature","geometry":{"type":"LineString","coordinates":[[139.851846,35.6954],[139.852271,35.6954],[139.853229,35.695925]]},"properties":{"ward":"江戸川区","species":["クスノキ","ハナミズキほか"],"count":29,"route":"23","alias":"","manager":"江戸川区"}},{"type":"Feature","geometry":{"type":"LineString","coordinates":[[139.864618,35.703922],[139.864647,35.704163]]},"properties":{"ward":"江戸川区","species":["クスノキ","ビワノキほか"],"count":28,"route":"68","alias":"","manager":"江戸川区"}},{"type":"Feature","geometry":{"type":"LineString","coordinates":[[139.88667,35.740443],[139.885417,35.748651]]},"properties":{"ward":"江戸川区","species":["クスノキ","ホルトノキ"],"count":111,"route":"03","alias":"","manager":"江戸川区"}},{"type":"Feature","geometry":{"type":"LineString","coordinates":[[139.868888,35.701204],[139.871334,35.701059]]},"properties":{"ward":"江戸川区","species":["クスノキ","マテバシイ"],"count":26,"route":"09","alias":"","manager":"江戸川区"}},{"type":"Feature","geometry":{"type":"LineString","coordinates":[[139.880054,35.648841],[139.880872,35.648783],[139.881094,35.650672]]},"properties":{"ward":"江戸川区","species":["クスノキ","マテバシイ"],"count":66,"route":"35","alias":"","manager":"江戸川区"}},{"type":"Feature","geometry":{"type":"LineString","coordinates":[[139.879343,35.697247],[139.879719,35.69725]]},"properties":{"ward":"江戸川区","species":["クスノキ","メタセコイヤほか"],"count":9,"route":"25","alias":"","manager":"江戸川区"}},{"type":"Feature","geometry":{"type":"LineString","coordinates":[[139.903931,35.702527],[139.9087,35.704138]]},"properties":{"ward":"江戸川区","species":["クスノキ","モチノキほか"],"count":35,"route":"05","alias":"","manager":"江戸川区"}},{"type":"Feature","geometry":{"type":"LineString","coordinates":[[139.864469,35.709362],[139.864471,35.70923]]},"properties":{"ward":"江戸川区","species":["クスノキ","モッコクほか"],"count":25,"route":"54","alias":"","manager":"江戸川区"}},{"type":"Feature","geometry":{"type":"LineString","coordinates":[[139.864522,35.708728],[139.864758,35.70755]]},"properties":{"ward":"江戸川区","species":["クスノキ","モッコクほか"],"count":25,"route":"54","alias":"","manager":"江戸川区"}},{"type":"Feature","geometry":{"type":"LineString","coordinates":[[139.839646,35.709166],[139.840349,35.708842]]},"properties":{"ward":"江戸川区","species":["クスノキ","ヤマボウシほか"],"count":13,"route":"08","alias":"","manager":"江戸川区"}},{"type":"Feature","geometry":{"type":"LineString","coordinates":[[139.865301,35.700592],[139.866965,35.700912],[139.867391,35.700828]]},"properties":{"ward":"江戸川区","species":["クスノキ","ヤマモモ"],"count":13,"route":"03","alias":"","manager":"江戸川区"}},{"type":"Feature","geometry":{"type":"LineString","coordinates":[[139.881963,35.732972],[139.881629,35.732743],[139.881729,35.732447],[139.88189,35.73248],[139.882244,35.73281]]},"properties":{"ward":"江戸川区","species":["クスノキ","ヤマモモほか"],"count":16,"route":"15","alias":"","manager":"江戸川区"}},{"type":"Feature","geometry":{"type":"LineString","coordinates":[[139.851194,35.650555],[139.852299,35.650477]]},"properties":{"ward":"江戸川区","species":["クスノキ","ヤマモモほか"],"count":48,"route":"17","alias":"","manager":"江戸川区"}},{"type":"Feature","geometry":{"type":"LineString","coordinates":[[139.833708,35.714999],[139.83596,35.715046]]},"properties":{"ward":"江戸川区","species":["クスノキ","ヤマモモほか"],"count":62,"route":"01","alias":"","manager":"江戸川区"}},{"type":"Feature","geometry":{"type":"LineString","coordinates":[[139.871556,35.667805],[139.871538,35.667668],[139.871908,35.66651],[139.872089,35.666357],[139.872477,35.665529],[139.870621,35.662169]]},"properties":{"ward":"江戸川区","species":["クスノキ","ヤマモモほか"],"count":87,"route":"37","alias":"","manager":"江戸川区"}},{"type":"Feature","geometry":{"type":"LineString","coordinates":[[139.865134,35.686463],[139.867086,35.690049],[139.867705,35.691002]]},"properties":{"ward":"江戸川区","species":["クスノキ","ヤマモモほか"],"count":140,"route":"24","alias":"","manager":"江戸川区"}},{"type":"Feature","geometry":{"type":"LineString","coordinates":[[139.855447,35.656465],[139.855511,35.657432],[139.855444,35.657487]]},"properties":{"ward":"江戸川区","species":["クスノキ","ユリノキほか"],"count":20,"route":"10","alias":"","manager":"江戸川区"}},{"type":"Feature","geometry":{"type":"LineString","coordinates":[[139.85528,35.657365],[139.855373,35.657287],[139.855333,35.656486]]},"properties":{"ward":"江戸川区","species":["クスノキ","ユリノキほか"],"count":20,"route":"10","alias":"","manager":"江戸川区"}},{"type":"Feature","geometry":{"type":"LineString","coordinates":[[139.86945,35.651259],[139.871928,35.651035]]},"properties":{"ward":"江戸川区","species":["クロガネモチ"],"count":5,"route":"28","alias":"","manager":"江戸川区"}},{"type":"Feature","geometry":{"type":"LineString","coordinates":[[139.876161,35.66474],[139.876773,35.666971]]},"properties":{"ward":"江戸川区","species":["クロガネモチ"],"count":23,"route":"01","alias":"","manager":"江戸川区"}},{"type":"Feature","geometry":{"type":"LineString","coordinates":[[139.907087,35.696292],[139.907783,35.697448],[139.908306,35.698082],[139.909259,35.700117]]},"properties":{"ward":"江戸川区","species":["クロガネモチ"],"count":62,"route":"12","alias":"","manager":"江戸川区"}},{"type":"Feature","geometry":{"type":"LineString","coordinates":[[139.904489,35.693524],[139.905072,35.693872],[139.906501,35.695405]]},"properties":{"ward":"江戸川区","species":["クロガネモチ"],"count":62,"route":"12","alias":"","manager":"江戸川区"}},{"type":"Feature","geometry":{"type":"LineString","coordinates":[[139.898256,35.689472],[139.900974,35.691129],[139.902585,35.691862],[139.903436,35.692473]]},"properties":{"ward":"江戸川区","species":["クロガネモチ"],"count":68,"route":"45","alias":"","manager":"江戸川区"}},{"type":"Feature","geometry":{"type":"LineString","coordinates":[[139.86925,35.672865],[139.869118,35.671416]]},"properties":{"ward":"江戸川区","species":["クロガネモチ","クスノキ"],"count":95,"route":"31","alias":"","manager":"江戸川区"}},{"type":"Feature","geometry":{"type":"LineString","coordinates":[[139.869118,35.671416],[139.868812,35.668593]]},"properties":{"ward":"江戸川区","species":["クロガネモチ","クスノキ"],"count":95,"route":"31","alias":"","manager":"江戸川区"}},{"type":"Feature","geometry":{"type":"LineString","coordinates":[[139.86753,35.671658],[139.869118,35.671416]]},"properties":{"ward":"江戸川区","species":["クロガネモチ","クスノキ"],"count":95,"route":"31","alias":"","manager":"江戸川区"}},{"type":"Feature","geometry":{"type":"LineString","coordinates":[[139.869118,35.671416],[139.871908,35.670981]]},"properties":{"ward":"江戸川区","species":["クロガネモチ","クスノキ"],"count":95,"route":"31","alias":"","manager":"江戸川区"}},{"type":"Feature","geometry":{"type":"LineString","coordinates":[[139.894557,35.683772],[139.895046,35.683877]]},"properties":{"ward":"江戸川区","species":["ケヤキ"],"count":3,"route":"32","alias":"","manager":"江戸川区"}},{"type":"Feature","geometry":{"type":"LineString","coordinates":[[139.872272,35.662398],[139.872659,35.66225]]},"properties":{"ward":"江戸川区","species":["ケヤキ"],"count":11,"route":"44","alias":"","manager":"江戸川区"}},{"type":"Feature","geometry":{"type":"LineString","coordinates":[[139.842368,35.707421],[139.843474,35.708268]]},"properties":{"ward":"江戸川区","species":["ケヤキ"],"count":13,"route":"04","alias":"","manager":"江戸川区"}},{"type":"Feature","geometry":{"type":"LineString","coordinates":[[139.850669,35.688631],[139.849863,35.689019],[139.849845,35.690802]]},"properties":{"ward":"江戸川区","species":["ケヤキ"],"count":72,"route":"24","alias":"","manager":"江戸川区"}},{"type":"Feature","geometry":{"type":"LineString","coordinates":[[139.848657,35.689697],[139.849791,35.689192]]},"properties":{"ward":"江戸川区","species":["ケヤキ"],"count":72,"route":"24","alias":"","manager":"江戸川区"}},{"type":"Feature","geometry":{"type":"LineString","coordinates":[[139.848622,35.689188],[139.849513,35.688776]]},"properties":{"ward":"江戸川区","species":["ケヤキ"],"count":72,"route":"24","alias":"","manager":"江戸川区"}},{"type":"Feature","geometry":{"type":"LineString","coordinates":[[139.851602,35.694792],[139.851588,35.695741],[139.851474,35.696001],[139.84956,35.698668]]},"properties":{"ward":"江戸川区","species":["ケヤキ"],"count":73,"route":"16","alias":"","manager":"江戸川区"}},{"type":"Feature","geometry":{"type":"LineString","coordinates":[[139.851493,35.657158],[139.854839,35.657164],[139.855667,35.657868],[139.85571,35.65986],[139.853584,35.660834],[139.851662,35.660852]]},"properties":{"ward":"江戸川区","species":["ケヤキ"],"count":275,"route":"07","alias":"","manager":"江戸川区"}},{"type":"Feature","geometry":{"type":"LineString","coordinates":[[139.887671,35.697128],[139.887926,35.696969]]},"properties":{"ward":"江戸川区","species":["ケヤキ","クスノキ"],"count":2,"route":"13","alias":"","manager":"江戸川区"}},{"type":"Feature","geometry":{"type":"LineString","coordinates":[[139.872707,35.652176],[139.879762,35.651341]]},"properties":{"ward":"江戸川区","species":["ケヤキ","クスノキ"],"count":96,"route":"31","alias":"","manager":"江戸川区"}},{"type":"Feature","geometry":{"type":"LineString","coordinates":[[139.855856,35.666071],[139.855753,35.665883]]},"properties":{"ward":"江戸川区","species":["ケヤキ","クスノキほか"],"count":6,"route":"16","alias":"","manager":"江戸川区"}},{"type":"Feature","geometry":{"type":"LineString","coordinates":[[139.873495,35.662926],[139.873851,35.662917]]},"properties":{"ward":"江戸川区","species":["ケヤキ","クスノキほか"],"count":8,"route":"07","alias":"","manager":"江戸川区"}},{"type":"Feature","geometry":{"type":"LineString","coordinates":[[139.873861,35.662206],[139.873929,35.663199]]},"properties":{"ward":"江戸川区","species":["ケヤキ","クスノキほか"],"count":8,"route":"07","alias":"","manager":"江戸川区"}},{"type":"Feature","geometry":{"type":"LineString","coordinates":[[139.851568,35.661681],[139.852363,35.662783]]},"properties":{"ward":"江戸川区","species":["ケヤキ","クスノキほか"],"count":27,"route":"19","alias":"","manager":"江戸川区"}},{"type":"Feature","geometry":{"type":"LineString","coordinates":[[139.863805,35.683563],[139.864377,35.683347],[139.864633,35.683621],[139.864863,35.68373],[139.864169,35.684332]]},"properties":{"ward":"江戸川区","species":["ケヤキ","クスノキほか"],"count":29,"route":"20","alias":"","manager":"江戸川区"}},{"type":"Feature","geometry":{"type":"LineString","coordinates":[[139.869141,35.648447],[139.869482,35.652423]]},"properties":{"ward":"江戸川区","species":["ケヤキ","クスノキほか"],"count":60,"route":"26","alias":"","manager":"江戸川区"}},{"type":"Feature","geometry":{"type":"LineString","coordinates":[[139.871464,35.663519],[139.872798,35.663431],[139.872759,35.663],[139.872254,35.663032],[139.872188,35.662968],[139.872148,35.662435],[139.87156,35.660813]]},"properties":{"ward":"江戸川区","species":["ケヤキ","クスノキほか"],"count":83,"route":"43","alias":"","manager":"江戸川区"}},{"type":"Feature","geometry":{"type":"LineString","coordinates":[[139.872193,35.66305],[139.872221,35.663427]]},"properties":{"ward":"江戸川区","species":["ケヤキ","クスノキほか"],"count":83,"route":"43","alias":"","manager":"江戸川区"}},{"type":"Feature","geometry":{"type":"LineString","coordinates":[[139.851225,35.653714],[139.861309,35.653247],[139.866832,35.652864],[139.871856,35.652252]]},"properties":{"ward":"江戸川区","species":["ケヤキ","クスノキほか"],"count":418,"route":"13","alias":"","manager":"江戸川区"}},{"type":"Feature","geometry":{"type":"LineString","coordinates":[[139.881892,35.666076],[139.881414,35.659403],[139.88002,35.651281],[139.879307,35.645588],[139.879043,35.64497],[139.878411,35.644477],[139.87773,35.644138],[139.876042,35.643679],[139.875065,35.643116],[139.872353,35.641899]]},"properties":{"ward":"江戸川区","species":["ケヤキ","クスノキほか"],"count":633,"route":"04","alias":"","manager":"江戸川区"}},{"type":"Feature","geometry":{"type":"LineString","coordinates":[[139.89271,35.727445],[139.892769,35.727355]]},"properties":{"ward":"江戸川区","species":["ケヤキ","サルスベリ"],"count":2,"route":"34","alias":"","manager":"江戸川区"}},{"type":"Feature","geometry":{"type":"LineString","coordinates":[[139.883226,35.677257],[139.883247,35.677833]]},"properties":{"ward":"江戸川区","species":["ケヤキ","タブノキほか"],"count":6,"route":"53","alias":"","manager":"江戸川区"}},{"type":"Feature","geometry":{"type":"LineString","coordinates":[[139.876497,35.650332],[139.877849,35.651402]]},"properties":{"ward":"江戸川区","species":["ケヤキ","ハナミズキ"],"count":29,"route":"34","alias":"","manager":"江戸川区"}},{"type":"Feature","geometry":{"type":"LineString","coordinates":[[139.864433,35.683151],[139.867092,35.681152]]},"properties":{"ward":"江戸川区","species":["ケヤキ","ハナミズキ"],"count":35,"route":"22","alias":"","manager":"江戸川区"}},{"type":"Feature","geometry":{"type":"LineString","coordinates":[[139.849696,35.6873],[139.848253,35.687555],[139.848417,35.688325],[139.848445,35.690406],[139.848631,35.691735],[139.848595,35.693338],[139.848686,35.693812],[139.849952,35.694674],[139.851649,35.694655],[139.853133,35.694422]]},"properties":{"ward":"江戸川区","species":["ケヤキ","マツ・クロマツ"],"count":217,"route":"25","alias":"","manager":"江戸川区"}},{"type":"Feature","geometry":{"type":"LineString","coordinates":[[139.888416,35.690096],[139.890796,35.69347],[139.890863,35.693763]]},"properties":{"ward":"江戸川区","species":["ケヤキ","ヤマボウシ"],"count":72,"route":"16","alias":"","manager":"江戸川区"}},{"type":"Feature","geometry":{"type":"LineString","coordinates":[[139.870811,35.642978],[139.875517,35.644704]]},"properties":{"ward":"江戸川区","species":["ケヤキ","ヤマモモほか"],"count":126,"route":"45","alias":"","manager":"江戸川区"}},{"type":"Feature","geometry":{"type":"LineString","coordinates":[[139.876259,35.651573],[139.875557,35.644734],[139.876034,35.643854]]},"properties":{"ward":"江戸川区","species":["ケヤキ","ヤマモモほか"],"count":171,"route":"33","alias":"","manager":"江戸川区"}},{"type":"Feature","geometry":{"type":"LineString","coordinates":[[139.876289,35.651968],[139.876379,35.653263],[139.876935,35.654656]]},"properties":{"ward":"江戸川区","species":["ケヤキ・武蔵野１号","クスノキ"],"count":52,"route":"28","alias":"","manager":"江戸川区"}},{"type":"Feature","geometry":{"type":"LineString","coordinates":[[139.880972,35.685027],[139.881005,35.684722]]},"properties":{"ward":"江戸川区","species":["コブシ"],"count":2,"route":"50","alias":"","manager":"江戸川区"}},{"type":"Feature","geometry":{"type":"LineString","coordinates":[[139.882336,35.70683],[139.882357,35.706649]]},"properties":{"ward":"江戸川区","species":["コブシ"],"count":3,"route":"31","alias":"","manager":"江戸川区"}},{"type":"Feature","geometry":{"type":"LineString","coordinates":[[139.900354,35.708358],[139.900679,35.707474]]},"properties":{"ward":"江戸川区","species":["コブシ"],"count":5,"route":"29","alias":"","manager":"江戸川区"}},{"type":"Feature","geometry":{"type":"LineString","coordinates":[[139.89358,35.738855],[139.895741,35.738963]]},"properties":{"ward":"江戸川区","species":["コブシ"],"count":8,"route":"25","alias":"","manager":"江戸川区"}},{"type":"Feature","geometry":{"type":"LineString","coordinates":[[139.886625,35.698072],[139.886887,35.698364],[139.886635,35.698687]]},"properties":{"ward":"江戸川区","species":["コブシ"],"count":11,"route":"07","alias":"","manager":"江戸川区"}},{"type":"Feature","geometry":{"type":"LineString","coordinates":[[139.886604,35.698066],[139.88657,35.698023]]},"properties":{"ward":"江戸川区","species":["コブシ"],"count":11,"route":"07","alias":"","manager":"江戸川区"}},{"type":"Feature","geometry":{"type":"LineString","coordinates":[[139.883323,35.687973],[139.885163,35.68772]]},"properties":{"ward":"江戸川区","species":["コブシ"],"count":17,"route":"48","alias":"","manager":"江戸川区"}},{"type":"Feature","geometry":{"type":"LineString","coordinates":[[139.879131,35.684048],[139.881077,35.684198]]},"properties":{"ward":"江戸川区","species":["コブシ"],"count":17,"route":"51","alias":"","manager":"江戸川区"}},{"type":"Feature","geometry":{"type":"LineString","coordinates":[[139.885624,35.664068],[139.885769,35.663314],[139.885872,35.661948],[139.885788,35.66052]]},"properties":{"ward":"江戸川区","species":["コブシ"],"count":23,"route":"12","alias":"","manager":"江戸川区"}},{"type":"Feature","geometry":{"type":"LineString","coordinates":[[139.898245,35.713768],[139.899608,35.710243]]},"properties":{"ward":"江戸川区","species":["コブシ"],"count":36,"route":"12","alias":"","manager":"江戸川区"}},{"type":"Feature","geometry":{"type":"LineString","coordinates":[[139.902391,35.703244],[139.900756,35.707293]]},"properties":{"ward":"江戸川区","species":["コブシ"],"count":38,"route":"37","alias":"","manager":"江戸川区"}},{"type":"Feature","geometry":{"type":"LineString","coordinates":[[139.894819,35.716092],[139.893536,35.719827]]},"properties":{"ward":"江戸川区","species":["コブシ"],"count":41,"route":"02","alias":"","manager":"江戸川区"}},{"type":"Feature","geometry":{"type":"LineString","coordinates":[[139.875364,35.73446],[139.874747,35.735427],[139.87336,35.737282]]},"properties":{"ward":"江戸川区","species":["コブシ"],"count":56,"route":"36","alias":"","manager":"江戸川区"}},{"type":"Feature","geometry":{"type":"LineString","coordinates":[[139.886839,35.731347],[139.887509,35.73136],[139.889588,35.731637]]},"properties":{"ward":"江戸川区","species":["コブシ"],"count":97,"route":"09","alias":"","manager":"江戸川区"}},{"type":"Feature","geometry":{"type":"LineString","coordinates":[[139.88802,35.729336],[139.887624,35.72964],[139.88764,35.729778],[139.887046,35.73044],[139.886071,35.733671],[139.885675,35.73631]]},"properties":{"ward":"江戸川区","species":["コブシ"],"count":97,"route":"09","alias":"","manager":"江戸川区"}},{"type":"Feature","geometry":{"type":"LineString","coordinates":[[139.865508,35.710195],[139.866554,35.710613],[139.867037,35.711055]]},"properties":{"ward":"江戸川区","species":["コブシ","クスノキほか"],"count":11,"route":"24","alias":"","manager":"江戸川区"}},{"type":"Feature","geometry":{"type":"LineString","coordinates":[[139.875443,35.712519],[139.881436,35.713435]]},"properties":{"ward":"江戸川区","species":["コブシ","クスノキほか"],"count":73,"route":"30","alias":"","manager":"江戸川区"}},{"type":"Feature","geometry":{"type":"LineString","coordinates":[[139.883259,35.713738],[139.883786,35.713858],[139.885192,35.714434],[139.892058,35.715989]]},"properties":{"ward":"江戸川区","species":["コブシ","クスノキほか"],"count":142,"route":"09","alias":"","manager":"江戸川区"}},{"type":"Feature","geometry":{"type":"LineString","coordinates":[[139.906913,35.699108],[139.907671,35.699361],[139.909157,35.698431],[139.909572,35.698442],[139.911381,35.698171],[139.911833,35.697935],[139.912569,35.697157],[139.912647,35.697019],[139.912621,35.696472]]},"properties":{"ward":"江戸川区","species":["コブシ","サクラ・オオシマザクラほか"],"count":107,"route":"22","alias":"","manager":"江戸川区"}},{"type":"Feature","geometry":{"type":"LineString","coordinates":[[139.886898,35.748378],[139.886966,35.747917]]},"properties":{"ward":"江戸川区","species":["コブシ","サクラ・ソメイヨシノ"],"count":13,"route":"04","alias":"","manager":"江戸川区"}},{"type":"Feature","geometry":{"type":"LineString","coordinates":[[139.878708,35.660581],[139.879471,35.66229]]},"properties":{"ward":"江戸川区","species":["コブシ","サクラ・ソメイヨシノ"],"count":28,"route":"10","alias":"","manager":"江戸川区"}},{"type":"Feature","geometry":{"type":"LineString","coordinates":[[139.893325,35.738826],[139.893279,35.73941],[139.892539,35.740603],[139.892511,35.741204],[139.892314,35.742257]]},"properties":{"ward":"江戸川区","species":["コブシ","サクラ・ソメイヨシノ"],"count":35,"route":"24","alias":"","manager":"江戸川区"}},{"type":"Feature","geometry":{"type":"LineString","coordinates":[[139.888122,35.729218],[139.888554,35.728885],[139.889672,35.729291]]},"properties":{"ward":"江戸川区","species":["コブシ","ナツツバキ"],"count":11,"route":"28","alias":"","manager":"江戸川区"}},{"type":"Feature","geometry":{"type":"LineString","coordinates":[[139.893617,35.714172],[139.891343,35.713547],[139.891312,35.713671],[139.890759,35.713782],[139.890504,35.714053],[139.889874,35.713965],[139.889825,35.713888],[139.888414,35.713526],[139.887821,35.713431],[139.887556,35.713475],[139.886623,35.716796],[139.886669,35.717675]]},"properties":{"ward":"江戸川区","species":["コブシ","ハナミズキ"],"count":82,"route":"04","alias":"","manager":"江戸川区"}},{"type":"Feature","geometry":{"type":"LineString","coordinates":[[139.865276,35.711974],[139.866236,35.711823]]},"properties":{"ward":"江戸川区","species":["コブシ","ハナミズキほか"],"count":13,"route":"23","alias":"","manager":"江戸川区"}},{"type":"Feature","geometry":{"type":"LineString","coordinates":[[139.907966,35.705193],[139.90657,35.707846],[139.906448,35.709101]]},"properties":{"ward":"江戸川区","species":["コブシ","ヒトツバタゴほか"],"count":21,"route":"43","alias":"","manager":"江戸川区"}},{"type":"Feature","geometry":{"type":"LineString","coordinates":[[139.905122,35.706704],[139.909099,35.708051]]},"properties":{"ward":"江戸川区","species":["サクラ","クスノキ"],"count":9,"route":"46","alias":"","manager":"江戸川区"}},{"type":"Feature","geometry":{"type":"LineString","coordinates":[[139.870668,35.725232],[139.870859,35.725368]]},"properties":{"ward":"江戸川区","species":["サクラ・オオカンザクラ","ハナミズキ"],"count":2,"route":"04","alias":"","manager":"江戸川区"}},{"type":"Feature","geometry":{"type":"LineString","coordinates":[[139.909388,35.701027],[139.910093,35.700859],[139.912407,35.69963]]},"properties":{"ward":"江戸川区","species":["サクラ・オオシマザクラ","サクラ・ソメイヨシノ"],"count":26,"route":"20","alias":"","manager":"江戸川区"}},{"type":"Feature","geometry":{"type":"LineString","coordinates":[[139.908666,35.700343],[139.909857,35.700032],[139.911478,35.699163]]},"properties":{"ward":"江戸川区","species":["サクラ・カンザン"],"count":22,"route":"21","alias":"","manager":"江戸川区"}},{"type":"Feature","geometry":{"type":"LineString","coordinates":[[139.913254,35.701659],[139.914267,35.701291],[139.914713,35.701278]]},"properties":{"ward":"江戸川区","species":["サクラ・カンザン","サクラ・ソメイヨシノ"],"count":24,"route":"25","alias":"","manager":"江戸川区"}},{"type":"Feature","geometry":{"type":"LineString","coordinates":[[139.894898,35.71177],[139.895208,35.710942]]},"properties":{"ward":"江戸川区","species":["サクラ・カンザン","マテバシイほか"],"count":20,"route":"10","alias":"","manager":"江戸川区"}},{"type":"Feature","geometry":{"type":"LineString","coordinates":[[139.878649,35.672773],[139.878684,35.672914]]},"properties":{"ward":"江戸川区","species":["サクラ・コヒガン"],"count":2,"route":"53","alias":"","manager":"江戸川区"}},{"type":"Feature","geometry":{"type":"LineString","coordinates":[[139.884049,35.667188],[139.884083,35.66712]]},"properties":{"ward":"江戸川区","species":["サクラ・サクラ類"],"count":1,"route":"56","alias":"","manager":"江戸川区"}},{"type":"Feature","geometry":{"type":"LineString","coordinates":[[139.894519,35.70115],[139.894583,35.701111]]},"properties":{"ward":"江戸川区","species":["サクラ・サトザクラ"],"count":2,"route":"04","alias":"","manager":"江戸川区"}},{"type":"Feature","geometry":{"type":"LineString","coordinates":[[139.892451,35.698185],[139.892595,35.699024]]},"properties":{"ward":"江戸川区","species":["サクラ・サトザクラ"],"count":5,"route":"10","alias":"","manager":"江戸川区"}},{"type":"Feature","geometry":{"type":"LineString","coordinates":[[139.891699,35.695855],[139.891748,35.696016]]},"properties":{"ward":"江戸川区","species":["サクラ・サトザクラ"],"count":5,"route":"10","alias":"","manager":"江戸川区"}},{"type":"Feature","geometry":{"type":"LineString","coordinates":[[139.876048,35.708763],[139.876208,35.709308]]},"properties":{"ward":"江戸川区","species":["サクラ・サトザクラ","サクラ・ソメイヨシノほか"],"count":11,"route":"43","alias":"","manager":"江戸川区"}},{"type":"Feature","geometry":{"type":"LineString","coordinates":[[139.860479,35.68275],[139.860443,35.68268]]},"properties":{"ward":"江戸川区","species":["サクラ・ソメイヨシノ"],"count":1,"route":"09","alias":"","manager":"江戸川区"}},{"type":"Feature","geometry":{"type":"LineString","coordinates":[[139.913883,35.697768],[139.913899,35.697958]]},"properties":{"ward":"江戸川区","species":["サクラ・ソメイヨシノ"],"count":2,"route":"32","alias":"","manager":"江戸川区"}},{"type":"Feature","geometry":{"type":"LineString","coordinates":[[139.874007,35.694853],[139.87453,35.694578]]},"properties":{"ward":"江戸川区","species":["サクラ・ソメイヨシノ"],"count":6,"route":"22","alias":"","manager":"江戸川区"}},{"type":"Feature","geometry":{"type":"LineString","coordinates":[[139.868551,35.682661],[139.868751,35.682603]]},"properties":{"ward":"江戸川区","species":["サクラ・ソメイヨシノ"],"count":6,"route":"26","alias":"","manager":"江戸川区"}},{"type":"Feature","geometry":{"type":"LineString","coordinates":[[139.869282,35.677404],[139.870929,35.678824]]},"properties":{"ward":"江戸川区","species":["サクラ・ソメイヨシノ"],"count":20,"route":"32","alias":"","manager":"江戸川区"}},{"type":"Feature","geometry":{"type":"LineString","coordinates":[[139.876357,35.680681],[139.878185,35.680823]]},"properties":{"ward":"江戸川区","species":["サクラ・ソメイヨシノ"],"count":22,"route":"36","alias":"","manager":"江戸川区"}},{"type":"Feature","geometry":{"type":"LineString","coordinates":[[139.905621,35.697086],[139.909667,35.694814]]},"properties":{"ward":"江戸川区","species":["サクラ・ソメイヨシノ"],"count":37,"route":"24","alias":"","manager":"江戸川区"}},{"type":"Feature","geometry":{"type":"LineString","coordinates":[[139.909569,35.690429],[139.909934,35.691144],[139.910077,35.691766]]},"properties":{"ward":"江戸川区","species":["サクラ・ソメイヨシノ"],"count":38,"route":"31","alias":"","manager":"江戸川区"}},{"type":"Feature","geometry":{"type":"LineString","coordinates":[[139.873514,35.694372],[139.876629,35.698225]]},"properties":{"ward":"江戸川区","species":["サクラ・ソメイヨシノ"],"count":45,"route":"21","alias":"","manager":"江戸川区"}},{"type":"Feature","geometry":{"type":"LineString","coordinates":[[139.859419,35.685195],[139.860475,35.687137]]},"properties":{"ward":"江戸川区","species":["サクラ・ソメイヨシノ"],"count":57,"route":"02","alias":"","manager":"江戸川区"}},{"type":"Feature","geometry":{"type":"LineString","coordinates":[[139.864802,35.675319],[139.866412,35.673917],[139.868315,35.673284]]},"properties":{"ward":"江戸川区","species":["サクラ・ソメイヨシノ"],"count":63,"route":"25","alias":"","manager":"江戸川区"}},{"type":"Feature","geometry":{"type":"LineString","coordinates":[[139.887069,35.704621],[139.887892,35.704668],[139.89256,35.705508]]},"properties":{"ward":"江戸川区","species":["サクラ・ソメイヨシノ"],"count":68,"route":"20","alias":"","manager":"江戸川区"}},{"type":"Feature","geometry":{"type":"LineString","coordinates":[[139.892588,35.699994],[139.892615,35.699611]]},"properties":{"ward":"江戸川区","species":["サクラ・ソメイヨシノ","イチョウほか"],"count":31,"route":"06","alias":"","manager":"江戸川区"}},{"type":"Feature","geometry":{"type":"LineString","coordinates":[[139.883502,35.650183],[139.883497,35.651221],[139.883665,35.652028],[139.883932,35.653181],[139.884494,35.654617],[139.884411,35.655805]]},"properties":{"ward":"江戸川区","species":["サクラ・ソメイヨシノ","イチョウほか"],"count":198,"route":"30","alias":"","manager":"江戸川区"}},{"type":"Feature","geometry":{"type":"LineString","coordinates":[[139.875486,35.72997],[139.875459,35.729868]]},"properties":{"ward":"江戸川区","species":["サクラ・ソメイヨシノ","ウメほか"],"count":8,"route":"04","alias":"","manager":"江戸川区"}},{"type":"Feature","geometry":{"type":"LineString","coordinates":[[139.869814,35.674782],[139.87014,35.674589],[139.870971,35.674309]]},"properties":{"ward":"江戸川区","species":["サクラ・ソメイヨシノ","ウメほか"],"count":38,"route":"06","alias":"","manager":"江戸川区"}},{"type":"Feature","geometry":{"type":"LineString","coordinates":[[139.872166,35.680161],[139.873402,35.680468]]},"properties":{"ward":"江戸川区","species":["サクラ・ソメイヨシノ","クスノキ"],"count":11,"route":"30","alias":"","manager":"江戸川区"}},{"type":"Feature","geometry":{"type":"LineString","coordinates":[[139.840562,35.717231],[139.84159,35.716179]]},"properties":{"ward":"江戸川区","species":["サクラ・ソメイヨシノ","クスノキ"],"count":17,"route":"03","alias":"","manager":"江戸川区"}},{"type":"Feature","geometry":{"type":"LineString","coordinates":[[139.875285,35.683739],[139.876074,35.684984],[139.876886,35.686668]]},"properties":{"ward":"江戸川区","species":["サクラ・ソメイヨシノ","クスノキ"],"count":43,"route":"43","alias":"","manager":"江戸川区"}},{"type":"Feature","geometry":{"type":"LineString","coordinates":[[139.910326,35.693414],[139.91072,35.69457],[139.910996,35.694943],[139.912036,35.695985]]},"properties":{"ward":"江戸川区","species":["サクラ・ソメイヨシノ","クスノキ"],"count":66,"route":"28","alias":"","manager":"江戸川区"}},{"type":"Feature","geometry":{"type":"LineString","coordinates":[[139.910917,35.696108],[139.911564,35.695631]]},"properties":{"ward":"江戸川区","species":["サクラ・ソメイヨシノ","クスノキ"],"count":66,"route":"28","alias":"","manager":"江戸川区"}},{"type":"Feature","geometry":{"type":"LineString","coordinates":[[139.850709,35.699194],[139.853483,35.695799]]},"properties":{"ward":"江戸川区","species":["サクラ・ソメイヨシノ","クスノキ"],"count":88,"route":"17","alias":"","manager":"江戸川区"}},{"type":"Feature","geometry":{"type":"LineString","coordinates":[[139.875016,35.683342],[139.874643,35.682191],[139.873147,35.67973],[139.870293,35.675532]]},"properties":{"ward":"江戸川区","species":["サクラ・ソメイヨシノ","クスノキほか"],"count":165,"route":"34","alias":"","manager":"江戸川区"}},{"type":"Feature","geometry":{"type":"LineString","coordinates":[[139.869739,35.675042],[139.870071,35.675424]]},"properties":{"ward":"江戸川区","species":["サクラ・ソメイヨシノ","クスノキほか"],"count":165,"route":"34","alias":"","manager":"江戸川区"}},{"type":"Feature","geometry":{"type":"LineString","coordinates":[[139.861146,35.680505],[139.861621,35.680422]]},"properties":{"ward":"江戸川区","species":["サクラ・ソメイヨシノ","サクラ・アマノガワほか"],"count":70,"route":"02","alias":"","manager":"江戸川区"}},{"type":"Feature","geometry":{"type":"LineString","coordinates":[[139.856674,35.682048],[139.857015,35.682121],[139.857181,35.682081],[139.86037,35.680765]]},"properties":{"ward":"江戸川区","species":["サクラ・ソメイヨシノ","サクラ・アマノガワほか"],"count":70,"route":"02","alias":"","manager":"江戸川区"}},{"type":"Feature","geometry":{"type":"LineString","coordinates":[[139.879744,35.646642],[139.880255,35.646588],[139.881632,35.645702]]},"properties":{"ward":"江戸川区","species":["サクラ・ソメイヨシノ","サクラ・オオシマザクラ"],"count":56,"route":"43","alias":"","manager":"江戸川区"}},{"type":"Feature","geometry":{"type":"LineString","coordinates":[[139.873399,35.66209],[139.877948,35.661805],[139.881352,35.660831]]},"properties":{"ward":"江戸川区","species":["サクラ・ソメイヨシノ","サクラ・オオシマザクラ"],"count":113,"route":"14","alias":"","manager":"江戸川区"}},{"type":"Feature","geometry":{"type":"LineString","coordinates":[[139.866795,35.676963],[139.868142,35.67557],[139.868883,35.675089],[139.869584,35.674864]]},"properties":{"ward":"江戸川区","species":["サクラ・ソメイヨシノ","サクラ・オオシマザクラほか"],"count":136,"route":"05","alias":"","manager":"江戸川区"}},{"type":"Feature","geometry":{"type":"LineString","coordinates":[[139.871768,35.674195],[139.876562,35.673474]]},"properties":{"ward":"江戸川区","species":["サクラ・ソメイヨシノ","サクラ・カワヅザクラほか"],"count":102,"route":"07","alias":"","manager":"江戸川区"}},{"type":"Feature","geometry":{"type":"LineString","coordinates":[[139.892941,35.701619],[139.89267,35.700067],[139.898019,35.689504],[139.898615,35.689046],[139.899401,35.688639],[139.900088,35.687877],[139.902221,35.686656],[139.903174,35.685362],[139.903896,35.684125]]},"properties":{"ward":"江戸川区","species":["サクラ・ソメイヨシノ","サクラ・サトザクラ"],"count":151,"route":"03","alias":"","manager":"江戸川区"}},{"type":"Feature","geometry":{"type":"LineString","coordinates":[[139.856585,35.682654],[139.860812,35.680927],[139.861688,35.680734]]},"properties":{"ward":"江戸川区","species":["サクラ・ソメイヨシノ","サクラ・ジュウガツザクラほか"],"count":109,"route":"01","alias":"","manager":"江戸川区"}},{"type":"Feature","geometry":{"type":"LineString","coordinates":[[139.893311,35.699552],[139.89346,35.699193]]},"properties":{"ward":"江戸川区","species":["サクラ・ソメイヨシノ","サクラ・ソメイヨシノほか"],"count":5,"route":"11","alias":"","manager":"江戸川区"}},{"type":"Feature","geometry":{"type":"LineString","coordinates":[[139.874123,35.687732],[139.873955,35.688535]]},"properties":{"ward":"江戸川区","species":["サクラ・ソメイヨシノ","サクラ・ソメイヨシノほか"],"count":6,"route":"38","alias":"","manager":"江戸川区"}},{"type":"Feature","geometry":{"type":"LineString","coordinates":[[139.877081,35.673392],[139.882983,35.672538]]},"properties":{"ward":"江戸川区","species":["サクラ・ソメイヨシノ","サクラ・フゲンゾウほか"],"count":117,"route":"08","alias":"","manager":"江戸川区"}},{"type":"Feature","geometry":{"type":"LineString","coordinates":[[139.856528,35.67455],[139.857282,35.675265],[139.858522,35.675708],[139.858967,35.675345]]},"properties":{"ward":"江戸川区","species":["サクラ・ソメイヨシノ","サクラ・ヤマザクラ"],"count":44,"route":"09","alias":"","manager":"江戸川区"}},{"type":"Feature","geometry":{"type":"LineString","coordinates":[[139.882787,35.647531],[139.872212,35.648487]]},"properties":{"ward":"江戸川区","species":["サクラ・ソメイヨシノ","サルスベリほか"],"count":195,"route":"40","alias":"","manager":"江戸川区"}},{"type":"Feature","geometry":{"type":"LineString","coordinates":[[139.902653,35.685513],[139.902549,35.685457]]},"properties":{"ward":"江戸川区","species":["サクラ・ソメイヨシノ","ハナミズキ"],"count":2,"route":"37","alias":"","manager":"江戸川区"}},{"type":"Feature","geometry":{"type":"LineString","coordinates":[[139.877552,35.660866],[139.88072,35.6599],[139.881227,35.659852]]},"properties":{"ward":"江戸川区","species":["サクラ・ソメイヨシノ","ハナミズキ"],"count":43,"route":"15","alias":"","manager":"江戸川区"}},{"type":"Feature","geometry":{"type":"LineString","coordinates":[[139.916536,35.698449],[139.915413,35.699097],[139.914905,35.699494],[139.914613,35.699599],[139.913948,35.699608],[139.913667,35.699783],[139.913368,35.700114],[139.912842,35.70025]]},"properties":{"ward":"江戸川区","species":["サクラ・ソメイヨシノ","ハナミズキほか"],"count":73,"route":"26","alias":"","manager":"江戸川区"}},{"type":"Feature","geometry":{"type":"LineString","coordinates":[[139.887893,35.702289],[139.888071,35.702596],[139.888138,35.703206],[139.887989,35.703588],[139.887959,35.705648],[139.888022,35.706238],[139.888432,35.708015],[139.888765,35.708623],[139.88882,35.709854],[139.889099,35.709927]]},"properties":{"ward":"江戸川区","species":["サクラ・ソメイヨシノ","ハナミズキほか"],"count":121,"route":"18","alias":"","manager":"江戸川区"}},{"type":"Feature","geometry":{"type":"LineString","coordinates":[[139.866771,35.67717],[139.865031,35.678369],[139.863581,35.679755],[139.862819,35.680332],[139.862172,35.680623]]},"properties":{"ward":"江戸川区","species":["サクラ・ソメイヨシノ","フジほか"],"count":65,"route":"03","alias":"","manager":"江戸川区"}},{"type":"Feature","geometry":{"type":"LineString","coordinates":[[139.871875,35.650338],[139.867537,35.650737],[139.867263,35.65029],[139.866165,35.650392]]},"properties":{"ward":"江戸川区","species":["サクラ・ソメイヨシノ","ホルトノキほか"],"count":94,"route":"29","alias":"","manager":"江戸川区"}},{"type":"Feature","geometry":{"type":"LineString","coordinates":[[139.857163,35.680959],[139.856937,35.681619],[139.85721,35.682002]]},"properties":{"ward":"江戸川区","species":["サクラ・ソメイヨシノ","マツ・クロマツほか"],"count":44,"route":"02","alias":"","manager":"江戸川区"}},{"type":"Feature","geometry":{"type":"LineString","coordinates":[[139.861913,35.680293],[139.8627,35.680016],[139.86364,35.679298],[139.864878,35.678113],[139.866531,35.677067]]},"properties":{"ward":"江戸川区","species":["サクラ・ソメイヨシノ","マツ・クロマツほか"],"count":74,"route":"04","alias":"","manager":"江戸川区"}},{"type":"Feature","geometry":{"type":"LineString","coordinates":[[139.851534,35.664781],[139.851816,35.664743],[139.852178,35.664563],[139.852983,35.664621],[139.85335,35.664507],[139.852521,35.664563]]},"properties":{"ward":"江戸川区","species":["サクラ・ソメイヨシノ","マツ・クロマツほか"],"count":265,"route":"01","alias":"","manager":"江戸川区"}},{"type":"Feature","geometry":{"type":"LineString","coordinates":[[139.851705,35.664916],[139.853418,35.664621]]},"properties":{"ward":"江戸川区","species":["サクラ・ソメイヨシノ","マツ・クロマツほか"],"count":265,"route":"01","alias":"","manager":"江戸川区"}},{"type":"Feature","geometry":{"type":"LineString","coordinates":[[139.858241,35.674234],[139.858324,35.674165]]},"properties":{"ward":"江戸川区","species":["サクラ・ソメイヨシノ","モモ"],"count":2,"route":"11","alias":"","manager":"江戸川区"}},{"type":"Feature","geometry":{"type":"LineString","coordinates":[[139.85882,35.685334],[139.863143,35.683784]]},"properties":{"ward":"江戸川区","species":["サクラ・ソメイヨシノ","ヤマボウシ"],"count":44,"route":"07","alias":"","manager":"江戸川区"}},{"type":"Feature","geometry":{"type":"LineString","coordinates":[[139.874124,35.715885],[139.874189,35.715838]]},"properties":{"ward":"江戸川区","species":["サクラ・ソメイヨシノ","ヤマモモ"],"count":26,"route":"27","alias":"","manager":"江戸川区"}},{"type":"Feature","geometry":{"type":"LineString","coordinates":[[139.872471,35.650283],[139.874608,35.65009],[139.875644,35.649781],[139.876328,35.649484],[139.877194,35.649008],[139.877123,35.648145]]},"properties":{"ward":"江戸川区","species":["サクラ・ソメイヨシノ","ヤマモモ"],"count":108,"route":"38","alias":"","manager":"江戸川区"}},{"type":"Feature","geometry":{"type":"LineString","coordinates":[[139.85908,35.686704],[139.859399,35.68729]]},"properties":{"ward":"江戸川区","species":["サクラ・ソメイヨシノ","ヤマモモほか"],"count":26,"route":"01","alias":"","manager":"江戸川区"}},{"type":"Feature","geometry":{"type":"LineString","coordinates":[[139.89265,35.715282],[139.893061,35.715371]]},"properties":{"ward":"江戸川区","species":["サルスベリ"],"count":4,"route":"07","alias":"","manager":"江戸川区"}},{"type":"Feature","geometry":{"type":"LineString","coordinates":[[139.884421,35.744783],[139.884368,35.745151]]},"properties":{"ward":"江戸川区","species":["サルスベリ"],"count":4,"route":"10","alias":"","manager":"江戸川区"}},{"type":"Feature","geometry":{"type":"LineString","coordinates":[[139.908986,35.708485],[139.910943,35.708261]]},"properties":{"ward":"江戸川区","species":["サルスベリ"],"count":12,"route":"45","alias":"","manager":"江戸川区"}},{"type":"Feature","geometry":{"type":"LineString","coordinates":[[139.907083,35.704889],[139.905497,35.707851],[139.905466,35.709167]]},"properties":{"ward":"江戸川区","species":["サルスベリ"],"count":12,"route":"45","alias":"","manager":"江戸川区"}},{"type":"Feature","geometry":{"type":"LineString","coordinates":[[139.893641,35.686105],[139.893975,35.685984],[139.894662,35.686166]]},"properties":{"ward":"江戸川区","species":["サルスベリ"],"count":13,"route":"28","alias":"","manager":"江戸川区"}},{"type":"Feature","geometry":{"type":"LineString","coordinates":[[139.897601,35.684272],[139.898225,35.684351],[139.89876,35.684298],[139.89942,35.684354]]},"properties":{"ward":"江戸川区","species":["サルスベリ"],"count":16,"route":"34","alias":"","manager":"江戸川区"}},{"type":"Feature","geometry":{"type":"LineString","coordinates":[[139.853259,35.674396],[139.854592,35.674669]]},"properties":{"ward":"江戸川区","species":["サルスベリ"],"count":19,"route":"13","alias":"","manager":"江戸川区"}},{"type":"Feature","geometry":{"type":"LineString","coordinates":[[139.899205,35.705727],[139.901155,35.706224]]},"properties":{"ward":"江戸川区","species":["サルスベリ"],"count":20,"route":"32","alias":"","manager":"江戸川区"}},{"type":"Feature","geometry":{"type":"LineString","coordinates":[[139.894184,35.721058],[139.893581,35.722821]]},"properties":{"ward":"江戸川区","species":["サルスベリ"],"count":20,"route":"41","alias":"","manager":"江戸川区"}},{"type":"Feature","geometry":{"type":"LineString","coordinates":[[139.880404,35.686547],[139.881417,35.686507],[139.881731,35.686632],[139.882134,35.68631]]},"properties":{"ward":"江戸川区","species":["サルスベリ"],"count":21,"route":"45","alias":"","manager":"江戸川区"}},{"type":"Feature","geometry":{"type":"LineString","coordinates":[[139.879901,35.685466],[139.879989,35.685685],[139.880732,35.685768],[139.88077,35.686446]]},"properties":{"ward":"江戸川区","species":["サルスベリ"],"count":24,"route":"46","alias":"","manager":"江戸川区"}},{"type":"Feature","geometry":{"type":"LineString","coordinates":[[139.889687,35.729361],[139.8894,35.729608],[139.891973,35.732019]]},"properties":{"ward":"江戸川区","species":["サルスベリ"],"count":40,"route":"27","alias":"","manager":"江戸川区"}},{"type":"Feature","geometry":{"type":"LineString","coordinates":[[139.846792,35.698809],[139.847036,35.699169],[139.847393,35.699984],[139.847399,35.700396],[139.847558,35.700618],[139.847501,35.700988],[139.847927,35.702298],[139.848483,35.703126],[139.848773,35.703936],[139.849641,35.705513]]},"properties":{"ward":"江戸川区","species":["サルスベリ","アオギリほか"],"count":89,"route":"11","alias":"","manager":"江戸川区"}},{"type":"Feature","geometry":{"type":"LineString","coordinates":[[139.863221,35.707272],[139.86307,35.708359],[139.863088,35.70893],[139.862806,35.710728]]},"properties":{"ward":"江戸川区","species":["サルスベリ","キンモクセイほか"],"count":57,"route":"56","alias":"","manager":"江戸川区"}},{"type":"Feature","geometry":{"type":"LineString","coordinates":[[139.880704,35.685391],[139.880732,35.685753],[139.88143,35.685892],[139.881419,35.686407]]},"properties":{"ward":"江戸川区","species":["サルスベリ","コブシほか"],"count":20,"route":"52","alias":"","manager":"江戸川区"}},{"type":"Feature","geometry":{"type":"LineString","coordinates":[[139.881372,35.685296],[139.881426,35.685628],[139.881495,35.685658],[139.88176,35.685587],[139.881745,35.685276]]},"properties":{"ward":"江戸川区","species":["サルスベリ","コブシほか"],"count":20,"route":"52","alias":"","manager":"江戸川区"}},{"type":"Feature","geometry":{"type":"LineString","coordinates":[[139.854817,35.674358],[139.855136,35.674457],[139.854957,35.67509],[139.855786,35.675366],[139.85563,35.676925]]},"properties":{"ward":"江戸川区","species":["サルスベリ","サクラ・ソメイヨシノほか"],"count":76,"route":"08","alias":"","manager":"江戸川区"}},{"type":"Feature","geometry":{"type":"LineString","coordinates":[[139.855704,35.67658],[139.856778,35.676901]]},"properties":{"ward":"江戸川区","species":["サルスベリ","サクラ・ソメイヨシノほか"],"count":76,"route":"08","alias":"","manager":"江戸川区"}},{"type":"Feature","geometry":{"type":"LineString","coordinates":[[139.868858,35.693173],[139.869029,35.693137],[139.86998,35.692408],[139.87117,35.691786],[139.87198,35.691641]]},"properties":{"ward":"江戸川区","species":["サルスベリ","ハナミズキほか"],"count":12,"route":"30","alias":"","manager":"江戸川区"}},{"type":"Feature","geometry":{"type":"LineString","coordinates":[[139.865898,35.687538],[139.8662,35.687443]]},"properties":{"ward":"江戸川区","species":["サルスベリ","ハナミズキほか"],"count":12,"route":"30","alias":"","manager":"江戸川区"}},{"type":"Feature","geometry":{"type":"LineString","coordinates":[[139.848042,35.695175],[139.848308,35.69469],[139.848485,35.693953]]},"properties":{"ward":"江戸川区","species":["サルスベリ","マツ・クロマツほか"],"count":125,"route":"21","alias":"","manager":"江戸川区"}},{"type":"Feature","geometry":{"type":"LineString","coordinates":[[139.84845,35.69464],[139.852138,35.697264]]},"properties":{"ward":"江戸川区","species":["サルスベリ","マツ・クロマツほか"],"count":125,"route":"21","alias":"","manager":"江戸川区"}},{"type":"Feature","geometry":{"type":"LineString","coordinates":[[139.883374,35.695286],[139.884243,35.696286]]},"properties":{"ward":"江戸川区","species":["サルスベリ","モッコクほか"],"count":11,"route":"40","alias":"","manager":"江戸川区"}},{"type":"Feature","geometry":{"type":"LineString","coordinates":[[139.865017,35.702769],[139.865266,35.705903],[139.864819,35.706341]]},"properties":{"ward":"江戸川区","species":["サンゴジュ"],"count":2,"route":"65","alias":"","manager":"江戸川区"}},{"type":"Feature","geometry":{"type":"LineString","coordinates":[[139.91233,35.701862],[139.912843,35.702384]]},"properties":{"ward":"江戸川区","species":["サンゴジュ","スダジイほか"],"count":10,"route":"19","alias":"","manager":"江戸川区"}},{"type":"Feature","geometry":{"type":"LineString","coordinates":[[139.881664,35.718371],[139.882266,35.71845]]},"properties":{"ward":"江戸川区","species":["サンゴジュ","ハナミズキほか"],"count":16,"route":"03","alias":"","manager":"江戸川区"}},{"type":"Feature","geometry":{"type":"LineString","coordinates":[[139.859128,35.66519],[139.861443,35.66497]]},"properties":{"ward":"江戸川区","species":["シマトネリコ"],"count":26,"route":"20","alias":"","manager":"江戸川区"}},{"type":"Feature","geometry":{"type":"LineString","coordinates":[[139.870097,35.654674],[139.872145,35.654425]]},"properties":{"ward":"江戸川区","species":["シマトネリコ","クスノキ"],"count":32,"route":"53","alias":"","manager":"江戸川区"}},{"type":"Feature","geometry":{"type":"LineString","coordinates":[[139.855143,35.666743],[139.856652,35.665609],[139.858707,35.665196]]},"properties":{"ward":"江戸川区","species":["シマトネリコ","クスノキ"],"count":74,"route":"15","alias":"","manager":"江戸川区"}},{"type":"Feature","geometry":{"type":"LineString","coordinates":[[139.898904,35.706503],[139.900781,35.70698]]},"properties":{"ward":"江戸川区","species":["シラカシ"],"count":4,"route":"31","alias":"","manager":"江戸川区"}},{"type":"Feature","geometry":{"type":"LineString","coordinates":[[139.852789,35.671012],[139.853705,35.671786]]},"properties":{"ward":"江戸川区","species":["シラカシ"],"count":8,"route":"17","alias":"","manager":"江戸川区"}},{"type":"Feature","geometry":{"type":"LineString","coordinates":[[139.859773,35.67976],[139.860227,35.679446]]},"properties":{"ward":"江戸川区","species":["シラカシ"],"count":11,"route":"03","alias":"","manager":"江戸川区"}},{"type":"Feature","geometry":{"type":"LineString","coordinates":[[139.903849,35.704584],[139.903145,35.705915]]},"properties":{"ward":"江戸川区","species":["シラカシ"],"count":11,"route":"39","alias":"","manager":"江戸川区"}},{"type":"Feature","geometry":{"type":"LineString","coordinates":[[139.852232,35.670423],[139.853333,35.66944]]},"properties":{"ward":"江戸川区","species":["シラカシ"],"count":24,"route":"01","alias":"","manager":"江戸川区"}},{"type":"Feature","geometry":{"type":"LineString","coordinates":[[139.853317,35.677297],[139.857353,35.678632]]},"properties":{"ward":"江戸川区","species":["シラカシ"],"count":51,"route":"06","alias":"","manager":"江戸川区"}},{"type":"Feature","geometry":{"type":"LineString","coordinates":[[139.85685,35.676907],[139.856879,35.676625],[139.856972,35.676581],[139.858021,35.676909]]},"properties":{"ward":"江戸川区","species":["シラカシ","コブシほか"],"count":24,"route":"07","alias":"","manager":"江戸川区"}},{"type":"Feature","geometry":{"type":"LineString","coordinates":[[139.853942,35.679238],[139.854715,35.679402]]},"properties":{"ward":"江戸川区","species":["シラカシ","コブシほか"],"count":24,"route":"07","alias":"","manager":"江戸川区"}},{"type":"Feature","geometry":{"type":"LineString","coordinates":[[139.868023,35.665232],[139.871206,35.665062],[139.872264,35.66482],[139.872862,35.664788]]},"properties":{"ward":"江戸川区","species":["シラカシ","サクラ・ソメイヨシノ"],"count":75,"route":"41","alias":"","manager":"江戸川区"}},{"type":"Feature","geometry":{"type":"LineString","coordinates":[[139.881059,35.748626],[139.880897,35.749579]]},"properties":{"ward":"江戸川区","species":["シラカシ","サクラ・ソメイヨシノほか"],"count":27,"route":"01","alias":"","manager":"江戸川区"}},{"type":"Feature","geometry":{"type":"LineString","coordinates":[[139.88061,35.74969],[139.882048,35.749569],[139.882584,35.749434]]},"properties":{"ward":"江戸川区","species":["シラカシ","サクラ・ソメイヨシノほか"],"count":27,"route":"01","alias":"","manager":"江戸川区"}},{"type":"Feature","geometry":{"type":"LineString","coordinates":[[139.856494,35.667877],[139.858986,35.66614]]},"properties":{"ward":"江戸川区","species":["シラカシ","サルスベリ"],"count":45,"route":"12","alias":"","manager":"江戸川区"}},{"type":"Feature","geometry":{"type":"LineString","coordinates":[[139.861333,35.648697],[139.869389,35.645728]]},"properties":{"ward":"江戸川区","species":["シラカシ","ネズミモチほか"],"count":183,"route":"33","alias":"","manager":"江戸川区"}},{"type":"Feature","geometry":{"type":"LineString","coordinates":[[139.905315,35.692777],[139.907643,35.694656],[139.908462,35.695468],[139.909117,35.696356],[139.910457,35.698879],[139.911248,35.700179],[139.911661,35.700672]]},"properties":{"ward":"江戸川区","species":["シラカシ","ハナミズキほか"],"count":88,"route":"13","alias":"","manager":"江戸川区"}},{"type":"Feature","geometry":{"type":"LineString","coordinates":[[139.881133,35.722518],[139.889505,35.719]]},"properties":{"ward":"江戸川区","species":["シラカシ","ハナミズキほか"],"count":126,"route":"38","alias":"","manager":"江戸川区"}},{"type":"Feature","geometry":{"type":"LineString","coordinates":[[139.866934,35.661828],[139.865825,35.662377],[139.863257,35.662561],[139.857046,35.663247]]},"properties":{"ward":"江戸川区","species":["シラカシ","マテバシイ"],"count":168,"route":"24","alias":"","manager":"江戸川区"}},{"type":"Feature","geometry":{"type":"LineString","coordinates":[[139.855349,35.666734],[139.856409,35.667848]]},"properties":{"ward":"江戸川区","species":["シラカシ","ヤマボウシ"],"count":34,"route":"13","alias":"","manager":"江戸川区"}},{"type":"Feature","geometry":{"type":"LineString","coordinates":[[139.863593,35.687555],[139.864145,35.687562],[139.865464,35.687406]]},"properties":{"ward":"江戸川区","species":["スダジイ","ハナミズキ"],"count":38,"route":"19","alias":"","manager":"江戸川区"}},{"type":"Feature","geometry":{"type":"LineString","coordinates":[[139.847889,35.687868],[139.848024,35.688253],[139.847957,35.688488],[139.848047,35.688883],[139.847966,35.689107],[139.848152,35.689578],[139.848061,35.690071],[139.848174,35.691193],[139.848321,35.691548],[139.848293,35.691971],[139.848412,35.692057],[139.84829,35.69353]]},"properties":{"ward":"江戸川区","species":["ソメイヨシノ"],"count":13,"route":"07","alias":"","manager":"江戸川区"}},{"type":"Feature","geometry":{"type":"LineString","coordinates":[[139.833656,35.715086],[139.833576,35.715609],[139.833748,35.716052],[139.83437,35.716778],[139.834943,35.717232],[139.835561,35.717553],[139.836583,35.717682],[139.837432,35.717511],[139.838136,35.717196]]},"properties":{"ward":"江戸川区","species":["ソメイヨシノ","ウメほか"],"count":59,"route":"01","alias":"","manager":"江戸川区"}},{"type":"Feature","geometry":{"type":"LineString","coordinates":[[139.834795,35.704873],[139.835128,35.705493],[139.835613,35.706095]]},"properties":{"ward":"江戸川区","species":["ソメイヨシノ","カワヅサクラほか"],"count":95,"route":"04","alias":"","manager":"江戸川区"}},{"type":"Feature","geometry":{"type":"LineString","coordinates":[[139.834619,35.704983],[139.834723,35.705204]]},"properties":{"ward":"江戸川区","species":["ソメイヨシノ","カワヅサクラほか"],"count":95,"route":"04","alias":"","manager":"江戸川区"}},{"type":"Feature","geometry":{"type":"LineString","coordinates":[[139.835358,35.703712],[139.836432,35.702806],[139.836835,35.702613],[139.841387,35.700988],[139.844174,35.699708],[139.844978,35.69915],[139.845746,35.698386]]},"properties":{"ward":"江戸川区","species":["ソメイヨシノ","カワヅサクラほか"],"count":95,"route":"04","alias":"","manager":"江戸川区"}},{"type":"Feature","geometry":{"type":"LineString","coordinates":[[139.833715,35.714785],[139.833816,35.714456],[139.834298,35.713811],[139.834625,35.713451],[139.835469,35.712797],[139.836429,35.712296],[139.838643,35.711712],[139.839916,35.711147],[139.840238,35.710447],[139.840219,35.710087],[139.840063,35.709759]]},"properties":{"ward":"江戸川区","species":["ソメイヨシノ","ニセアカシアほか"],"count":83,"route":"02","alias":"","manager":"江戸川区"}},{"type":"Feature","geometry":{"type":"LineString","coordinates":[[139.896517,35.687872],[139.896955,35.68769],[139.896929,35.687376]]},"properties":{"ward":"江戸川区","species":["タイサンボク","サクラ・ソメイヨシノほか"],"count":27,"route":"27","alias":"","manager":"江戸川区"}},{"type":"Feature","geometry":{"type":"LineString","coordinates":[[139.884595,35.666079],[139.884659,35.665977]]},"properties":{"ward":"江戸川区","species":["タイワンフウ"],"count":1,"route":"57","alias":"","manager":"江戸川区"}},{"type":"Feature","geometry":{"type":"LineString","coordinates":[[139.881005,35.737199],[139.881437,35.737342]]},"properties":{"ward":"江戸川区","species":["タブノキ"],"count":6,"route":"37","alias":"","manager":"江戸川区"}},{"type":"Feature","geometry":{"type":"LineString","coordinates":[[139.87446,35.671657],[139.875451,35.671537]]},"properties":{"ward":"江戸川区","species":["タブノキ"],"count":6,"route":"38","alias":"","manager":"江戸川区"}},{"type":"Feature","geometry":{"type":"LineString","coordinates":[[139.861958,35.683354],[139.862503,35.68438]]},"properties":{"ward":"江戸川区","species":["タブノキ"],"count":8,"route":"10","alias":"","manager":"江戸川区"}},{"type":"Feature","geometry":{"type":"LineString","coordinates":[[139.873048,35.670273],[139.874009,35.670115]]},"properties":{"ward":"江戸川区","species":["タブノキ"],"count":8,"route":"39","alias":"","manager":"江戸川区"}},{"type":"Feature","geometry":{"type":"LineString","coordinates":[[139.856487,35.673021],[139.859109,35.675339]]},"properties":{"ward":"江戸川区","species":["タブノキ"],"count":24,"route":"10","alias":"","manager":"江戸川区"}},{"type":"Feature","geometry":{"type":"LineString","coordinates":[[139.853791,35.667541],[139.854788,35.666998]]},"properties":{"ward":"江戸川区","species":["タブノキ"],"count":30,"route":"07","alias":"","manager":"江戸川区"}},{"type":"Feature","geometry":{"type":"LineString","coordinates":[[139.873968,35.669562],[139.874482,35.672515]]},"properties":{"ward":"江戸川区","species":["タブノキ"],"count":33,"route":"37","alias":"","manager":"江戸川区"}},{"type":"Feature","geometry":{"type":"LineString","coordinates":[[139.861422,35.660181],[139.858538,35.660368]]},"properties":{"ward":"江戸川区","species":["タブノキ"],"count":40,"route":"27","alias":"","manager":"江戸川区"}},{"type":"Feature","geometry":{"type":"LineString","coordinates":[[139.900864,35.714032],[139.901136,35.710203],[139.901108,35.709438]]},"properties":{"ward":"江戸川区","species":["タブノキ"],"count":45,"route":"13","alias":"","manager":"江戸川区"}},{"type":"Feature","geometry":{"type":"LineString","coordinates":[[139.86084,35.656805],[139.863383,35.654574]]},"properties":{"ward":"江戸川区","species":["タブノキ"],"count":50,"route":"29","alias":"","manager":"江戸川区"}},{"type":"Feature","geometry":{"type":"LineString","coordinates":[[139.853454,35.667374],[139.851966,35.665679]]},"properties":{"ward":"江戸川区","species":["タブノキ"],"count":55,"route":"06","alias":"","manager":"江戸川区"}},{"type":"Feature","geometry":{"type":"LineString","coordinates":[[139.849828,35.694848],[139.848784,35.695764],[139.84698,35.698065]]},"properties":{"ward":"江戸川区","species":["タブノキ"],"count":57,"route":"14","alias":"","manager":"江戸川区"}},{"type":"Feature","geometry":{"type":"LineString","coordinates":[[139.899682,35.699248],[139.908418,35.702241]]},"properties":{"ward":"江戸川区","species":["タブノキ"],"count":82,"route":"07","alias":"","manager":"江戸川区"}},{"type":"Feature","geometry":{"type":"LineString","coordinates":[[139.909078,35.703351],[139.899288,35.700031]]},"properties":{"ward":"江戸川区","species":["タブノキ"],"count":84,"route":"06","alias":"","manager":"江戸川区"}},{"type":"Feature","geometry":{"type":"LineString","coordinates":[[139.853809,35.655728],[139.853749,35.654672],[139.856852,35.654547],[139.856895,35.655629]]},"properties":{"ward":"江戸川区","species":["タブノキ"],"count":104,"route":"12","alias":"","manager":"江戸川区"}},{"type":"Feature","geometry":{"type":"LineString","coordinates":[[139.868768,35.659043],[139.867963,35.658631],[139.867074,35.658522],[139.862374,35.6588],[139.859818,35.658415]]},"properties":{"ward":"江戸川区","species":["タブノキ"],"count":151,"route":"28","alias":"","manager":"江戸川区"}},{"type":"Feature","geometry":{"type":"LineString","coordinates":[[139.858404,35.646815],[139.862787,35.650101],[139.863107,35.650601],[139.863272,35.65108],[139.863428,35.652788]]},"properties":{"ward":"江戸川区","species":["タブノキ"],"count":198,"route":"23","alias":"","manager":"江戸川区"}},{"type":"Feature","geometry":{"type":"LineString","coordinates":[[139.900208,35.68798],[139.901182,35.688492],[139.902057,35.689258],[139.903892,35.690123],[139.905243,35.691052],[139.906695,35.692221],[139.90699,35.692633],[139.908135,35.693426],[139.908841,35.693711],[139.90981,35.694835],[139.910962,35.69643],[139.911547,35.697658],[139.911897,35.698166],[139.912533,35.69987],[139.912778,35.700319],[139.912845,35.701185],[139.913669,35.702817],[139.913848,35.703705],[139.913461,35.705383]]},"properties":{"ward":"江戸川区","species":["タブノキ"],"count":207,"route":"14","alias":"","manager":"江戸川区"}},{"type":"Feature","geometry":{"type":"LineString","coordinates":[[139.859455,35.675663],[139.862234,35.678147]]},"properties":{"ward":"江戸川区","species":["タブノキ","カキノキ"],"count":49,"route":"18","alias":"","manager":"江戸川区"}},{"type":"Feature","geometry":{"type":"LineString","coordinates":[[139.878954,35.672337],[139.881233,35.672062]]},"properties":{"ward":"江戸川区","species":["タブノキ","クスノキ"],"count":18,"route":"41","alias":"","manager":"江戸川区"}},{"type":"Feature","geometry":{"type":"LineString","coordinates":[[139.8738,35.644764],[139.874092,35.650078]]},"properties":{"ward":"江戸川区","species":["タブノキ","ヤマボウシほか"],"count":123,"route":"39","alias":"","manager":"江戸川区"}},{"type":"Feature","geometry":{"type":"LineString","coordinates":[[139.860153,35.687636],[139.860725,35.687469],[139.860691,35.687387]]},"properties":{"ward":"江戸川区","species":["タブノキ","ヤマモモほか"],"count":9,"route":"03","alias":"","manager":"江戸川区"}},{"type":"Feature","geometry":{"type":"LineString","coordinates":[[139.861598,35.69137],[139.862319,35.691412],[139.862499,35.691562],[139.863181,35.691483],[139.863559,35.691592],[139.86389,35.691549],[139.864386,35.691654],[139.865037,35.691469]]},"properties":{"ward":"江戸川区","species":["トウカエデ"],"count":31,"route":"14","alias":"","manager":"江戸川区"}},{"type":"Feature","geometry":{"type":"LineString","coordinates":[[139.874573,35.657267],[139.877506,35.656108]]},"properties":{"ward":"江戸川区","species":["トウカエデ"],"count":31,"route":"24","alias":"","manager":"江戸川区"}},{"type":"Feature","geometry":{"type":"LineString","coordinates":[[139.857454,35.672159],[139.854746,35.674215],[139.854297,35.677502]]},"properties":{"ward":"江戸川区","species":["トウカエデ","カキノキ"],"count":108,"route":"12","alias":"","manager":"江戸川区"}},{"type":"Feature","geometry":{"type":"LineString","coordinates":[[139.886801,35.724581],[139.887357,35.724253],[139.88895,35.72391],[139.89068,35.723803],[139.891698,35.723943],[139.893455,35.723462],[139.89449,35.72344],[139.894879,35.723557]]},"properties":{"ward":"江戸川区","species":["トウカエデ","クスノキほか"],"count":114,"route":"37","alias":"","manager":"江戸川区"}},{"type":"Feature","geometry":{"type":"LineString","coordinates":[[139.905295,35.712741],[139.905637,35.712932],[139.90558,35.713114]]},"properties":{"ward":"江戸川区","species":["トウカエデ","クヌギほか"],"count":28,"route":"16","alias":"","manager":"江戸川区"}},{"type":"Feature","geometry":{"type":"LineString","coordinates":[[139.904642,35.711663],[139.905099,35.711723]]},"properties":{"ward":"江戸川区","species":["トウカエデ","クヌギほか"],"count":28,"route":"16","alias":"","manager":"江戸川区"}},{"type":"Feature","geometry":{"type":"LineString","coordinates":[[139.877708,35.674629],[139.880163,35.675174],[139.88439,35.674424]]},"properties":{"ward":"江戸川区","species":["トウカエデ","フウノキ"],"count":99,"route":"50","alias":"","manager":"江戸川区"}},{"type":"Feature","geometry":{"type":"LineString","coordinates":[[139.860882,35.668176],[139.859539,35.666798],[139.859322,35.666486],[139.859037,35.665822],[139.858363,35.660704],[139.858397,35.660058],[139.858738,35.659219],[139.859078,35.658817],[139.860508,35.657615],[139.861362,35.657246],[139.863751,35.6566],[139.866619,35.656434],[139.868494,35.656491]]},"properties":{"ward":"江戸川区","species":["トチノキ","タイサンボクほか"],"count":289,"route":"11","alias":"","manager":"江戸川区"}},{"type":"Feature","geometry":{"type":"LineString","coordinates":[[139.899973,35.710024],[139.900035,35.709874]]},"properties":{"ward":"江戸川区","species":["ナツツバキ","ハナミズキ"],"count":3,"route":"19","alias":"","manager":"江戸川区"}},{"type":"Feature","geometry":{"type":"LineString","coordinates":[[139.850134,35.694829],[139.852639,35.696673]]},"properties":{"ward":"江戸川区","species":["ナツツバキ","ヤマボウシほか"],"count":68,"route":"22","alias":"","manager":"江戸川区"}},{"type":"Feature","geometry":{"type":"LineString","coordinates":[[139.871001,35.69564],[139.871385,35.695742]]},"properties":{"ward":"江戸川区","species":["ナツミカン","ゲッケイジュほか"],"count":6,"route":"22","alias":"","manager":"江戸川区"}},{"type":"Feature","geometry":{"type":"LineString","coordinates":[[139.884856,35.748944],[139.884683,35.750049]]},"properties":{"ward":"江戸川区","species":["ハクモクレン","コブシ"],"count":56,"route":"02","alias":"","manager":"江戸川区"}},{"type":"Feature","geometry":{"type":"LineString","coordinates":[[139.881765,35.74304],[139.881672,35.743002],[139.881871,35.741514]]},"properties":{"ward":"江戸川区","species":["ハクモクレン","シイノキほか"],"count":17,"route":"28","alias":"","manager":"江戸川区"}},{"type":"Feature","geometry":{"type":"LineString","coordinates":[[139.881048,35.697321],[139.881673,35.697323]]},"properties":{"ward":"江戸川区","species":["ハナミズキ"],"count":2,"route":"11","alias":"","manager":"江戸川区"}},{"type":"Feature","geometry":{"type":"LineString","coordinates":[[139.871254,35.71458],[139.871343,35.714614]]},"properties":{"ward":"江戸川区","species":["ハナミズキ"],"count":2,"route":"16","alias":"","manager":"江戸川区"}},{"type":"Feature","geometry":{"type":"LineString","coordinates":[[139.892782,35.734379],[139.892822,35.734151]]},"properties":{"ward":"江戸川区","species":["ハナミズキ"],"count":4,"route":"25","alias":"","manager":"江戸川区"}},{"type":"Feature","geometry":{"type":"LineString","coordinates":[[139.895366,35.684504],[139.895614,35.684281]]},"properties":{"ward":"江戸川区","species":["ハナミズキ"],"count":4,"route":"31","alias":"","manager":"江戸川区"}},{"type":"Feature","geometry":{"type":"LineString","coordinates":[[139.872102,35.679267],[139.872582,35.679187]]},"properties":{"ward":"江戸川区","species":["ハナミズキ"],"count":4,"route":"31","alias":"","manager":"江戸川区"}},{"type":"Feature","geometry":{"type":"LineString","coordinates":[[139.893948,35.735049],[139.89376,35.735965]]},"properties":{"ward":"江戸川区","species":["ハナミズキ"],"count":5,"route":"12","alias":"","manager":"江戸川区"}},{"type":"Feature","geometry":{"type":"LineString","coordinates":[[139.889764,35.695863],[139.890206,35.696357]]},"properties":{"ward":"江戸川区","species":["ハナミズキ"],"count":5,"route":"14","alias":"","manager":"江戸川区"}},{"type":"Feature","geometry":{"type":"LineString","coordinates":[[139.885335,35.746122],[139.885753,35.74616]]},"properties":{"ward":"江戸川区","species":["ハナミズキ"],"count":7,"route":"07","alias":"","manager":"江戸川区"}},{"type":"Feature","geometry":{"type":"LineString","coordinates":[[139.861564,35.701372],[139.863902,35.700344]]},"properties":{"ward":"江戸川区","species":["ハナミズキ"],"count":9,"route":"05","alias":"","manager":"江戸川区"}},{"type":"Feature","geometry":{"type":"LineString","coordinates":[[139.864627,35.688183],[139.865661,35.687773]]},"properties":{"ward":"江戸川区","species":["ハナミズキ"],"count":11,"route":"18","alias":"","manager":"江戸川区"}},{"type":"Feature","geometry":{"type":"LineString","coordinates":[[139.893715,35.736273],[139.893366,35.738178]]},"properties":{"ward":"江戸川区","species":["ハナミズキ"],"count":12,"route":"42","alias":"","manager":"江戸川区"}},{"type":"Feature","geometry":{"type":"LineString","coordinates":[[139.88855,35.721973],[139.889825,35.722277]]},"properties":{"ward":"江戸川区","species":["ハナミズキ"],"count":13,"route":"39","alias":"","manager":"江戸川区"}},{"type":"Feature","geometry":{"type":"LineString","coordinates":[[139.882922,35.687309],[139.883181,35.687953]]},"properties":{"ward":"江戸川区","species":["ハナミズキ"],"count":13,"route":"47","alias":"","manager":"江戸川区"}},{"type":"Feature","geometry":{"type":"LineString","coordinates":[[139.879721,35.66225],[139.881226,35.661574]]},"properties":{"ward":"江戸川区","species":["ハナミズキ"],"count":18,"route":"13","alias":"","manager":"江戸川区"}},{"type":"Feature","geometry":{"type":"LineString","coordinates":[[139.873832,35.726489],[139.87554,35.726502]]},"properties":{"ward":"江戸川区","species":["ハナミズキ"],"count":21,"route":"02","alias":"","manager":"江戸川区"}},{"type":"Feature","geometry":{"type":"LineString","coordinates":[[139.869666,35.709936],[139.871644,35.709824]]},"properties":{"ward":"江戸川区","species":["ハナミズキ"],"count":25,"route":"48","alias":"","manager":"江戸川区"}},{"type":"Feature","geometry":{"type":"LineString","coordinates":[[139.867117,35.719705],[139.867373,35.72039],[139.867327,35.721143],[139.868138,35.722856]]},"properties":{"ward":"江戸川区","species":["ハナミズキ"],"count":27,"route":"06","alias":"","manager":"江戸川区"}},{"type":"Feature","geometry":{"type":"LineString","coordinates":[[139.87908,35.690157],[139.880921,35.691347],[139.881797,35.692446]]},"properties":{"ward":"江戸川区","species":["ハナミズキ"],"count":28,"route":"30","alias":"","manager":"江戸川区"}},{"type":"Feature","geometry":{"type":"LineString","coordinates":[[139.886496,35.740425],[139.888141,35.740593]]},"properties":{"ward":"江戸川区","species":["ハナミズキ"],"count":31,"route":"22","alias":"","manager":"江戸川区"}},{"type":"Feature","geometry":{"type":"LineString","coordinates":[[139.892565,35.740944],[139.894294,35.741148]]},"properties":{"ward":"江戸川区","species":["ハナミズキ"],"count":45,"route":"21","alias":"","manager":"江戸川区"}},{"type":"Feature","geometry":{"type":"LineString","coordinates":[[139.90036,35.702553],[139.897552,35.709642]]},"properties":{"ward":"江戸川区","species":["ハナミズキ"],"count":52,"route":"27","alias":"","manager":"江戸川区"}},{"type":"Feature","geometry":{"type":"LineString","coordinates":[[139.900267,35.709417],[139.907624,35.709155]]},"properties":{"ward":"江戸川区","species":["ハナミズキ"],"count":57,"route":"20","alias":"","manager":"江戸川区"}},{"type":"Feature","geometry":{"type":"LineString","coordinates":[[139.873453,35.694268],[139.885303,35.685327]]},"properties":{"ward":"江戸川区","species":["ハナミズキ"],"count":222,"route":"36","alias":"","manager":"江戸川区"}},{"type":"Feature","geometry":{"type":"LineString","coordinates":[[139.872768,35.693533],[139.872845,35.693609]]},"properties":{"ward":"江戸川区","species":["ハナミズキ","キンモクセイほか"],"count":15,"route":"32","alias":"","manager":"江戸川区"}},{"type":"Feature","geometry":{"type":"LineString","coordinates":[[139.855801,35.66338],[139.856729,35.662861],[139.85674,35.662753]]},"properties":{"ward":"江戸川区","species":["ハナミズキ","クスノキほか"],"count":23,"route":"03","alias":"","manager":"江戸川区"}},{"type":"Feature","geometry":{"type":"LineString","coordinates":[[139.876039,35.658033],[139.87846,35.662987]]},"properties":{"ward":"江戸川区","species":["ハナミズキ","クスノキほか"],"count":81,"route":"09","alias":"","manager":"江戸川区"}},{"type":"Feature","geometry":{"type":"LineString","coordinates":[[139.865307,35.683586],[139.86585,35.684046],[139.86507,35.68467],[139.864528,35.684855]]},"properties":{"ward":"江戸川区","species":["ハナミズキ","ケヤキ"],"count":24,"route":"18","alias":"","manager":"江戸川区"}},{"type":"Feature","geometry":{"type":"LineString","coordinates":[[139.883951,35.747223],[139.885818,35.747406]]},"properties":{"ward":"江戸川区","species":["ハナミズキ","コブシ"],"count":43,"route":"06","alias":"","manager":"江戸川区"}},{"type":"Feature","geometry":{"type":"LineString","coordinates":[[139.888225,35.711669],[139.888567,35.711662],[139.888488,35.711291],[139.888271,35.711291]]},"properties":{"ward":"江戸川区","species":["ハナミズキ","コブシほか"],"count":33,"route":"12","alias":"","manager":"江戸川区"}},{"type":"Feature","geometry":{"type":"LineString","coordinates":[[139.906715,35.687177],[139.907037,35.687025]]},"properties":{"ward":"江戸川区","species":["ハナミズキ","サルスベリほか"],"count":7,"route":"47","alias":"","manager":"江戸川区"}},{"type":"Feature","geometry":{"type":"LineString","coordinates":[[139.909285,35.703385],[139.909995,35.703223],[139.910915,35.703149],[139.911966,35.701985],[139.912833,35.701442]]},"properties":{"ward":"江戸川区","species":["ハナミズキ","サンゴジュほか"],"count":46,"route":"18","alias":"","manager":"江戸川区"}},{"type":"Feature","geometry":{"type":"LineString","coordinates":[[139.893416,35.716332],[139.897088,35.713586]]},"properties":{"ward":"江戸川区","species":["ハナミズキ","ハクモクレンほか"],"count":56,"route":"01","alias":"","manager":"江戸川区"}},{"type":"Feature","geometry":{"type":"LineString","coordinates":[[139.887332,35.697535],[139.887645,35.697544]]},"properties":{"ward":"江戸川区","species":["ハナミズキ","ハンノキ"],"count":3,"route":"08","alias":"","manager":"江戸川区"}},{"type":"Feature","geometry":{"type":"LineString","coordinates":[[139.885354,35.736835],[139.885519,35.736889],[139.885169,35.738155],[139.885655,35.738545]]},"properties":{"ward":"江戸川区","species":["ハナミズキ","ヒメリンゴ"],"count":3,"route":"38","alias":"","manager":"江戸川区"}},{"type":"Feature","geometry":{"type":"LineString","coordinates":[[139.882709,35.736043],[139.883036,35.736142]]},"properties":{"ward":"江戸川区","species":["ハナミズキ","ヒメリンゴ"],"count":3,"route":"38","alias":"","manager":"江戸川区"}},{"type":"Feature","geometry":{"type":"LineString","coordinates":[[139.871623,35.675393],[139.874727,35.674744],[139.876171,35.674568],[139.87708,35.674544]]},"properties":{"ward":"江戸川区","species":["ハナミズキ","プラタナスほか"],"count":68,"route":"39","alias":"","manager":"江戸川区"}},{"type":"Feature","geometry":{"type":"LineString","coordinates":[[139.866994,35.677163],[139.868072,35.678192]]},"properties":{"ward":"江戸川区","species":["ハナミズキ","マツ・クロマツほか"],"count":30,"route":"33","alias":"","manager":"江戸川区"}},{"type":"Feature","geometry":{"type":"LineString","coordinates":[[139.887779,35.737721],[139.887808,35.738265],[139.888867,35.738211]]},"properties":{"ward":"江戸川区","species":["ハナミズキ","ミカンほか"],"count":64,"route":"40","alias":"","manager":"江戸川区"}},{"type":"Feature","geometry":{"type":"LineString","coordinates":[[139.84409,35.705731],[139.845235,35.705823]]},"properties":{"ward":"江戸川区","species":["ハナミズキ","モミノキほか"],"count":23,"route":"07","alias":"","manager":"江戸川区"}},{"type":"Feature","geometry":{"type":"LineString","coordinates":[[139.840717,35.704034],[139.841959,35.703089],[139.841959,35.702978]]},"properties":{"ward":"江戸川区","species":["ハナミズキ","ヤマボウシ"],"count":10,"route":"02","alias":"","manager":"江戸川区"}},{"type":"Feature","geometry":{"type":"LineString","coordinates":[[139.866765,35.657463],[139.868682,35.65759]]},"properties":{"ward":"江戸川区","species":["ハナミズキ","ヤマボウシ"],"count":15,"route":"48","alias":"","manager":"江戸川区"}},{"type":"Feature","geometry":{"type":"LineString","coordinates":[[139.897264,35.713563],[139.899657,35.714197]]},"properties":{"ward":"江戸川区","species":["ハナミズキ","ヤマボウシ"],"count":21,"route":"09","alias":"","manager":"江戸川区"}},{"type":"Feature","geometry":{"type":"LineString","coordinates":[[139.884334,35.724835],[139.885935,35.726335]]},"properties":{"ward":"江戸川区","species":["ハナミズキ","ヤマボウシ"],"count":26,"route":"31","alias":"","manager":"江戸川区"}},{"type":"Feature","geometry":{"type":"LineString","coordinates":[[139.878772,35.730963],[139.878805,35.730902]]},"properties":{"ward":"江戸川区","species":["ハナミズキ","ヤマボウシ"],"count":29,"route":"16","alias":"","manager":"江戸川区"}},{"type":"Feature","geometry":{"type":"LineString","coordinates":[[139.878739,35.73082],[139.878814,35.730881],[139.879768,35.730917],[139.880902,35.730843],[139.88127,35.730698],[139.881886,35.730629],[139.882496,35.730684],[139.883667,35.730614],[139.884617,35.73082]]},"properties":{"ward":"江戸川区","species":["ハナミズキ","ヤマボウシ"],"count":29,"route":"16","alias":"","manager":"江戸川区"}},{"type":"Feature","geometry":{"type":"LineString","coordinates":[[139.852203,35.666112],[139.851691,35.667325],[139.852026,35.667609]]},"properties":{"ward":"江戸川区","species":["ハナミズキ","ヤマボウシ"],"count":33,"route":"04","alias":"","manager":"江戸川区"}},{"type":"Feature","geometry":{"type":"LineString","coordinates":[[139.880985,35.739185],[139.87979,35.741476]]},"properties":{"ward":"江戸川区","species":["ハナミズキ","ヤマボウシ"],"count":43,"route":"31","alias":"","manager":"江戸川区"}},{"type":"Feature","geometry":{"type":"LineString","coordinates":[[139.882415,35.735685],[139.881894,35.737385]]},"properties":{"ward":"江戸川区","species":["ハナミズキ","ヤマボウシ"],"count":43,"route":"31","alias":"","manager":"江戸川区"}},{"type":"Feature","geometry":{"type":"LineString","coordinates":[[139.887397,35.699794],[139.890227,35.699687]]},"properties":{"ward":"江戸川区","species":["ハナミズキ","ヤマボウシ"],"count":44,"route":"05","alias":"","manager":"江戸川区"}},{"type":"Feature","geometry":{"type":"LineString","coordinates":[[139.908893,35.704177],[139.911017,35.704155],[139.912387,35.702822],[139.913272,35.70222]]},"properties":{"ward":"江戸川区","species":["ハナミズキ","ヤマボウシ"],"count":49,"route":"17","alias":"","manager":"江戸川区"}},{"type":"Feature","geometry":{"type":"LineString","coordinates":[[139.873249,35.654401],[139.873321,35.655364],[139.874344,35.655163],[139.874618,35.655041],[139.874348,35.650917]]},"properties":{"ward":"江戸川区","species":["ハナミズキ","ヤマボウシ"],"count":53,"route":"27","alias":"","manager":"江戸川区"}},{"type":"Feature","geometry":{"type":"LineString","coordinates":[[139.890384,35.723885],[139.89023,35.724299],[139.890241,35.7248],[139.890083,35.725926],[139.889739,35.727113],[139.889128,35.728031]]},"properties":{"ward":"江戸川区","species":["ハナミズキ","ヤマボウシ"],"count":54,"route":"33","alias":"","manager":"江戸川区"}},{"type":"Feature","geometry":{"type":"LineString","coordinates":[[139.902452,35.689616],[139.901344,35.690833],[139.900801,35.691603],[139.900527,35.691783],[139.899759,35.692076],[139.899337,35.692399],[139.89707,35.696908]]},"properties":{"ward":"江戸川区","species":["ハナミズキ","ヤマボウシ"],"count":98,"route":"40","alias":"","manager":"江戸川区"}},{"type":"Feature","geometry":{"type":"LineString","coordinates":[[139.888009,35.710903],[139.887891,35.710571],[139.888304,35.710524],[139.888606,35.710386],[139.889623,35.710407]]},"properties":{"ward":"江戸川区","species":["ハナミズキ","ヤマボウシほか"],"count":18,"route":"15","alias":"","manager":"江戸川区"}},{"type":"Feature","geometry":{"type":"LineString","coordinates":[[139.875465,35.683776],[139.876528,35.683669],[139.878144,35.683867]]},"properties":{"ward":"江戸川区","species":["ハナミズキ","ヤマボウシほか"],"count":36,"route":"49","alias":"","manager":"江戸川区"}},{"type":"Feature","geometry":{"type":"LineString","coordinates":[[139.882657,35.724003],[139.886693,35.724626]]},"properties":{"ward":"江戸川区","species":["ハナミズキ","ヤマボウシほか"],"count":38,"route":"36","alias":"","manager":"江戸川区"}},{"type":"Feature","geometry":{"type":"LineString","coordinates":[[139.879537,35.725025],[139.879345,35.726579]]},"properties":{"ward":"江戸川区","species":["ハナミズキ","ヤマボウシほか"],"count":46,"route":"14","alias":"","manager":"江戸川区"}},{"type":"Feature","geometry":{"type":"LineString","coordinates":[[139.87842,35.727001],[139.878035,35.729834]]},"properties":{"ward":"江戸川区","species":["ハナミズキ","ヤマボウシほか"],"count":46,"route":"14","alias":"","manager":"江戸川区"}},{"type":"Feature","geometry":{"type":"LineString","coordinates":[[139.843979,35.705764],[139.842476,35.706907],[139.842107,35.706653],[139.841505,35.707115],[139.840893,35.707213]]},"properties":{"ward":"江戸川区","species":["ハナミズキ","ヤマボウシほか"],"count":63,"route":"03","alias":"","manager":"江戸川区"}},{"type":"Feature","geometry":{"type":"LineString","coordinates":[[139.843031,35.706341],[139.842909,35.706242]]},"properties":{"ward":"江戸川区","species":["ハナミズキ","ヤマボウシほか"],"count":63,"route":"03","alias":"","manager":"江戸川区"}},{"type":"Feature","geometry":{"type":"LineString","coordinates":[[139.842283,35.707111],[139.842487,35.70694]]},"properties":{"ward":"江戸川区","species":["ハナミズキ","ヤマボウシほか"],"count":63,"route":"03","alias":"","manager":"江戸川区"}},{"type":"Feature","geometry":{"type":"LineString","coordinates":[[139.842213,35.707278],[139.842355,35.707386]]},"properties":{"ward":"江戸川区","species":["ハナミズキ","ヤマボウシほか"],"count":63,"route":"03","alias":"","manager":"江戸川区"}},{"type":"Feature","geometry":{"type":"LineString","coordinates":[[139.876331,35.678103],[139.876605,35.678715],[139.877319,35.679521],[139.878421,35.680986],[139.879787,35.681886],[139.881085,35.682616]]},"properties":{"ward":"江戸川区","species":["ハナミズキ","ヤマボウシほか"],"count":73,"route":"35","alias":"","manager":"江戸川区"}},{"type":"Feature","geometry":{"type":"LineString","coordinates":[[139.87465,35.675596],[139.875499,35.676916]]},"properties":{"ward":"江戸川区","species":["ハナミズキ","ヤマボウシほか"],"count":73,"route":"35","alias":"","manager":"江戸川区"}},{"type":"Feature","geometry":{"type":"LineString","coordinates":[[139.865743,35.687275],[139.866163,35.687356]]},"properties":{"ward":"江戸川区","species":["ハナミズキ","ヤマモモほか"],"count":6,"route":"28","alias":"","manager":"江戸川区"}},{"type":"Feature","geometry":{"type":"LineString","coordinates":[[139.883879,35.7348],[139.883489,35.735653]]},"properties":{"ward":"江戸川区","species":["ハナミズキ","ヤマモモほか"],"count":17,"route":"08","alias":"","manager":"江戸川区"}},{"type":"Feature","geometry":{"type":"LineString","coordinates":[[139.876544,35.685795],[139.876811,35.685741]]},"properties":{"ward":"江戸川区","species":["ヒトツバタゴ"],"count":3,"route":"48","alias":"","manager":"江戸川区"}},{"type":"Feature","geometry":{"type":"LineString","coordinates":[[139.908821,35.707855],[139.909128,35.70736]]},"properties":{"ward":"江戸川区","species":["ヒトツバタゴ"],"count":6,"route":"44","alias":"","manager":"江戸川区"}},{"type":"Feature","geometry":{"type":"LineString","coordinates":[[139.867106,35.707276],[139.867659,35.707254]]},"properties":{"ward":"江戸川区","species":["ヒメリンゴ"],"count":43,"route":"52","alias":"","manager":"江戸川区"}},{"type":"Feature","geometry":{"type":"LineString","coordinates":[[139.86459,35.680473],[139.864968,35.680223]]},"properties":{"ward":"江戸川区","species":["フウノキ"],"count":4,"route":"25","alias":"","manager":"江戸川区"}},{"type":"Feature","geometry":{"type":"LineString","coordinates":[[139.866139,35.669042],[139.866842,35.671023],[139.867151,35.671618],[139.869194,35.674212]]},"properties":{"ward":"江戸川区","species":["フウノキ","マテバシイほか"],"count":87,"route":"30","alias":"","manager":"江戸川区"}},{"type":"Feature","geometry":{"type":"LineString","coordinates":[[139.871487,35.674502],[139.87128,35.675477],[139.870769,35.675936]]},"properties":{"ward":"江戸川区","species":["プラタナス","クスノキ"],"count":25,"route":"38","alias":"","manager":"江戸川区"}},{"type":"Feature","geometry":{"type":"LineString","coordinates":[[139.859995,35.687628],[139.863906,35.68456]]},"properties":{"ward":"江戸川区","species":["プラタナス","サルスベリほか"],"count":99,"route":"04","alias":"","manager":"江戸川区"}},{"type":"Feature","geometry":{"type":"LineString","coordinates":[[139.885576,35.702273],[139.895754,35.701684],[139.897804,35.701591],[139.898267,35.701648],[139.901574,35.702723],[139.908751,35.705227]]},"properties":{"ward":"江戸川区","species":["プラタナス","ハナミズキ"],"count":242,"route":"49","alias":"","manager":"江戸川区"}},{"type":"Feature","geometry":{"type":"LineString","coordinates":[[139.876519,35.687659],[139.877245,35.68749]]},"properties":{"ward":"江戸川区","species":["プラタナス","ヤマモモほか"],"count":11,"route":"40","alias":"","manager":"江戸川区"}},{"type":"Feature","geometry":{"type":"LineString","coordinates":[[139.872024,35.684352],[139.872166,35.685273],[139.872384,35.68575],[139.872681,35.686099],[139.873019,35.686715],[139.873561,35.687295],[139.874094,35.687648],[139.874969,35.687698]]},"properties":{"ward":"江戸川区","species":["プラタナス","ヤマモモほか"],"count":11,"route":"40","alias":"","manager":"江戸川区"}},{"type":"Feature","geometry":{"type":"LineString","coordinates":[[139.910663,35.707],[139.910017,35.706612],[139.905855,35.705176]]},"properties":{"ward":"江戸川区","species":["ホルトノキ"],"count":38,"route":"48","alias":"","manager":"江戸川区"}},{"type":"Feature","geometry":{"type":"LineString","coordinates":[[139.870659,35.679325],[139.871884,35.679368],[139.872031,35.679611],[139.871666,35.681165],[139.871655,35.681799],[139.871972,35.684047]]},"properties":{"ward":"江戸川区","species":["ホルトノキ"],"count":41,"route":"29","alias":"","manager":"江戸川区"}},{"type":"Feature","geometry":{"type":"LineString","coordinates":[[139.897531,35.696148],[139.899723,35.69751],[139.908225,35.700419]]},"properties":{"ward":"江戸川区","species":["ホルトノキ","ウバメガシほか"],"count":83,"route":"08","alias":"","manager":"江戸川区"}},{"type":"Feature","geometry":{"type":"LineString","coordinates":[[139.871112,35.642457],[139.86896,35.644163],[139.869023,35.644277],[139.871766,35.6455],[139.871857,35.645931],[139.871711,35.64652]]},"properties":{"ward":"江戸川区","species":["マツ・クロマツ","アキニレほか"],"count":80,"route":"47","alias":"","manager":"江戸川区"}},{"type":"Feature","geometry":{"type":"LineString","coordinates":[[139.896681,35.739172],[139.8966,35.740883]]},"properties":{"ward":"江戸川区","species":["マツ・クロマツ","イロハモミジほか"],"count":34,"route":"26","alias":"","manager":"江戸川区"}},{"type":"Feature","geometry":{"type":"LineString","coordinates":[[139.877593,35.727114],[139.877316,35.727072],[139.87736,35.726864],[139.877528,35.726839]]},"properties":{"ward":"江戸川区","species":["マツ・クロマツ","クスノキほか"],"count":7,"route":"13","alias":"","manager":"江戸川区"}},{"type":"Feature","geometry":{"type":"LineString","coordinates":[[139.893504,35.734121],[139.893622,35.733562]]},"properties":{"ward":"江戸川区","species":["マツ・クロマツ","コブシほか"],"count":10,"route":"26","alias":"","manager":"江戸川区"}},{"type":"Feature","geometry":{"type":"LineString","coordinates":[[139.893889,35.732323],[139.894231,35.732306]]},"properties":{"ward":"江戸川区","species":["マツ・クロマツ","コブシほか"],"count":10,"route":"26","alias":"","manager":"江戸川区"}},{"type":"Feature","geometry":{"type":"LineString","coordinates":[[139.858261,35.654585],[139.858229,35.655036],[139.857763,35.657011],[139.857449,35.658942],[139.856343,35.662803]]},"properties":{"ward":"江戸川区","species":["マツ・クロマツ","サクラ・ソメイヨシノほか"],"count":1200,"route":"04","alias":"","manager":"江戸川区"}},{"type":"Feature","geometry":{"type":"LineString","coordinates":[[139.851355,35.664175],[139.851375,35.664328]]},"properties":{"ward":"江戸川区","species":["マツ・クロマツ","ハナミズキ"],"count":279,"route":"02","alias":"","manager":"江戸川区"}},{"type":"Feature","geometry":{"type":"LineString","coordinates":[[139.851217,35.661922],[139.851171,35.661115]]},"properties":{"ward":"江戸川区","species":["マツ・クロマツ","ハナミズキ"],"count":279,"route":"02","alias":"","manager":"江戸川区"}},{"type":"Feature","geometry":{"type":"LineString","coordinates":[[139.85107,35.659418],[139.850767,35.655207]]},"properties":{"ward":"江戸川区","species":["マツ・クロマツ","ハナミズキ"],"count":279,"route":"02","alias":"","manager":"江戸川区"}},{"type":"Feature","geometry":{"type":"LineString","coordinates":[[139.850832,35.654991],[139.85089,35.655166]]},"properties":{"ward":"江戸川区","species":["マツ・クロマツ","ハナミズキ"],"count":279,"route":"02","alias":"","manager":"江戸川区"}},{"type":"Feature","geometry":{"type":"LineString","coordinates":[[139.850629,35.653408],[139.850282,35.648378]]},"properties":{"ward":"江戸川区","species":["マツ・クロマツ","ハナミズキ"],"count":279,"route":"02","alias":"","manager":"江戸川区"}},{"type":"Feature","geometry":{"type":"LineString","coordinates":[[139.897669,35.709683],[139.897923,35.709734]]},"properties":{"ward":"江戸川区","species":["マツ・クロマツ","モミジほか"],"count":5,"route":"22","alias":"","manager":"江戸川区"}},{"type":"Feature","geometry":{"type":"LineString","coordinates":[[139.872439,35.659197],[139.872571,35.659119]]},"properties":{"ward":"江戸川区","species":["マテバシイ"],"count":3,"route":"49","alias":"","manager":"江戸川区"}},{"type":"Feature","geometry":{"type":"LineString","coordinates":[[139.872656,35.688891],[139.873349,35.69138]]},"properties":{"ward":"江戸川区","species":["マテバシイ"],"count":4,"route":"39","alias":"","manager":"江戸川区"}},{"type":"Feature","geometry":{"type":"LineString","coordinates":[[139.872173,35.686031],[139.872307,35.685759]]},"properties":{"ward":"江戸川区","species":["マテバシイ"],"count":4,"route":"39","alias":"","manager":"江戸川区"}},{"type":"Feature","geometry":{"type":"LineString","coordinates":[[139.879527,35.646404],[139.879491,35.646125]]},"properties":{"ward":"江戸川区","species":["マテバシイ"],"count":4,"route":"44","alias":"","manager":"江戸川区"}},{"type":"Feature","geometry":{"type":"LineString","coordinates":[[139.860423,35.668844],[139.86104,35.669429]]},"properties":{"ward":"江戸川区","species":["マテバシイ"],"count":12,"route":"09","alias":"","manager":"江戸川区"}},{"type":"Feature","geometry":{"type":"LineString","coordinates":[[139.870592,35.662091],[139.871641,35.661307]]},"properties":{"ward":"江戸川区","species":["マテバシイ"],"count":12,"route":"45","alias":"","manager":"江戸川区"}},{"type":"Feature","geometry":{"type":"LineString","coordinates":[[139.875502,35.732269],[139.87552,35.733233],[139.875658,35.733481]]},"properties":{"ward":"江戸川区","species":["マテバシイ"],"count":13,"route":"03","alias":"","manager":"江戸川区"}},{"type":"Feature","geometry":{"type":"LineString","coordinates":[[139.865837,35.691453],[139.867453,35.691429]]},"properties":{"ward":"江戸川区","species":["マテバシイ"],"count":13,"route":"17","alias":"","manager":"江戸川区"}},{"type":"Feature","geometry":{"type":"LineString","coordinates":[[139.86165,35.665405],[139.862304,35.66592],[139.862429,35.666213]]},"properties":{"ward":"江戸川区","species":["マテバシイ"],"count":13,"route":"18","alias":"","manager":"江戸川区"}},{"type":"Feature","geometry":{"type":"LineString","coordinates":[[139.863491,35.669449],[139.863597,35.670004]]},"properties":{"ward":"江戸川区","species":["マテバシイ"],"count":15,"route":"29","alias":"","manager":"江戸川区"}},{"type":"Feature","geometry":{"type":"LineString","coordinates":[[139.853114,35.666831],[139.854332,35.666057]]},"properties":{"ward":"江戸川区","species":["マテバシイ"],"count":16,"route":"08","alias":"","manager":"江戸川区"}},{"type":"Feature","geometry":{"type":"LineString","coordinates":[[139.88346,35.697922],[139.884249,35.698059],[139.884481,35.698237]]},"properties":{"ward":"江戸川区","species":["マテバシイ"],"count":16,"route":"38","alias":"","manager":"江戸川区"}},{"type":"Feature","geometry":{"type":"LineString","coordinates":[[139.877166,35.664364],[139.877806,35.666794]]},"properties":{"ward":"江戸川区","species":["マテバシイ"],"count":29,"route":"02","alias":"","manager":"江戸川区"}},{"type":"Feature","geometry":{"type":"LineString","coordinates":[[139.867527,35.720482],[139.86805,35.720461],[139.868148,35.720728],[139.870578,35.721145]]},"properties":{"ward":"江戸川区","species":["マテバシイ"],"count":32,"route":"13","alias":"","manager":"江戸川区"}},{"type":"Feature","geometry":{"type":"LineString","coordinates":[[139.875954,35.725354],[139.876126,35.724263],[139.877115,35.721176]]},"properties":{"ward":"江戸川区","species":["マテバシイ"],"count":37,"route":"07","alias":"","manager":"江戸川区"}},{"type":"Feature","geometry":{"type":"LineString","coordinates":[[139.859133,35.669678],[139.860988,35.668295]]},"properties":{"ward":"江戸川区","species":["マテバシイ"],"count":42,"route":"10","alias":"","manager":"江戸川区"}},{"type":"Feature","geometry":{"type":"LineString","coordinates":[[139.85459,35.665859],[139.855375,35.665268],[139.856368,35.665184]]},"properties":{"ward":"江戸川区","species":["マテバシイ"],"count":46,"route":"17","alias":"","manager":"江戸川区"}},{"type":"Feature","geometry":{"type":"LineString","coordinates":[[139.874686,35.659835],[139.87448,35.659409],[139.874858,35.659245],[139.883145,35.657011]]},"properties":{"ward":"江戸川区","species":["マテバシイ"],"count":62,"route":"17","alias":"","manager":"江戸川区"}},{"type":"Feature","geometry":{"type":"LineString","coordinates":[[139.862952,35.664186],[139.864063,35.664098]]},"properties":{"ward":"江戸川区","species":["マテバシイ"],"count":93,"route":"19","alias":"","manager":"江戸川区"}},{"type":"Feature","geometry":{"type":"LineString","coordinates":[[139.859623,35.666611],[139.862973,35.664403]]},"properties":{"ward":"江戸川区","species":["マテバシイ"],"count":93,"route":"19","alias":"","manager":"江戸川区"}},{"type":"Feature","geometry":{"type":"LineString","coordinates":[[139.8674,35.716862],[139.867993,35.716881],[139.868203,35.71793]]},"properties":{"ward":"江戸川区","species":["マテバシイ","イチョウ"],"count":13,"route":"18","alias":"","manager":"江戸川区"}},{"type":"Feature","geometry":{"type":"LineString","coordinates":[[139.879414,35.702803],[139.878044,35.704725],[139.877782,35.705306],[139.877573,35.706084],[139.876359,35.709253],[139.8762,35.709479],[139.875701,35.71076],[139.875584,35.711849],[139.874913,35.713607],[139.874324,35.715584]]},"properties":{"ward":"江戸川区","species":["マテバシイ","イチョウほか"],"count":207,"route":"37","alias":"","manager":"江戸川区"}},{"type":"Feature","geometry":{"type":"LineString","coordinates":[[139.863108,35.685487],[139.863571,35.686345]]},"properties":{"ward":"江戸川区","species":["マテバシイ","イロハモミジほか"],"count":14,"route":"05","alias":"","manager":"江戸川区"}},{"type":"Feature","geometry":{"type":"LineString","coordinates":[[139.855026,35.650783],[139.855175,35.653381]]},"properties":{"ward":"江戸川区","species":["マテバシイ","エノキ"],"count":132,"route":"15","alias":"","manager":"江戸川区"}},{"type":"Feature","geometry":{"type":"LineString","coordinates":[[139.851081,35.650726],[139.854676,35.650511]]},"properties":{"ward":"江戸川区","species":["マテバシイ","エノキ"],"count":132,"route":"15","alias":"","manager":"江戸川区"}},{"type":"Feature","geometry":{"type":"LineString","coordinates":[[139.853071,35.674462],[139.853156,35.674607]]},"properties":{"ward":"江戸川区","species":["マテバシイ","クスノキ"],"count":3,"route":"15","alias":"","manager":"江戸川区"}},{"type":"Feature","geometry":{"type":"LineString","coordinates":[[139.872529,35.650972],[139.874951,35.650725],[139.8764,35.650256],[139.878217,35.649287],[139.879545,35.649131]]},"properties":{"ward":"江戸川区","species":["マテバシイ","クロガネモチほか"],"count":53,"route":"37","alias":"","manager":"江戸川区"}},{"type":"Feature","geometry":{"type":"LineString","coordinates":[[139.866518,35.656546],[139.866889,35.660945]]},"properties":{"ward":"江戸川区","species":["マテバシイ","コブシほか"],"count":85,"route":"46","alias":"","manager":"江戸川区"}},{"type":"Feature","geometry":{"type":"LineString","coordinates":[[139.879655,35.647481],[139.879551,35.646755]]},"properties":{"ward":"江戸川区","species":["マテバシイ","サクラ・ソメイヨシノ"],"count":8,"route":"42","alias":"","manager":"江戸川区"}},{"type":"Feature","geometry":{"type":"LineString","coordinates":[[139.861045,35.672025],[139.863157,35.670441]]},"properties":{"ward":"江戸川区","species":["マテバシイ","サルスベリ"],"count":42,"route":"28","alias":"","manager":"江戸川区"}},{"type":"Feature","geometry":{"type":"LineString","coordinates":[[139.873057,35.658828],[139.874213,35.658278],[139.874629,35.657944]]},"properties":{"ward":"江戸川区","species":["マテバシイ","サンゴジュほか"],"count":60,"route":"18","alias":"","manager":"江戸川区"}},{"type":"Feature","geometry":{"type":"LineString","coordinates":[[139.853065,35.67443],[139.853415,35.673708],[139.856886,35.671326]]},"properties":{"ward":"江戸川区","species":["マテバシイ","シュロ"],"count":69,"route":"16","alias":"","manager":"江戸川区"}},{"type":"Feature","geometry":{"type":"LineString","coordinates":[[139.867027,35.661497],[139.867836,35.665266],[139.868731,35.668184]]},"properties":{"ward":"江戸川区","species":["マテバシイ","シラカシ"],"count":151,"route":"36","alias":"","manager":"江戸川区"}},{"type":"Feature","geometry":{"type":"LineString","coordinates":[[139.857741,35.64683],[139.856103,35.647063],[139.85607,35.647312],[139.856315,35.650404],[139.856393,35.650694],[139.856593,35.651034],[139.857827,35.651819],[139.857948,35.652072],[139.858051,35.653279]]},"properties":{"ward":"江戸川区","species":["マテバシイ","タラヨウほか"],"count":1785,"route":"20","alias":"","manager":"江戸川区"}},{"type":"Feature","geometry":{"type":"LineString","coordinates":[[139.858594,35.646525],[139.860078,35.646049],[139.870205,35.642307],[139.871707,35.641788],[139.871867,35.641792]]},"properties":{"ward":"江戸川区","species":["マテバシイ","タラヨウほか"],"count":1785,"route":"20","alias":"","manager":"江戸川区"}},{"type":"Feature","geometry":{"type":"LineString","coordinates":[[139.882797,35.743314],[139.886123,35.743667]]},"properties":{"ward":"江戸川区","species":["マテバシイ","ハナミズキほか"],"count":26,"route":"15","alias":"","manager":"江戸川区"}},{"type":"Feature","geometry":{"type":"LineString","coordinates":[[139.879208,35.677577],[139.882639,35.678932],[139.88515,35.680941]]},"properties":{"ward":"江戸川区","species":["マテバシイ","プラタナス"],"count":109,"route":"45","alias":"","manager":"江戸川区"}},{"type":"Feature","geometry":{"type":"LineString","coordinates":[[139.882592,35.686475],[139.882778,35.687088]]},"properties":{"ward":"江戸川区","species":["マテバシイ","プラタナスほか"],"count":10,"route":"53","alias":"","manager":"江戸川区"}},{"type":"Feature","geometry":{"type":"LineString","coordinates":[[139.874199,35.715824],[139.874301,35.715641]]},"properties":{"ward":"江戸川区","species":["ミカン"],"count":1,"route":"28","alias":"","manager":"江戸川区"}},{"type":"Feature","geometry":{"type":"LineString","coordinates":[[139.888987,35.745193],[139.88964,35.745263]]},"properties":{"ward":"江戸川区","species":["ミカン","カリン"],"count":2,"route":"09","alias":"","manager":"江戸川区"}},{"type":"Feature","geometry":{"type":"LineString","coordinates":[[139.869183,35.697627],[139.869648,35.69813]]},"properties":{"ward":"江戸川区","species":["ミヤマガンショウ"],"count":11,"route":"12","alias":"","manager":"江戸川区"}},{"type":"Feature","geometry":{"type":"LineString","coordinates":[[139.893198,35.691018],[139.896589,35.692145]]},"properties":{"ward":"江戸川区","species":["メタセコイヤ","ヒマラヤスギほか"],"count":12,"route":"21","alias":"","manager":"江戸川区"}},{"type":"Feature","geometry":{"type":"LineString","coordinates":[[139.883722,35.741909],[139.883766,35.741445]]},"properties":{"ward":"江戸川区","species":["モチノキ","ケヤキ"],"count":9,"route":"30","alias":"","manager":"江戸川区"}},{"type":"Feature","geometry":{"type":"LineString","coordinates":[[139.873961,35.697542],[139.873845,35.697602]]},"properties":{"ward":"江戸川区","species":["モッコク"],"count":1,"route":"20","alias":"","manager":"江戸川区"}},{"type":"Feature","geometry":{"type":"LineString","coordinates":[[139.880446,35.697312],[139.880611,35.697292],[139.880466,35.696889],[139.880594,35.696678]]},"properties":{"ward":"江戸川区","species":["モッコク","クスノキほか"],"count":52,"route":"26","alias":"","manager":"江戸川区"}},{"type":"Feature","geometry":{"type":"LineString","coordinates":[[139.879164,35.656986],[139.879237,35.657041]]},"properties":{"ward":"江戸川区","species":["モッコク","サンゴジュほか"],"count":7,"route":"20","alias":"","manager":"江戸川区"}},{"type":"Feature","geometry":{"type":"LineString","coordinates":[[139.8963,35.742139],[139.89632,35.742085]]},"properties":{"ward":"江戸川区","species":["モミジ","ウメ"],"count":2,"route":"27","alias":"","manager":"江戸川区"}},{"type":"Feature","geometry":{"type":"LineString","coordinates":[[139.876046,35.69528],[139.876761,35.696106],[139.876988,35.696272],[139.876947,35.696421],[139.877453,35.696971]]},"properties":{"ward":"江戸川区","species":["モミジバフウ"],"count":23,"route":"23","alias":"","manager":"江戸川区"}},{"type":"Feature","geometry":{"type":"LineString","coordinates":[[139.911066,35.696905],[139.907487,35.697933],[139.907351,35.69805],[139.907146,35.698266],[139.904498,35.703511]]},"properties":{"ward":"江戸川区","species":["モミジバフウ"],"count":111,"route":"02","alias":"","manager":"江戸川区"}},{"type":"Feature","geometry":{"type":"LineString","coordinates":[[139.880431,35.707369],[139.8829,35.70769]]},"properties":{"ward":"江戸川区","species":["モミジバフウ","クスノキほか"],"count":66,"route":"35","alias":"","manager":"江戸川区"}},{"type":"Feature","geometry":{"type":"LineString","coordinates":[[139.861694,35.699113],[139.865878,35.6993],[139.867597,35.699126]]},"properties":{"ward":"江戸川区","species":["モミジバフウ","ケヤキ"],"count":22,"route":"07","alias":"","manager":"江戸川区"}},{"type":"Feature","geometry":{"type":"LineString","coordinates":[[139.861766,35.69894],[139.86454,35.699095],[139.867571,35.699009]]},"properties":{"ward":"江戸川区","species":["モミジバフウ","ケヤキほか"],"count":26,"route":"08","alias":"","manager":"江戸川区"}},{"type":"Feature","geometry":{"type":"LineString","coordinates":[[139.897569,35.692614],[139.897468,35.69289],[139.897866,35.693006],[139.897921,35.692935],[139.897714,35.692869]]},"properties":{"ward":"江戸川区","species":["モミジバフウ","ソテツほか"],"count":16,"route":"43","alias":"","manager":"江戸川区"}},{"type":"Feature","geometry":{"type":"LineString","coordinates":[[139.88449,35.707904],[139.88538,35.708059],[139.887642,35.708701],[139.894962,35.709478],[139.896498,35.709546],[139.897563,35.709736]]},"properties":{"ward":"江戸川区","species":["モミジバフウ","ヤマモモ"],"count":231,"route":"16","alias":"","manager":"江戸川区"}},{"type":"Feature","geometry":{"type":"LineString","coordinates":[[139.896736,35.683876],[139.896861,35.684063]]},"properties":{"ward":"江戸川区","species":["ヤナギ","ヤナギほか"],"count":9,"route":"29","alias":"","manager":"江戸川区"}},{"type":"Feature","geometry":{"type":"LineString","coordinates":[[139.886861,35.728158],[139.88697,35.728252]]},"properties":{"ward":"江戸川区","species":["ヤマボウシ"],"count":1,"route":"30","alias":"","manager":"江戸川区"}},{"type":"Feature","geometry":{"type":"LineString","coordinates":[[139.861134,35.661724],[139.86089,35.658782]]},"properties":{"ward":"江戸川区","species":["ヤマボウシ"],"count":7,"route":"26","alias":"","manager":"江戸川区"}},{"type":"Feature","geometry":{"type":"LineString","coordinates":[[139.896255,35.703645],[139.89604,35.704051],[139.895279,35.706113]]},"properties":{"ward":"江戸川区","species":["ヤマボウシ"],"count":14,"route":"22","alias":"","manager":"江戸川区"}},{"type":"Feature","geometry":{"type":"LineString","coordinates":[[139.895083,35.695323],[139.897189,35.696049]]},"properties":{"ward":"江戸川区","species":["ヤマボウシ"],"count":14,"route":"41","alias":"","manager":"江戸川区"}},{"type":"Feature","geometry":{"type":"LineString","coordinates":[[139.889618,35.690087],[139.891794,35.690618]]},"properties":{"ward":"江戸川区","species":["ヤマボウシ"],"count":22,"route":"20","alias":"","manager":"江戸川区"}},{"type":"Feature","geometry":{"type":"LineString","coordinates":[[139.888494,35.689892],[139.888617,35.689892]]},"properties":{"ward":"江戸川区","species":["ヤマボウシ"],"count":22,"route":"20","alias":"","manager":"江戸川区"}},{"type":"Feature","geometry":{"type":"LineString","coordinates":[[139.852454,35.699465],[139.853248,35.698488]]},"properties":{"ward":"江戸川区","species":["ヤマボウシ"],"count":25,"route":"18","alias":"","manager":"江戸川区"}},{"type":"Feature","geometry":{"type":"LineString","coordinates":[[139.894194,35.715797],[139.89804,35.717057]]},"properties":{"ward":"江戸川区","species":["ヤマボウシ"],"count":26,"route":"08","alias":"","manager":"江戸川区"}},{"type":"Feature","geometry":{"type":"LineString","coordinates":[[139.880377,35.670322],[139.876394,35.670818]]},"properties":{"ward":"江戸川区","species":["ヤマボウシ"],"count":27,"route":"44","alias":"","manager":"江戸川区"}},{"type":"Feature","geometry":{"type":"LineString","coordinates":[[139.891146,35.693971],[139.895035,35.695303]]},"properties":{"ward":"江戸川区","species":["ヤマボウシ"],"count":39,"route":"15","alias":"","manager":"江戸川区"}},{"type":"Feature","geometry":{"type":"LineString","coordinates":[[139.898561,35.707173],[139.907455,35.708067],[139.908136,35.708067],[139.908755,35.70828]]},"properties":{"ward":"江戸川区","species":["ヤマボウシ"],"count":55,"route":"30","alias":"","manager":"江戸川区"}},{"type":"Feature","geometry":{"type":"LineString","coordinates":[[139.909045,35.68856],[139.90888,35.689546]]},"properties":{"ward":"江戸川区","species":["ヤマボウシ","エノキほか"],"count":17,"route":"48","alias":"","manager":"江戸川区"}},{"type":"Feature","geometry":{"type":"LineString","coordinates":[[139.88051,35.690975],[139.882611,35.690696]]},"properties":{"ward":"江戸川区","species":["ヤマボウシ","カキノキ"],"count":4,"route":"31","alias":"","manager":"江戸川区"}},{"type":"Feature","geometry":{"type":"LineString","coordinates":[[139.87773,35.657334],[139.879044,35.656994]]},"properties":{"ward":"江戸川区","species":["ヤマボウシ","クスノキほか"],"count":20,"route":"19","alias":"","manager":"江戸川区"}},{"type":"Feature","geometry":{"type":"LineString","coordinates":[[139.884563,35.655917],[139.884938,35.662838],[139.884874,35.662838]]},"properties":{"ward":"江戸川区","species":["ヤマボウシ","サクラ・ソメイヨシノ"],"count":98,"route":"11","alias":"","manager":"江戸川区"}},{"type":"Feature","geometry":{"type":"LineString","coordinates":[[139.878019,35.683146],[139.878025,35.683428],[139.87878,35.685529]]},"properties":{"ward":"江戸川区","species":["ヤマボウシ","サルスベリ"],"count":31,"route":"44","alias":"","manager":"江戸川区"}},{"type":"Feature","geometry":{"type":"LineString","coordinates":[[139.878256,35.739712],[139.880086,35.740239],[139.880622,35.740509],[139.880375,35.741233],[139.882342,35.741311]]},"properties":{"ward":"江戸川区","species":["ヤマボウシ","サルスベリ"],"count":34,"route":"32","alias":"","manager":"江戸川区"}},{"type":"Feature","geometry":{"type":"LineString","coordinates":[[139.856236,35.66388],[139.856442,35.66509],[139.857326,35.667171]]},"properties":{"ward":"江戸川区","species":["ヤマボウシ","シラカシ"],"count":37,"route":"14","alias":"","manager":"江戸川区"}},{"type":"Feature","geometry":{"type":"LineString","coordinates":[[139.883226,35.694187],[139.884475,35.69566]]},"properties":{"ward":"江戸川区","species":["ヤマボウシ","トウカエデほか"],"count":34,"route":"41","alias":"","manager":"江戸川区"}},{"type":"Feature","geometry":{"type":"LineString","coordinates":[[139.890274,35.735782],[139.891291,35.735617],[139.891441,35.734453]]},"properties":{"ward":"江戸川区","species":["ヤマボウシ","ナツツバキ"],"count":14,"route":"23","alias":"","manager":"江戸川区"}},{"type":"Feature","geometry":{"type":"LineString","coordinates":[[139.898651,35.70978],[139.897234,35.713449]]},"properties":{"ward":"江戸川区","species":["ヤマボウシ","ナツツバキ"],"count":21,"route":"11","alias":"","manager":"江戸川区"}},{"type":"Feature","geometry":{"type":"LineString","coordinates":[[139.89833,35.707881],[139.900322,35.708402],[139.901282,35.708433]]},"properties":{"ward":"江戸川区","species":["ヤマボウシ","ナツツバキ"],"count":24,"route":"28","alias":"","manager":"江戸川区"}},{"type":"Feature","geometry":{"type":"LineString","coordinates":[[139.887254,35.699309],[139.887377,35.700754],[139.887723,35.70134],[139.887834,35.702011]]},"properties":{"ward":"江戸川区","species":["ヤマボウシ","ナツツバキ"],"count":50,"route":"01","alias":"","manager":"江戸川区"}},{"type":"Feature","geometry":{"type":"LineString","coordinates":[[139.890608,35.685549],[139.88879,35.690443]]},"properties":{"ward":"江戸川区","species":["ヤマボウシ","ナツツバキ"],"count":77,"route":"22","alias":"","manager":"江戸川区"}},{"type":"Feature","geometry":{"type":"LineString","coordinates":[[139.875737,35.667934],[139.87772,35.667611],[139.877658,35.667373],[139.878865,35.667065]]},"properties":{"ward":"江戸川区","species":["ヤマボウシ","ナツツバキほか"],"count":22,"route":"49","alias":"","manager":"江戸川区"}},{"type":"Feature","geometry":{"type":"LineString","coordinates":[[139.906454,35.697617],[139.910404,35.695838]]},"properties":{"ward":"江戸川区","species":["ヤマボウシ","ナツツバキほか"],"count":24,"route":"23","alias":"","manager":"江戸川区"}},{"type":"Feature","geometry":{"type":"LineString","coordinates":[[139.89942,35.71778],[139.897059,35.718227],[139.896922,35.71796],[139.896444,35.717585],[139.893571,35.716666],[139.893265,35.716262],[139.892431,35.716081]]},"properties":{"ward":"江戸川区","species":["ヤマボウシ","ナツツバキほか"],"count":49,"route":"06","alias":"","manager":"江戸川区"}},{"type":"Feature","geometry":{"type":"LineString","coordinates":[[139.883172,35.67791],[139.88281,35.678455],[139.881863,35.681956]]},"properties":{"ward":"江戸川区","species":["ヤマボウシ","ナツツバキほか"],"count":66,"route":"41","alias":"","manager":"江戸川区"}},{"type":"Feature","geometry":{"type":"LineString","coordinates":[[139.881063,35.69755],[139.881431,35.697557]]},"properties":{"ward":"江戸川区","species":["ヤマボウシ","ハナミズキ"],"count":3,"route":"10","alias":"","manager":"江戸川区"}},{"type":"Feature","geometry":{"type":"LineString","coordinates":[[139.89341,35.717678],[139.894817,35.718055]]},"properties":{"ward":"江戸川区","species":["ヤマボウシ","ハナミズキ"],"count":4,"route":"05","alias":"","manager":"江戸川区"}},{"type":"Feature","geometry":{"type":"LineString","coordinates":[[139.865856,35.66761],[139.866576,35.667496]]},"properties":{"ward":"江戸川区","species":["ヤマボウシ","ハナミズキ"],"count":8,"route":"39","alias":"","manager":"江戸川区"}},{"type":"Feature","geometry":{"type":"LineString","coordinates":[[139.870463,35.651259],[139.870547,35.652239]]},"properties":{"ward":"江戸川区","species":["ヤマボウシ","ハナミズキ"],"count":9,"route":"27","alias":"","manager":"江戸川区"}},{"type":"Feature","geometry":{"type":"LineString","coordinates":[[139.909645,35.705348],[139.909993,35.704207]]},"properties":{"ward":"江戸川区","species":["ヤマボウシ","ハナミズキ"],"count":14,"route":"15","alias":"","manager":"江戸川区"}},{"type":"Feature","geometry":{"type":"LineString","coordinates":[[139.871722,35.663842],[139.872811,35.663784]]},"properties":{"ward":"江戸川区","species":["ヤマボウシ","ハナミズキ"],"count":23,"route":"42","alias":"","manager":"江戸川区"}},{"type":"Feature","geometry":{"type":"LineString","coordinates":[[139.853499,35.667429],[139.855913,35.670172]]},"properties":{"ward":"江戸川区","species":["ヤマボウシ","ハナミズキ"],"count":31,"route":"05","alias":"","manager":"江戸川区"}},{"type":"Feature","geometry":{"type":"LineString","coordinates":[[139.900484,35.683537],[139.900369,35.684824],[139.902149,35.686545]]},"properties":{"ward":"江戸川区","species":["ヤマボウシ","ハナミズキ"],"count":34,"route":"36","alias":"","manager":"江戸川区"}},{"type":"Feature","geometry":{"type":"LineString","coordinates":[[139.883113,35.69064],[139.885224,35.69035]]},"properties":{"ward":"江戸川区","species":["ヤマボウシ","ハナミズキ"],"count":34,"route":"45","alias":"","manager":"江戸川区"}},{"type":"Feature","geometry":{"type":"LineString","coordinates":[[139.859579,35.66399],[139.863786,35.663669]]},"properties":{"ward":"江戸川区","species":["ヤマボウシ","ハナミズキ"],"count":44,"route":"22","alias":"","manager":"江戸川区"}},{"type":"Feature","geometry":{"type":"LineString","coordinates":[[139.89799,35.703635],[139.899796,35.704041],[139.903414,35.705259]]},"properties":{"ward":"江戸川区","species":["ヤマボウシ","ハナミズキほか"],"count":56,"route":"35","alias":"","manager":"江戸川区"}},{"type":"Feature","geometry":{"type":"LineString","coordinates":[[139.889611,35.683172],[139.889918,35.683843],[139.890626,35.684227],[139.891612,35.684419],[139.891552,35.684637]]},"properties":{"ward":"江戸川区","species":["ヤマボウシ","ヤマモモ"],"count":27,"route":"24","alias":"","manager":"江戸川区"}},{"type":"Feature","geometry":{"type":"LineString","coordinates":[[139.890635,35.685102],[139.890597,35.684293]]},"properties":{"ward":"江戸川区","species":["ヤマボウシ","ヤマモモ"],"count":27,"route":"24","alias":"","manager":"江戸川区"}},{"type":"Feature","geometry":{"type":"LineString","coordinates":[[139.868009,35.707966],[139.879994,35.707395]]},"properties":{"ward":"江戸川区","species":["ヤマボウシ","ヤマモモほか"],"count":102,"route":"36","alias":"","manager":"江戸川区"}},{"type":"Feature","geometry":{"type":"LineString","coordinates":[[139.865687,35.654638],[139.863868,35.653941],[139.863027,35.653743],[139.86125,35.654412],[139.86068,35.654571],[139.859326,35.654753],[139.859,35.654895],[139.858535,35.655728],[139.85848,35.656476],[139.85807,35.6574],[139.858126,35.658505],[139.857481,35.659622],[139.856725,35.662496]]},"properties":{"ward":"江戸川区","species":["ヤマボウシ","ヤマモモほか"],"count":188,"route":"31","alias":"","manager":"江戸川区"}},{"type":"Feature","geometry":{"type":"LineString","coordinates":[[139.88793,35.736666],[139.887937,35.736609]]},"properties":{"ward":"江戸川区","species":["ヤマモモ"],"count":1,"route":"10","alias":"","manager":"江戸川区"}},{"type":"Feature","geometry":{"type":"LineString","coordinates":[[139.866835,35.711221],[139.867002,35.711114]]},"properties":{"ward":"江戸川区","species":["ヤマモモ"],"count":1,"route":"22","alias":"","manager":"江戸川区"}},{"type":"Feature","geometry":{"type":"LineString","coordinates":[[139.889347,35.734343],[139.889195,35.735474]]},"properties":{"ward":"江戸川区","species":["ヤマモモ"],"count":9,"route":"22","alias":"","manager":"江戸川区"}},{"type":"Feature","geometry":{"type":"LineString","coordinates":[[139.888999,35.739011],[139.888933,35.738244]]},"properties":{"ward":"江戸川区","species":["ヤマモモ"],"count":10,"route":"39","alias":"","manager":"江戸川区"}},{"type":"Feature","geometry":{"type":"LineString","coordinates":[[139.847788,35.6956],[139.847254,35.696622],[139.846303,35.697866]]},"properties":{"ward":"江戸川区","species":["ヤマモモ"],"count":24,"route":"13","alias":"","manager":"江戸川区"}},{"type":"Feature","geometry":{"type":"LineString","coordinates":[[139.908974,35.701226],[139.907314,35.704491]]},"properties":{"ward":"江戸川区","species":["ヤマモモ"],"count":27,"route":"04","alias":"","manager":"江戸川区"}},{"type":"Feature","geometry":{"type":"LineString","coordinates":[[139.874836,35.660269],[139.875142,35.661448],[139.875122,35.663358]]},"properties":{"ward":"江戸川区","species":["ヤマモモ"],"count":28,"route":"08","alias":"","manager":"江戸川区"}},{"type":"Feature","geometry":{"type":"LineString","coordinates":[[139.875185,35.670402],[139.881019,35.66972]]},"properties":{"ward":"江戸川区","species":["ヤマモモ"],"count":39,"route":"45","alias":"","manager":"江戸川区"}},{"type":"Feature","geometry":{"type":"LineString","coordinates":[[139.899058,35.688682],[139.899514,35.687946]]},"properties":{"ward":"江戸川区","species":["ヤマモモ"],"count":43,"route":"42","alias":"","manager":"江戸川区"}},{"type":"Feature","geometry":{"type":"LineString","coordinates":[[139.888247,35.717273],[139.888592,35.715711],[139.889206,35.714551],[139.889367,35.713773],[139.889631,35.713142],[139.889591,35.712479],[139.889736,35.711304]]},"properties":{"ward":"江戸川区","species":["ヤマモモ"],"count":59,"route":"05","alias":"","manager":"江戸川区"}},{"type":"Feature","geometry":{"type":"LineString","coordinates":[[139.868384,35.654862],[139.86854,35.655373],[139.869041,35.659143],[139.870875,35.660362]]},"properties":{"ward":"江戸川区","species":["ヤマモモ"],"count":132,"route":"47","alias":"","manager":"江戸川区"}},{"type":"Feature","geometry":{"type":"LineString","coordinates":[[139.863469,35.653388],[139.864298,35.664094],[139.86596,35.668557]]},"properties":{"ward":"江戸川区","species":["ヤマモモ","アオギリほか"],"count":276,"route":"33","alias":"","manager":"江戸川区"}},{"type":"Feature","geometry":{"type":"LineString","coordinates":[[139.873149,35.656213],[139.873327,35.656504],[139.873848,35.657],[139.874586,35.657896]]},"properties":{"ward":"江戸川区","species":["ヤマモモ","イチョウほか"],"count":89,"route":"22","alias":"","manager":"江戸川区"}},{"type":"Feature","geometry":{"type":"LineString","coordinates":[[139.898487,35.713378],[139.902806,35.713467],[139.904153,35.71317],[139.904356,35.713357],[139.904455,35.713749],[139.904922,35.713774]]},"properties":{"ward":"江戸川区","species":["ヤマモモ","クスノキほか"],"count":53,"route":"15","alias":"","manager":"江戸川区"}},{"type":"Feature","geometry":{"type":"LineString","coordinates":[[139.866131,35.696216],[139.866273,35.695889],[139.866694,35.695517],[139.867001,35.695435],[139.867226,35.69516],[139.867639,35.695117]]},"properties":{"ward":"江戸川区","species":["ヤマモモ","サクラ・ソメイヨシノ"],"count":12,"route":"11","alias":"","manager":"江戸川区"}},{"type":"Feature","geometry":{"type":"LineString","coordinates":[[139.861694,35.69929],[139.861817,35.699314],[139.86233,35.700191]]},"properties":{"ward":"江戸川区","species":["ヤマモモ","サクラ・ソメイヨシノほか"],"count":13,"route":"06","alias":"","manager":"江戸川区"}},{"type":"Feature","geometry":{"type":"LineString","coordinates":[[139.864775,35.664577],[139.865224,35.664987],[139.86647,35.665821],[139.871818,35.6664]]},"properties":{"ward":"江戸川区","species":["ヤマモモ","サルスベリほか"],"count":81,"route":"40","alias":"","manager":"江戸川区"}},{"type":"Feature","geometry":{"type":"LineString","coordinates":[[139.85173,35.669135],[139.853418,35.667424]]},"properties":{"ward":"江戸川区","species":["ヤマモモ","タブノキ"],"count":62,"route":"03","alias":"","manager":"江戸川区"}},{"type":"Feature","geometry":{"type":"LineString","coordinates":[[139.882532,35.735398],[139.883067,35.73424]]},"properties":{"ward":"江戸川区","species":["ヤマモモ","ハナミズキほか"],"count":16,"route":"07","alias":"","manager":"江戸川区"}},{"type":"Feature","geometry":{"type":"LineString","coordinates":[[139.909044,35.697582],[139.909209,35.69842],[139.909395,35.69845],[139.909819,35.699408],[139.909877,35.700114],[139.910385,35.701725],[139.910577,35.702718],[139.910947,35.703138],[139.911014,35.704253],[139.910794,35.705344]]},"properties":{"ward":"江戸川区","species":["ヤマモモ","ハナミズキほか"],"count":79,"route":"16","alias":"","manager":"江戸川区"}},{"type":"Feature","geometry":{"type":"LineString","coordinates":[[139.889834,35.741942],[139.889876,35.741788]]},"properties":{"ward":"江戸川区","species":["ヤマモモ","ヒメリンゴほか"],"count":20,"route":"23","alias":"","manager":"江戸川区"}},{"type":"Feature","geometry":{"type":"LineString","coordinates":[[139.890049,35.74095],[139.890058,35.740885]]},"properties":{"ward":"江戸川区","species":["ヤマモモ","ヒメリンゴほか"],"count":20,"route":"23","alias":"","manager":"江戸川区"}},{"type":"Feature","geometry":{"type":"LineString","coordinates":[[139.890599,35.739336],[139.891194,35.739239],[139.892106,35.739412]]},"properties":{"ward":"江戸川区","species":["ヤマモモ","ヒメリンゴほか"],"count":20,"route":"23","alias":"","manager":"江戸川区"}},{"type":"Feature","geometry":{"type":"LineString","coordinates":[[139.891237,35.738998],[139.891235,35.73915]]},"properties":{"ward":"江戸川区","species":["ヤマモモ","ヒメリンゴほか"],"count":20,"route":"23","alias":"","manager":"江戸川区"}},{"type":"Feature","geometry":{"type":"LineString","coordinates":[[139.889187,35.739404],[139.890035,35.739202],[139.890203,35.740211]]},"properties":{"ward":"江戸川区","species":["ヤマモモ","ヒメリンゴほか"],"count":20,"route":"23","alias":"","manager":"江戸川区"}},{"type":"Feature","geometry":{"type":"LineString","coordinates":[[139.862273,35.678107],[139.865331,35.67608]]},"properties":{"ward":"江戸川区","species":["ヤマモモ","ホルトノキ"],"count":38,"route":"21","alias":"","manager":"江戸川区"}},{"type":"Feature","geometry":{"type":"LineString","coordinates":[[139.871892,35.647341],[139.879277,35.646675]]},"properties":{"ward":"江戸川区","species":["ヤマモモ","ホルトノキほか"],"count":140,"route":"41","alias":"","manager":"江戸川区"}},{"type":"Feature","geometry":{"type":"LineString","coordinates":[[139.853281,35.657064],[139.853218,35.655891],[139.856886,35.655755],[139.857802,35.655949],[139.857385,35.657382],[139.857237,35.658438],[139.85589,35.658445]]},"properties":{"ward":"江戸川区","species":["ヤマモモ","ホルトノキほか"],"count":193,"route":"09","alias":"","manager":"江戸川区"}},{"type":"Feature","geometry":{"type":"LineString","coordinates":[[139.874634,35.720723],[139.877068,35.721137]]},"properties":{"ward":"江戸川区","species":["ヤマモモ","マテバシイほか"],"count":95,"route":"10","alias":"","manager":"江戸川区"}},{"type":"Feature","geometry":{"type":"LineString","coordinates":[[139.869888,35.714124],[139.870524,35.715726],[139.870816,35.717359]]},"properties":{"ward":"江戸川区","species":["ヤマモモ","マテバシイほか"],"count":95,"route":"10","alias":"","manager":"江戸川区"}},{"type":"Feature","geometry":{"type":"LineString","coordinates":[[139.853041,35.650469],[139.854739,35.650364],[139.856179,35.650443]]},"properties":{"ward":"江戸川区","species":["ヤマモモ","マテバシイほか"],"count":242,"route":"18","alias":"","manager":"江戸川区"}},{"type":"Feature","geometry":{"type":"LineString","coordinates":[[139.893006,35.70292],[139.891081,35.705813]]},"properties":{"ward":"江戸川区","species":["ヤマモモ","ユリノキ"],"count":49,"route":"19","alias":"","manager":"江戸川区"}},{"type":"Feature","geometry":{"type":"LineString","coordinates":[[139.875345,35.698981],[139.876049,35.698725]]},"properties":{"ward":"江戸川区","species":["ユリノキ"],"count":7,"route":"15","alias":"","manager":"江戸川区"}},{"type":"Feature","geometry":{"type":"LineString","coordinates":[[139.895185,35.721271],[139.895483,35.720597],[139.896,35.720661]]},"properties":{"ward":"江戸川区","species":["ユリノキ"],"count":28,"route":"04","alias":"","manager":"江戸川区"}},{"type":"Feature","geometry":{"type":"LineString","coordinates":[[139.896449,35.719986],[139.897455,35.718881],[139.898005,35.719317]]},"properties":{"ward":"江戸川区","species":["ユリノキ"],"count":28,"route":"04","alias":"","manager":"江戸川区"}},{"type":"Feature","geometry":{"type":"LineString","coordinates":[[139.89578,35.716388],[139.894243,35.720801]]},"properties":{"ward":"江戸川区","species":["ユリノキ"],"count":51,"route":"03","alias":"","manager":"江戸川区"}},{"type":"Feature","geometry":{"type":"LineString","coordinates":[[139.892934,35.702014],[139.893588,35.704791]]},"properties":{"ward":"江戸川区","species":["ユリノキ"],"count":61,"route":"23","alias":"","manager":"江戸川区"}},{"type":"Feature","geometry":{"type":"LineString","coordinates":[[139.903001,35.695564],[139.902521,35.695805],[139.899482,35.701827]]},"properties":{"ward":"江戸川区","species":["ユリノキ"],"count":65,"route":"01","alias":"","manager":"江戸川区"}},{"type":"Feature","geometry":{"type":"LineString","coordinates":[[139.882296,35.68335],[139.885013,35.685336],[139.88428,35.685899]]},"properties":{"ward":"江戸川区","species":["ユリノキ"],"count":69,"route":"55","alias":"","manager":"江戸川区"}},{"type":"Feature","geometry":{"type":"LineString","coordinates":[[139.881351,35.721916],[139.883663,35.718095],[139.885877,35.711191],[139.887532,35.708754],[139.896177,35.703564],[139.896345,35.703381],[139.897198,35.701814]]},"properties":{"ward":"江戸川区","species":["ユリノキ"],"count":397,"route":"01","alias":"","manager":"江戸川区"}},{"type":"Feature","geometry":{"type":"LineString","coordinates":[[139.874862,35.713486],[139.874574,35.713244],[139.874252,35.713176]]},"properties":{"ward":"江戸川区","species":["ユリノキ","クスノキほか"],"count":147,"route":"41","alias":"","manager":"江戸川区"}},{"type":"Feature","geometry":{"type":"LineString","coordinates":[[139.873127,35.712093],[139.872323,35.709846],[139.872104,35.7088]]},"properties":{"ward":"江戸川区","species":["ユリノキ","クスノキほか"],"count":147,"route":"41","alias":"","manager":"江戸川区"}},{"type":"Feature","geometry":{"type":"LineString","coordinates":[[139.871392,35.707719],[139.871366,35.706789],[139.871224,35.706437],[139.871384,35.705919],[139.871199,35.705321],[139.871002,35.70371],[139.870816,35.703313]]},"properties":{"ward":"江戸川区","species":["ユリノキ","クスノキほか"],"count":147,"route":"41","alias":"","manager":"江戸川区"}},{"type":"Feature","geometry":{"type":"LineString","coordinates":[[139.887898,35.714882],[139.888884,35.711467],[139.88913,35.710323],[139.889408,35.708487],[139.889299,35.707754],[139.889025,35.706963],[139.888944,35.706476],[139.8901,35.702224]]},"properties":{"ward":"江戸川区","species":["ユリノキ","サルスベリほか"],"count":220,"route":"10","alias":"","manager":"江戸川区"}},{"type":"Feature","geometry":{"type":"LineString","coordinates":[[139.871053,35.676372],[139.87351,35.67638],[139.87397,35.676512],[139.874796,35.676532],[139.875267,35.676415],[139.87862,35.677387]]},"properties":{"ward":"江戸川区","species":["ユリノキ","サンゴジュほか"],"count":114,"route":"37","alias":"","manager":"江戸川区"}},{"type":"Feature","geometry":{"type":"LineString","coordinates":[[139.873439,35.656453],[139.874656,35.656067],[139.877055,35.655041]]},"properties":{"ward":"江戸川区","species":["ユリノキ","ヤマボウシ"],"count":54,"route":"25","alias":"","manager":"江戸川区"}},{"type":"Feature","geometry":{"type":"LineString","coordinates":[[139.87117,35.647546],[139.867256,35.649198],[139.86677,35.649333],[139.865703,35.649376],[139.865425,35.649524],[139.864791,35.650134],[139.866693,35.651557],[139.866797,35.651919],[139.866772,35.65262]]},"properties":{"ward":"江戸川区","species":["ユリノキ","ヤマボウシ"],"count":54,"route":"25","alias":"","manager":"江戸川区"}},{"type":"Feature","geometry":{"type":"LineString","coordinates":[[139.861824,35.643842],[139.862507,35.643801],[139.866267,35.642503],[139.866562,35.642644]]},"properties":{"ward":"江戸川区","species":["ワシントンヤシ"],"count":58,"route":"34","alias":"","manager":"江戸川区"}},{"type":"Feature","geometry":{"type":"LineString","coordinates":[[139.895861,35.693726],[139.898234,35.694521]]},"properties":{"ward":"江戸川区","species":["ヤマモモ"],"count":40,"route":"","alias":"","manager":"江戸川区"}},{"type":"Feature","geometry":{"type":"LineString","coordinates":[[139.890999,35.693679],[139.893904,35.688098]]},"properties":{"ward":"江戸川区","species":["イチョウ","サルスベリ"],"count":62,"route":"","alias":"","manager":"江戸川区"}},{"type":"Feature","geometry":{"type":"LineString","coordinates":[[139.874152,35.731283],[139.87273,35.733092]]},"properties":{"ward":"江戸川区","species":["樹種不明"],"count":null,"route":"01","alias":"","manager":"江戸川区"}},{"type":"Feature","geometry":{"type":"LineString","coordinates":[[139.872493,35.731072],[139.872749,35.73074]]},"properties":{"ward":"江戸川区","species":["樹種不明"],"count":null,"route":"01","alias":"","manager":"江戸川区"}},{"type":"Feature","geometry":{"type":"LineString","coordinates":[[139.874302,35.731101],[139.874983,35.7302]]},"properties":{"ward":"江戸川区","species":["樹種不明"],"count":null,"route":"02","alias":"","manager":"江戸川区"}},{"type":"Feature","geometry":{"type":"LineString","coordinates":[[139.880853,35.722628],[139.878626,35.726198],[139.877975,35.727573],[139.876647,35.731058],[139.876126,35.732814],[139.875426,35.734327]]},"properties":{"ward":"江戸川区","species":["樹種不明"],"count":null,"route":"02","alias":"","manager":"江戸川区"}},{"type":"Feature","geometry":{"type":"LineString","coordinates":[[139.87569,35.72643],[139.875912,35.726184],[139.875912,35.726082],[139.875787,35.725904],[139.875673,35.726345]]},"properties":{"ward":"江戸川区","species":["樹種不明"],"count":null,"route":"03","alias":"","manager":"江戸川区"}},{"type":"Feature","geometry":{"type":"LineString","coordinates":[[139.876095,35.726012],[139.876109,35.725976]]},"properties":{"ward":"江戸川区","species":["樹種不明"],"count":null,"route":"04","alias":"","manager":"江戸川区"}},{"type":"Feature","geometry":{"type":"LineString","coordinates":[[139.879684,35.718889],[139.879696,35.718866]]},"properties":{"ward":"江戸川区","species":["樹種不明"],"count":null,"route":"05","alias":"","manager":"江戸川区"}},{"type":"Feature","geometry":{"type":"LineString","coordinates":[[139.878452,35.724696],[139.878541,35.724537]]},"properties":{"ward":"江戸川区","species":["樹種不明"],"count":null,"route":"05","alias":"","manager":"江戸川区"}},{"type":"Feature","geometry":{"type":"LineString","coordinates":[[139.917718,35.699128],[139.916631,35.701708]]},"properties":{"ward":"江戸川区","species":["樹種不明"],"count":null,"route":"05","alias":"","manager":"江戸川区"}},{"type":"Feature","geometry":{"type":"LineString","coordinates":[[139.85639,35.679616],[139.856537,35.679655]]},"properties":{"ward":"江戸川区","species":["樹種不明"],"count":null,"route":"05","alias":"","manager":"江戸川区"}},{"type":"Feature","geometry":{"type":"LineString","coordinates":[[139.880355,35.72126],[139.880664,35.720583]]},"properties":{"ward":"江戸川区","species":["樹種不明"],"count":null,"route":"06","alias":"","manager":"江戸川区"}},{"type":"Feature","geometry":{"type":"LineString","coordinates":[[139.881251,35.719286],[139.881026,35.719832]]},"properties":{"ward":"江戸川区","species":["樹種不明"],"count":null,"route":"06","alias":"","manager":"江戸川区"}},{"type":"Feature","geometry":{"type":"LineString","coordinates":[[139.881423,35.714331],[139.881629,35.713627]]},"properties":{"ward":"江戸川区","species":["樹種不明"],"count":null,"route":"06","alias":"","manager":"江戸川区"}},{"type":"Feature","geometry":{"type":"LineString","coordinates":[[139.883136,35.713853],[139.881896,35.717627],[139.882247,35.717766]]},"properties":{"ward":"江戸川区","species":["樹種不明"],"count":null,"route":"07","alias":"","manager":"江戸川区"}},{"type":"Feature","geometry":{"type":"LineString","coordinates":[[139.881712,35.713177],[139.881807,35.712796]]},"properties":{"ward":"江戸川区","species":["樹種不明"],"count":null,"route":"07","alias":"","manager":"江戸川区"}},{"type":"Feature","geometry":{"type":"LineString","coordinates":[[139.888127,35.746399],[139.888191,35.746405]]},"properties":{"ward":"江戸川区","species":["樹種不明"],"count":null,"route":"08","alias":"","manager":"江戸川区"}},{"type":"Feature","geometry":{"type":"LineString","coordinates":[[139.882593,35.709218],[139.882627,35.709066]]},"properties":{"ward":"江戸川区","species":["樹種不明"],"count":null,"route":"08","alias":"","manager":"江戸川区"}},{"type":"Feature","geometry":{"type":"LineString","coordinates":[[139.882854,35.707794],[139.882769,35.708203]]},"properties":{"ward":"江戸川区","species":["樹種不明"],"count":null,"route":"08","alias":"","manager":"江戸川区"}},{"type":"Feature","geometry":{"type":"LineString","coordinates":[[139.882919,35.707655],[139.882944,35.707497]]},"properties":{"ward":"江戸川区","species":["樹種不明"],"count":null,"route":"09","alias":"","manager":"江戸川区"}},{"type":"Feature","geometry":{"type":"LineString","coordinates":[[139.883208,35.707156],[139.883217,35.706968]]},"properties":{"ward":"江戸川区","species":["樹種不明"],"count":null,"route":"09","alias":"","manager":"江戸川区"}},{"type":"Feature","geometry":{"type":"LineString","coordinates":[[139.883237,35.706167],[139.883304,35.705807]]},"properties":{"ward":"江戸川区","species":["樹種不明"],"count":null,"route":"09","alias":"","manager":"江戸川区"}},{"type":"Feature","geometry":{"type":"LineString","coordinates":[[139.883818,35.703923],[139.883853,35.703728]]},"properties":{"ward":"江戸川区","species":["樹種不明"],"count":null,"route":"09","alias":"","manager":"江戸川区"}},{"type":"Feature","geometry":{"type":"LineString","coordinates":[[139.884504,35.707966],[139.885096,35.708061]]},"properties":{"ward":"江戸川区","species":["樹種不明"],"count":null,"route":"10","alias":"","manager":"江戸川区"}},{"type":"Feature","geometry":{"type":"LineString","coordinates":[[139.884432,35.708482],[139.883788,35.711327]]},"properties":{"ward":"江戸川区","species":["樹種不明"],"count":null,"route":"10","alias":"","manager":"江戸川区"}},{"type":"Feature","geometry":{"type":"LineString","coordinates":[[139.884294,35.700696],[139.884228,35.701249]]},"properties":{"ward":"江戸川区","species":["樹種不明"],"count":null,"route":"10","alias":"","manager":"江戸川区"}},{"type":"Feature","geometry":{"type":"LineString","coordinates":[[139.884814,35.707846],[139.885136,35.707895]]},"properties":{"ward":"江戸川区","species":["樹種不明"],"count":null,"route":"11","alias":"","manager":"江戸川区"}},{"type":"Feature","geometry":{"type":"LineString","coordinates":[[139.885359,35.703361],[139.885407,35.70388],[139.884653,35.707492]]},"properties":{"ward":"江戸川区","species":["樹種不明"],"count":null,"route":"11","alias":"","manager":"江戸川区"}},{"type":"Feature","geometry":{"type":"LineString","coordinates":[[139.885024,35.696029],[139.88506,35.695674]]},"properties":{"ward":"江戸川区","species":["樹種不明"],"count":null,"route":"11","alias":"","manager":"江戸川区"}},{"type":"Feature","geometry":{"type":"LineString","coordinates":[[139.885216,35.693962],[139.885242,35.693623]]},"properties":{"ward":"江戸川区","species":["樹種不明"],"count":null,"route":"11","alias":"","manager":"江戸川区"}},{"type":"Feature","geometry":{"type":"LineString","coordinates":[[139.885735,35.701838],[139.885751,35.701729]]},"properties":{"ward":"江戸川区","species":["樹種不明"],"count":null,"route":"12","alias":"","manager":"江戸川区"}},{"type":"Feature","geometry":{"type":"LineString","coordinates":[[139.886521,35.697991],[139.886362,35.697844]]},"properties":{"ward":"江戸川区","species":["樹種不明"],"count":null,"route":"12","alias":"","manager":"江戸川区"}},{"type":"Feature","geometry":{"type":"LineString","coordinates":[[139.886292,35.698009],[139.886275,35.698128]]},"properties":{"ward":"江戸川区","species":["樹種不明"],"count":null,"route":"12","alias":"","manager":"江戸川区"}},{"type":"Feature","geometry":{"type":"LineString","coordinates":[[139.885314,35.69105],[139.885319,35.690523]]},"properties":{"ward":"江戸川区","species":["樹種不明"],"count":null,"route":"12","alias":"","manager":"江戸川区"}},{"type":"Feature","geometry":{"type":"LineString","coordinates":[[139.886537,35.695344],[139.88676,35.692471]]},"properties":{"ward":"江戸川区","species":["樹種不明"],"count":null,"route":"13","alias":"","manager":"江戸川区"}},{"type":"Feature","geometry":{"type":"LineString","coordinates":[[139.885273,35.690211],[139.885272,35.690177]]},"properties":{"ward":"江戸川区","species":["樹種不明"],"count":null,"route":"13","alias":"","manager":"江戸川区"}},{"type":"Feature","geometry":{"type":"LineString","coordinates":[[139.885282,35.689593],[139.885282,35.68953]]},"properties":{"ward":"江戸川区","species":["樹種不明"],"count":null,"route":"13","alias":"","manager":"江戸川区"}},{"type":"Feature","geometry":{"type":"LineString","coordinates":[[139.88525,35.688224],[139.88525,35.688181]]},"properties":{"ward":"江戸川区","species":["樹種不明"],"count":null,"route":"13","alias":"","manager":"江戸川区"}},{"type":"Feature","geometry":{"type":"LineString","coordinates":[[139.885426,35.687303],[139.885388,35.687682]]},"properties":{"ward":"江戸川区","species":["樹種不明"],"count":null,"route":"13","alias":"","manager":"江戸川区"}},{"type":"Feature","geometry":{"type":"LineString","coordinates":[[139.902154,35.709509],[139.902159,35.709443]]},"properties":{"ward":"江戸川区","species":["樹種不明"],"count":null,"route":"14","alias":"","manager":"江戸川区"}},{"type":"Feature","geometry":{"type":"LineString","coordinates":[[139.886789,35.692349],[139.88692,35.692304]]},"properties":{"ward":"江戸川区","species":["樹種不明"],"count":null,"route":"14","alias":"","manager":"江戸川区"}},{"type":"Feature","geometry":{"type":"LineString","coordinates":[[139.885138,35.68563],[139.885256,35.685727],[139.885239,35.685535]]},"properties":{"ward":"江戸川区","species":["樹種不明"],"count":null,"route":"14","alias":"","manager":"江戸川区"}},{"type":"Feature","geometry":{"type":"LineString","coordinates":[[139.884461,35.690552],[139.885248,35.690441],[139.885237,35.690251],[139.884448,35.690353]]},"properties":{"ward":"江戸川区","species":["樹種不明"],"count":null,"route":"15","alias":"","manager":"江戸川区"}},{"type":"Feature","geometry":{"type":"LineString","coordinates":[[139.88506,35.685325],[139.885331,35.685021]]},"properties":{"ward":"江戸川区","species":["樹種不明"],"count":null,"route":"15","alias":"","manager":"江戸川区"}},{"type":"Feature","geometry":{"type":"LineString","coordinates":[[139.886957,35.684557],[139.886947,35.685847]]},"properties":{"ward":"江戸川区","species":["樹種不明"],"count":null,"route":"17","alias":"","manager":"江戸川区"}},{"type":"Feature","geometry":{"type":"LineString","coordinates":[[139.886896,35.690127],[139.887666,35.690033]]},"properties":{"ward":"江戸川区","species":["樹種不明"],"count":null,"route":"19","alias":"","manager":"江戸川区"}},{"type":"Feature","geometry":{"type":"LineString","coordinates":[[139.886181,35.728329],[139.886634,35.728698]]},"properties":{"ward":"江戸川区","species":["樹種不明"],"count":null,"route":"19","alias":"","manager":"江戸川区"}},{"type":"Feature","geometry":{"type":"LineString","coordinates":[[139.879202,35.691924],[139.879297,35.691893]]},"properties":{"ward":"江戸川区","species":["樹種不明"],"count":null,"route":"28","alias":"","manager":"江戸川区"}},{"type":"Feature","geometry":{"type":"LineString","coordinates":[[139.877911,35.714137],[139.878122,35.714055]]},"properties":{"ward":"江戸川区","species":["樹種不明"],"count":null,"route":"29","alias":"","manager":"江戸川区"}},{"type":"Feature","geometry":{"type":"LineString","coordinates":[[139.871519,35.647548],[139.871697,35.647911]]},"properties":{"ward":"江戸川区","species":["樹種不明"],"count":null,"route":"31","alias":"","manager":"江戸川区"}},{"type":"Feature","geometry":{"type":"LineString","coordinates":[[139.889582,35.718987],[139.888983,35.721113],[139.888836,35.721465],[139.88838,35.722145],[139.887494,35.724224],[139.886457,35.727399]]},"properties":{"ward":"江戸川区","species":["樹種不明"],"count":null,"route":"32","alias":"","manager":"江戸川区"}},{"type":"Feature","geometry":{"type":"LineString","coordinates":[[139.87156,35.667817],[139.871672,35.667898],[139.871802,35.667869]]},"properties":{"ward":"江戸川区","species":["樹種不明"],"count":null,"route":"38","alias":"","manager":"江戸川区"}},{"type":"Feature","geometry":{"type":"LineString","coordinates":[[139.874146,35.712423],[139.8742,35.713514]]},"properties":{"ward":"江戸川区","species":["樹種不明"],"count":null,"route":"40","alias":"","manager":"江戸川区"}},{"type":"Feature","geometry":{"type":"LineString","coordinates":[[139.871576,35.712827],[139.872742,35.712253],[139.873028,35.712194],[139.875312,35.712508]]},"properties":{"ward":"江戸川区","species":["樹種不明"],"count":null,"route":"42","alias":"","manager":"江戸川区"}},{"type":"Feature","geometry":{"type":"LineString","coordinates":[[139.878507,35.6749],[139.88192,35.676468]]},"properties":{"ward":"江戸川区","species":["樹種不明"],"count":null,"route":"46","alias":"","manager":"江戸川区"}},{"type":"Feature","geometry":{"type":"LineString","coordinates":[[139.893991,35.688107],[139.896362,35.688922],[139.897981,35.689364]]},"properties":{"ward":"江戸川区","species":["樹種不明"],"count":null,"route":"49","alias":"","manager":"江戸川区"}},{"type":"Feature","geometry":{"type":"LineString","coordinates":[[139.862415,35.711042],[139.862075,35.712219],[139.862148,35.712563]]},"properties":{"ward":"江戸川区","species":["樹種不明"],"count":null,"route":"55","alias":"","manager":"江戸川区"}},{"type":"Feature","geometry":{"type":"LineString","coordinates":[[139.865863,35.704855],[139.864456,35.704915],[139.863616,35.70537],[139.863117,35.705774],[139.863013,35.706081],[139.86294,35.707066]]},"properties":{"ward":"江戸川区","species":["樹種不明"],"count":null,"route":"67","alias":"","manager":"江戸川区"}},{"type":"Feature","geometry":{"type":"LineString","coordinates":[[139.86465,35.704223],[139.86648,35.704232]]},"properties":{"ward":"江戸川区","species":["樹種不明"],"count":null,"route":"67","alias":"","manager":"江戸川区"}},{"type":"Feature","geometry":{"type":"LineString","coordinates":[[139.862377,35.703148],[139.863836,35.703269],[139.865033,35.703483]]},"properties":{"ward":"江戸川区","species":["樹種不明"],"count":null,"route":"69","alias":"","manager":"江戸川区"}},{"type":"Feature","geometry":{"type":"LineString","coordinates":[[139.882218,35.710893],[139.882342,35.71032]]},"properties":{"ward":"江戸川区","species":["樹種不明"],"count":null,"route":"8","alias":"","manager":"江戸川区"}},{"type":"Feature","geometry":{"type":"LineString","coordinates":[[139.897168,35.683623],[139.900342,35.683913]]},"properties":{"ward":"江戸川区","species":["樹種不明"],"count":44,"route":"35","alias":"","manager":"江戸川区"}},{"type":"Feature","geometry":{"type":"LineString","coordinates":[[139.9078,35.709086],[139.90805,35.708802],[139.908959,35.708303],[139.909827,35.707611],[139.911182,35.706862]]},"properties":{"ward":"江戸川区","species":["不明"],"count":24,"route":"50","alias":"","manager":"江戸川区"}},{"type":"Feature","geometry":{"type":"LineString","coordinates":[[139.849447,35.699202],[139.853065,35.700282]]},"properties":{"ward":"江戸川区","species":["プラタナス類"],"count":null,"route":"国道14号線","alias":"","manager":"国"}},{"type":"Feature","geometry":{"type":"LineString","coordinates":[[139.845592,35.698104],[139.84897,35.699104]]},"properties":{"ward":"江戸川区","species":["トウカエデ"],"count":null,"route":"国道14号線","alias":"","manager":"国"}},{"type":"Feature","geometry":{"type":"LineString","coordinates":[[139.845702,35.69797],[139.849039,35.698933]]},"properties":{"ward":"江戸川区","species":["プラタナス類"],"count":null,"route":"国道14号線","alias":"","manager":"国"}},{"type":"Feature","geometry":{"type":"LineString","coordinates":[[139.881672,35.702522],[139.884074,35.702407]]},"properties":{"ward":"江戸川区","species":["プラタナス類"],"count":null,"route":"国道14号線","alias":"","manager":"国"}},{"type":"Feature","geometry":{"type":"LineString","coordinates":[[139.885551,35.702253],[139.897128,35.701607],[139.898054,35.701626],[139.898699,35.70174],[139.908446,35.705135],[139.910663,35.70612],[139.911689,35.706806]]},"properties":{"ward":"江戸川区","species":["プラタナス類"],"count":null,"route":"国道14号線","alias":"","manager":"国"}},{"type":"Feature","geometry":{"type":"LineString","coordinates":[[139.875574,35.717465],[139.877439,35.719204]]},"properties":{"ward":"江戸川区","species":["ヤマボウシ"],"count":null,"route":"国道14号線","alias":"","manager":"国"}},{"type":"Feature","geometry":{"type":"LineString","coordinates":[[139.895106,35.735651],[139.896138,35.735337]]},"properties":{"ward":"江戸川区","species":["コブシ"],"count":null,"route":"国道14号線","alias":"","manager":"国"}},{"type":"Feature","geometry":{"type":"LineString","coordinates":[[139.850813,35.646567],[139.855918,35.646257],[139.857591,35.646028],[139.859283,35.645566],[139.871708,35.641053]]},"properties":{"ward":"江戸川区","species":["マテバシイ"],"count":null,"route":"国道357号線","alias":"","manager":"国"}}]}